111.76,127.88,144.25,158.49,173.46,191.00,203.77,224.66,235.76,245.97,256.83,265.17,270.65,272.42,274.12,274.17,274.85,273.00,273.12,272.84,275.00,279.18,280.70,283.56,280.44,281.11,267.91,256.55,246.34,236.09,226.50,215.38,197.31,187.95,176.31,163.36,151.17,138.62,127.02,115.52,105.55,95.01,87.66,81.50,79.63,82.61,83.93,85.21,87.13,89.63,89.82,87.42
74.55,86.35,97.31,109.14,121.08,132.52,143.67,162.01,171.84,178.01,187.22,193.66,195.73,197.12,198.01,196.24,198.76,198.28,200.25,200.83,204.08,208.37,213.19,214.90,212.90,211.25,201.80,202.77,207.10,201.79,195.39,187.96,173.97,165.25,155.32,144.46,132.54,122.61,108.47,97.14,86.16,77.79,72.01,73.16,73.78,78.59,80.81,80.50,82.30,81.88,82.61,78.64
113.60,133.96,148.19,163.60,181.47,198.40,212.25,233.60,244.81,254.28,266.03,273.65,279.80,282.03,280.08,281.40,284.96,283.49,285.49,283.80,286.37,291.05,294.28,298.43,296.25,297.90,285.21,270.41,260.22,251.23,238.89,227.19,208.43,198.98,184.95,171.51,157.61,145.21,133.09,120.67,109.42,99.05,90.93,85.15,82.61,87.69,91.92,94.09,97.05,97.08,99.62,97.16
119.95,138.31,153.33,170.34,186.08,204.53,217.57,240.62,252.05,260.72,276.20,281.51,286.27,289.03,290.52,289.17,291.55,291.71,294.05,293.33,296.90,302.42,306.07,308.59,307.33,309.55,298.81,285.18,276.24,266.58,252.84,242.33,223.22,211.77,196.41,183.15,169.32,156.98,144.92,129.25,117.00,106.68,96.80,90.76,88.87,95.71,98.18,99.86,104.24,104.12,106.67,103.37
121.06,140.12,154.99,172.35,189.26,205.94,220.17,242.85,254.64,265.80,276.22,284.40,291.60,293.03,294.98,295.63,296.45,296.51,296.40,295.84,300.22,305.19,309.71,312.92,312.08,312.86,300.47,289.50,278.51,266.65,255.99,244.99,222.65,213.08,198.08,184.02,169.18,154.74,141.80,128.16,115.42,104.40,94.37,88.87,86.27,91.27,95.80,98.48,101.83,102.79,106.00,101.02
116.42,134.32,149.48,166.38,181.95,198.73,212.73,236.17,246.48,258.30,268.43,275.91,282.58,284.82,286.84,286.64,289.35,287.14,288.09,286.01,290.41,294.69,296.38,299.82,298.72,296.59,283.10,271.07,260.10,248.97,236.66,225.06,203.39,192.38,180.35,166.81,151.32,137.74,124.58,112.27,102.45,91.98,83.49,78.00,76.58,83.15,86.93,89.14,93.02,94.64,96.30,92.20
116.78,135.15,151.40,168.07,185.28,202.77,217.45,240.87,251.68,263.14,276.00,282.96,290.87,292.75,294.59,294.24,296.71,295.75,296.16,293.72,296.56,300.47,303.39,305.25,301.39,301.40,285.46,272.26,261.77,248.46,237.00,224.66,204.12,192.60,178.19,164.54,149.31,136.24,123.66,112.54,100.44,89.81,81.50,77.16,75.69,80.78,84.81,88.89,92.20,93.52,94.07,93.05
121.04,140.00,155.68,172.05,187.77,206.48,220.08,243.50,255.50,265.22,276.74,285.30,292.20,293.72,295.24,295.47,294.36,293.33,292.66,289.28,292.24,295.70,297.13,298.30,296.23,295.02,281.13,268.15,259.28,247.31,237.26,226.43,206.98,196.79,183.85,171.73,156.28,142.64,130.67,118.60,106.30,96.83,86.76,81.54,78.64,82.42,84.17,86.98,89.69,91.40,92.89,89.27
120.92,140.12,155.86,170.65,188.16,208.89,219.32,239.80,252.40,263.23,274.93,280.41,285.00,287.84,287.79,286.47,293.14,291.73,293.45,292.45,293.82,298.88,303.21,305.28,307.09,306.22,295.75,281.26,273.66,265.83,252.04,240.35,222.75,212.90,200.90,188.40,174.64,157.61,150.57,136.13,123.04,112.36,100.85,92.76,88.53,91.01,94.15,95.48,98.90,98.13,100.66,98.31
120.80,141.43,156.59,172.70,189.10,206.70,219.80,242.51,255.88,265.05,278.92,285.03,291.27,294.02,292.68,291.17,297.57,293.87,295.47,291.80,294.16,296.00,298.28,299.92,299.82,299.16,285.27,271.20,262.37,253.03,241.67,232.02,213.01,202.39,188.86,172.26,159.03,146.49,135.15,122.61,109.90,99.02,88.65,83.49,81.06,84.39,86.02,86.58,90.74,90.70,93.56,89.29
117.34,135.82,150.89,166.82,183.70,201.11,214.48,236.12,247.20,258.10,269.20,277.00,282.46,285.41,284.57,286.27,287.11,285.33,285.66,284.02,286.17,290.45,293.06,296.58,295.20,292.85,280.32,268.16,257.86,246.21,234.35,223.99,203.48,192.52,180.60,166.17,151.56,138.22,125.87,114.49,102.18,92.28,84.60,78.11,76.49,80.99,85.15,87.57,90.79,92.70,94.70,91.01
117.15,135.35,151.16,167.59,183.52,200.60,214.14,235.67,248.29,257.64,269.53,276.51,282.09,284.08,284.53,286.80,288.14,285.77,286.68,284.14,286.44,290.22,294.54,296.79,294.11,295.15,282.48,268.63,257.50,247.63,235.05,224.29,204.13,193.58,181.00,166.03,152.41,139.23,127.12,114.54,103.28,93.13,84.12,78.59,77.08,81.00,85.44,87.97,90.82,92.91,94.37,91.02
117.15,135.59,150.63,167.36,183.97,200.56,214.80,236.30,247.35,258.51,269.36,276.92,282.04,285.27,284.43,285.95,286.93,285.79,285.95,284.18,286.85,291.11,294.61,296.62,294.86,294.21,280.83,268.80,257.61,246.89,235.54,224.12,204.17,193.61,179.63,167.16,151.64,139.12,127.01,114.79,103.59,93.38,85.23,79.12,77.47,81.74,85.48,87.21,91.42,93.02,94.15,91.22
120.83,139.99,157.05,173.53,190.42,208.28,221.85,247.92,259.02,269.92,282.61,290.00,296.08,298.43,300.47,300.41,301.06,301.01,301.94,299.93,303.03,309.04,312.78,315.98,314.87,314.84,300.57,288.18,277.68,264.77,253.07,239.75,219.48,207.28,193.31,177.40,161.94,146.93,133.00,118.53,105.55,94.81,86.05,81.39,80.08,87.42,91.92,96.63,99.04,101.41,101.98,100.00
121.08,140.06,156.01,174.06,189.02,207.88,223.99,248.27,258.50,269.68,282.12,290.26,295.81,298.81,300.65,300.08,301.71,301.21,301.37,299.20,304.13,309.14,312.16,315.37,312.86,314.40,300.08,288.38,276.33,263.45,252.40,240.10,218.00,205.20,191.09,175.39,159.81,145.96,130.92,117.61,105.31,93.54,85.15,80.60,79.93,86.37,91.30,94.40,98.49,98.84,101.83,97.62
113.05,130.18,144.56,161.31,175.87,192.34,205.30,225.87,236.78,247.41,257.41,264.51,270.90,271.97,274.04,274.61,275.63,274.42,274.02,272.46,274.05,277.91,280.08,282.48,281.19,280.61,268.23,256.72,246.55,237.08,225.06,213.53,195.58,185.95,172.79,159.67,145.41,133.36,120.84,109.84,97.95,87.46,80.62,74.63,72.95,78.10,80.78,83.74,85.80,87.05,88.89,86.21
118.21,137.74,152.86,170.30,186.60,204.04,217.85,240.65,251.98,262.73,273.08,280.47,286.22,288.67,289.38,289.84,290.34,289.29,289.35,286.02,289.46,293.06,295.05,297.12,297.31,295.70,282.45,270.29,259.93,248.97,237.93,227.04,208.83,198.39,186.02,172.35,158.38,145.01,131.55,120.33,107.90,97.72,89.82,84.31,82.46,85.48,89.20,91.68,94.37,96.25,97.64,94.89
118.87,137.64,152.12,168.44,186.14,201.10,215.86,238.89,250.19,260.45,270.68,278.17,284.26,286.76,287.22,286.39,287.18,286.62,285.22,282.19,284.93,289.56,292.85,293.78,292.91,292.01,279.40,266.91,257.47,247.07,235.72,225.36,206.42,197.12,184.71,171.86,158.62,145.03,132.23,119.97,108.56,97.62,89.84,83.63,82.73,86.45,89.45,91.71,94.18,96.77,98.01,93.47
76.54,86.82,95.34,107.49,117.92,128.19,136.34,148.79,157.08,163.75,171.45,176.98,179.29,178.84,179.01,179.33,181.00,181.40,181.11,181.33,188.83,192.84,196.16,200.25,202.87,205.20,206.07,204.50,204.25,197.34,188.69,179.81,164.79,158.45,148.27,138.31,126.66,116.52,106.30,97.32,86.56,77.88,71.39,67.54,67.45,70.01,72.67,74.33,76.92,80.43,82.10,79.88
122.19,140.13,156.63,173.95,188.81,210.09,221.18,243.18,257.01,266.18,278.60,285.35,290.50,294.59,293.46,294.15,295.85,293.22,296.81,297.55,298.61,304.28,305.56,310.64,307.82,311.85,300.95,281.78,273.18,263.77,251.77,237.54,220.84,208.29,193.68,180.28,165.31,152.04,141.36,128.00,115.94,102.70,94.05,87.97,87.21,93.01,96.38,98.99,101.39,101.00,105.48,101.86
119.54,138.29,153.57,170.33,186.95,203.30,217.37,240.96,251.61,263.14,272.53,279.52,286.30,288.11,288.47,288.57,288.03,287.45,287.77,285.48,288.21,291.78,294.64,296.44,295.47,295.02,281.79,270.47,261.29,249.72,238.30,228.25,209.54,200.03,187.26,174.75,160.85,147.34,134.24,123.33,110.48,100.26,89.50,83.22,80.06,81.34,84.10,86.37,87.36,89.20,90.55,87.69
122.02,141.44,158.22,175.79,193.22,212.21,223.62,246.08,258.03,267.93,279.18,285.21,291.27,295.94,291.08,293.47,297.25,298.20,294.76,293.48,292.20,298.97,298.94,300.70,298.38,301.88,289.28,273.05,265.65,254.06,242.70,231.76,211.52,203.23,189.18,176.78,161.20,148.66,136.88,122.77,111.61,98.39,90.00,83.02,79.48,83.38,85.05,86.65,89.27,91.24,92.35,89.81
122.70,141.48,156.46,174.13,191.03,207.87,222.64,245.58,255.28,267.02,277.33,284.69,290.83,291.38,292.88,292.25,293.78,291.92,291.33,289.83,290.34,294.81,297.94,299.87,298.44,298.80,285.57,272.84,264.01,252.46,241.35,230.65,212.60,202.62,189.59,176.57,161.98,149.62,136.34,122.72,110.54,98.84,90.25,83.24,79.92,82.46,84.63,86.82,89.63,90.61,93.19,90.43
120.04,139.13,153.39,171.03,187.18,205.72,217.81,238.42,252.01,260.02,272.24,278.47,283.05,284.06,285.35,283.93,288.44,285.67,287.34,285.25,285.57,289.84,292.61,292.80,292.45,293.50,280.85,267.45,258.44,248.52,238.14,228.22,209.90,200.82,188.53,175.73,163.88,150.08,139.39,126.32,114.63,103.59,94.70,86.93,84.72,85.21,87.09,88.28,90.38,91.22,92.20,89.05
121.33,140.03,154.74,172.63,189.08,207.12,221.69,245.20,255.67,266.00,277.62,286.90,292.03,294.88,295.45,296.61,297.41,295.85,296.14,296.08,298.41,305.20,309.30,312.31,312.17,311.36,297.72,285.24,274.87,263.65,250.84,239.47,218.06,208.66,194.09,181.02,165.39,152.12,138.19,124.92,112.64,101.59,92.66,88.28,85.43,90.80,94.26,97.08,99.72,101.77,103.00,99.54
120.93,141.43,155.35,172.25,190.42,208.54,222.71,245.69,255.07,267.25,277.24,286.51,290.30,292.14,292.64,292.48,296.02,296.22,296.23,292.04,295.45,303.00,304.61,309.18,307.02,309.69,298.43,283.54,275.70,264.46,251.81,241.25,220.84,209.38,195.49,181.02,166.36,152.55,139.47,125.87,113.95,101.86,91.71,87.24,84.02,89.50,93.30,96.33,99.30,100.12,102.20,99.85
122.12,140.86,156.26,172.94,191.40,210.06,224.18,245.09,256.22,267.40,277.41,286.27,291.61,293.98,294.74,294.49,298.06,295.48,296.73,295.66,298.08,304.01,305.22,309.94,308.27,310.19,298.56,285.41,275.80,264.76,252.87,241.01,219.91,208.86,194.88,180.83,164.30,152.00,138.50,125.17,111.20,99.46,90.80,86.28,83.24,88.60,91.97,94.94,99.01,101.77,102.53,99.62
121.51,140.29,158.03,173.57,191.32,207.97,222.87,247.78,259.59,270.17,281.86,290.39,297.04,297.20,299.92,300.17,301.94,302.27,302.55,300.99,305.20,310.94,314.40,319.21,318.31,318.90,304.27,291.27,280.85,266.01,254.57,242.07,218.56,206.64,191.89,177.80,161.64,146.12,131.93,119.40,107.00,95.00,85.88,80.52,78.11,85.09,89.14,93.48,97.45,99.46,100.45,98.23
121.20,139.92,157.00,172.24,190.67,207.63,222.83,246.01,258.54,270.13,281.06,289.69,295.42,296.28,298.50,299.84,301.01,301.16,301.09,300.02,304.90,310.00,314.03,318.06,317.83,318.20,303.84,291.03,280.23,266.92,253.86,241.59,218.94,207.06,192.92,177.99,161.47,147.49,132.26,118.93,105.57,94.85,85.62,80.32,78.59,84.31,90.02,92.61,96.43,98.08,100.28,97.65
74.40,84.90,93.64,102.34,113.16,123.55,132.40,147.18,155.04,160.61,168.62,172.25,175.68,176.38,178.88,176.40,176.11,175.65,175.90,175.07,178.76,183.70,187.22,190.78,191.95,193.05,191.91,192.77,194.83,190.28,178.04,171.90,154.83,148.52,137.71,127.19,117.27,105.80,96.42,86.83,76.55,68.88,62.77,58.46,58.14,61.20,63.60,65.00,66.75,68.25,70.23,68.45
120.80,140.43,156.03,173.33,190.22,207.65,221.73,246.29,257.10,268.89,279.21,287.56,293.55,296.40,297.74,297.70,297.27,296.73,297.23,295.12,297.64,302.25,305.47,308.30,307.47,306.54,291.91,281.30,269.67,258.50,247.92,234.64,214.67,205.36,191.94,176.23,162.11,148.11,132.44,119.85,106.53,95.05,85.96,80.28,78.57,83.05,86.33,89.64,92.44,94.73,96.51,93.49
69.63,81.15,93.15,103.48,114.63,125.87,136.89,147.80,154.99,162.66,167.04,175.73,178.66,180.27,179.01,177.69,177.72,175.82,179.01,178.37,182.65,184.20,188.86,191.65,195.32,194.61,202.89,201.10,209.15,201.56,190.10,180.38,162.81,153.91,142.68,131.85,122.79,110.68,99.46,88.41,78.52,69.86,63.25,59.20,59.36,60.61,64.20,65.25,65.30,69.58,73.79,71.20
120.10,139.72,156.21,174.00,190.16,209.67,221.35,244.79,255.00,264.70,277.63,285.51,288.90,292.32,290.04,287.51,293.03,292.33,291.34,290.66,292.18,294.98,296.94,301.36,298.52,301.03,289.03,272.87,266.05,255.29,243.02,234.62,215.15,203.57,190.37,176.20,160.80,147.31,136.95,121.40,107.67,96.90,88.54,81.01,78.00,82.76,84.10,85.38,89.99,92.09,91.26,89.05
80.06,91.21,102.49,115.17,125.21,141.17,151.33,166.24,175.65,186.72,192.15,199.25,202.60,203.00,204.38,203.97,204.94,203.21,205.64,207.76,211.70,219.86,220.97,222.41,225.02,224.52,216.51,211.73,209.02,204.83,196.79,188.17,173.40,167.03,157.16,145.77,134.00,122.11,110.92,99.82,86.84,77.88,72.99,72.73,73.79,79.43,82.04,82.04,84.58,84.91,87.05,84.88
116.11,133.60,147.87,162.26,179.54,197.72,210.00,234.29,246.10,254.70,267.17,273.41,277.28,281.01,280.04,278.92,281.78,280.86,286.84,284.01,284.49,290.34,293.64,296.62,295.90,297.06,285.11,272.71,264.43,254.37,243.40,233.11,214.44,203.58,188.22,173.74,161.48,146.39,138.00,122.07,109.29,98.31,89.31,83.17,79.81,83.68,86.83,89.07,93.26,96.46,97.74,94.54
114.98,133.66,148.01,162.26,182.63,198.83,210.61,233.67,246.06,253.16,265.11,274.30,277.52,279.47,279.51,279.81,286.36,282.58,289.29,286.51,289.11,293.96,299.63,304.91,301.30,306.20,293.62,278.93,271.22,262.64,250.20,239.13,217.52,206.94,193.07,177.19,163.25,149.27,138.66,121.76,109.20,99.01,87.73,81.61,79.03,84.01,86.41,89.87,91.71,93.34,97.13,91.84
107.54,127.66,140.87,155.32,173.01,189.00,203.33,223.90,233.06,242.17,252.52,260.42,264.34,268.00,265.23,267.59,271.89,272.15,272.52,273.27,275.41,280.47,282.96,286.45,284.79,287.96,279.89,264.37,257.11,247.24,234.39,223.47,205.65,195.06,183.02,165.52,152.55,139.18,127.22,114.21,102.63,90.03,82.20,73.82,74.06,77.37,80.40,82.35,86.31,87.71,87.30,85.15
116.81,134.09,149.12,165.52,182.58,198.00,212.66,236.32,246.60,257.53,267.46,275.27,280.48,283.03,285.38,284.92,287.50,285.90,287.14,286.24,290.77,297.97,302.32,307.00,306.44,306.23,294.46,283.29,274.53,263.21,252.11,239.02,219.53,209.69,195.15,182.21,166.51,152.12,138.22,125.40,112.27,100.32,90.61,84.01,80.50,83.82,86.21,88.14,91.22,93.62,95.02,91.55
119.60,139.82,153.53,171.98,187.88,205.80,220.29,242.10,256.32,263.82,276.63,283.70,290.06,290.00,291.67,289.56,294.34,293.85,295.79,293.84,298.41,302.42,307.33,310.82,311.13,312.67,301.86,287.06,276.99,266.59,255.88,242.74,223.16,211.05,198.74,182.04,168.51,153.77,140.51,126.38,113.17,101.32,91.92,85.16,83.45,88.05,92.05,93.81,97.65,100.69,101.08,98.09
117.00,134.63,149.77,166.43,182.28,199.30,213.85,234.96,246.98,256.12,268.26,275.94,282.45,283.03,283.10,284.48,284.92,284.63,284.99,283.21,286.53,290.87,294.73,297.95,296.62,296.00,282.86,272.68,262.84,251.45,240.69,229.67,208.83,198.81,186.12,172.17,157.47,142.90,130.08,117.48,105.08,94.15,85.44,78.26,76.55,80.50,84.72,88.65,91.42,93.72,95.86,92.01
118.23,135.94,152.05,168.24,183.70,201.30,215.37,237.26,249.48,258.52,269.78,278.11,284.01,284.63,285.56,286.19,286.67,284.40,286.70,285.03,286.69,290.74,295.41,297.81,297.58,296.56,283.75,272.80,262.05,252.16,242.17,229.84,210.77,200.00,186.01,173.22,157.95,145.25,131.31,119.04,106.44,94.24,86.27,79.06,76.01,80.28,84.38,86.33,90.51,93.04,95.34,91.76
117.44,135.52,151.24,167.84,183.90,200.25,216.30,238.07,249.39,261.08,270.71,278.63,284.45,286.57,287.21,286.27,288.28,285.95,288.17,284.76,287.09,291.11,294.39,295.27,293.49,294.49,281.09,269.62,259.39,248.77,237.45,227.69,209.75,197.52,183.98,170.99,155.67,142.67,129.65,117.00,103.39,92.27,81.54,76.16,73.79,76.97,81.34,83.93,86.05,88.64,91.24,87.92
112.36,131.49,146.66,161.83,178.19,195.53,208.93,232.61,242.16,252.56,265.24,271.88,277.01,279.87,280.59,281.33,283.07,282.00,282.64,283.52,288.36,293.87,298.19,301.71,301.90,301.77,290.76,278.95,268.93,256.69,246.11,233.81,213.38,202.59,190.51,175.87,161.40,147.05,133.79,122.02,109.44,97.99,89.14,83.63,81.27,85.49,89.87,91.79,95.52,96.03,97.53,94.85
120.42,139.04,153.71,170.66,187.84,205.29,219.54,243.32,253.87,264.55,276.51,284.12,289.40,292.34,292.85,292.66,294.14,293.97,293.97,294.02,296.73,304.53,308.23,312.42,311.75,313.05,300.68,289.46,279.97,268.48,256.33,244.38,223.44,213.03,200.48,185.98,170.39,156.42,142.77,129.80,116.28,104.68,95.75,89.02,87.66,92.57,96.90,99.01,103.17,105.00,106.04,102.08
115.73,133.54,148.12,164.40,181.20,198.98,212.53,235.51,246.92,256.84,267.78,275.41,281.26,282.62,284.12,284.54,285.95,285.39,287.18,284.72,288.12,293.83,298.67,300.91,301.40,301.22,288.14,276.37,267.09,255.34,244.03,231.37,211.92,200.68,185.66,173.00,158.15,143.28,130.14,117.07,105.15,93.21,83.53,76.84,75.29,80.23,83.22,86.02,89.05,90.61,92.36,90.74
122.02,141.01,157.54,173.66,190.43,209.17,225.01,249.10,260.29,271.06,282.33,291.53,296.92,299.25,300.39,300.82,301.62,301.32,302.30,301.47,305.29,311.24,315.65,317.94,316.86,317.04,305.10,291.45,282.19,269.15,257.56,244.64,223.89,211.00,197.03,182.73,167.22,151.91,138.00,123.85,111.02,98.79,87.30,81.99,79.10,83.60,87.56,89.94,93.81,96.26,98.84,94.83
120.65,139.86,155.98,172.10,189.64,208.02,223.39,247.14,258.23,270.38,280.81,288.76,295.67,297.17,298.94,298.28,298.56,299.36,299.30,298.11,302.89,307.07,312.53,314.07,314.58,314.53,301.00,289.50,279.87,268.17,255.55,243.58,221.20,210.54,197.43,182.79,167.19,151.29,138.03,124.62,110.72,98.49,89.10,82.30,79.20,83.02,88.02,91.22,93.41,95.08,97.49,94.64
78.00,90.60,100.17,110.86,121.76,133.03,144.84,155.00,163.42,171.82,178.27,185.60,189.79,190.19,187.02,189.66,188.30,187.88,187.13,187.32,189.68,194.16,199.02,202.79,203.16,208.15,214.15,209.77,214.58,203.02,193.78,184.02,167.94,159.78,150.27,140.43,128.51,116.71,104.80,95.13,84.29,75.13,67.03,62.18,61.35,61.40,63.66,65.92,68.43,68.88,72.99,70.71
114.87,134.89,149.57,166.37,182.46,200.39,213.59,237.40,250.46,259.39,271.59,279.41,284.42,286.00,285.69,287.34,289.01,288.11,290.04,286.94,290.99,295.84,299.55,302.33,301.17,301.65,288.63,274.93,264.77,254.04,243.31,231.32,211.37,199.58,187.22,172.70,159.01,143.68,132.23,119.00,107.35,96.25,86.83,80.00,77.10,80.41,83.02,85.96,88.62,88.96,91.01,89.32
120.83,138.85,154.69,172.07,188.16,206.31,220.06,243.19,253.03,264.34,275.50,281.89,287.09,288.52,290.83,290.20,292.66,291.87,292.25,291.25,295.88,301.50,306.11,309.50,309.56,310.27,298.50,287.43,278.61,267.31,255.71,244.52,226.92,217.08,204.79,192.21,179.11,164.94,153.39,141.03,127.95,116.42,104.89,95.89,90.27,88.28,90.80,92.80,94.34,96.10,98.48,95.19
78.24,90.20,98.60,113.27,125.40,136.57,147.50,168.51,177.10,184.36,192.04,197.57,201.44,200.45,203.15,202.70,204.56,206.01,209.50,209.46,216.18,218.87,225.82,229.00,230.93,229.31,218.72,212.47,214.24,207.87,200.52,194.28,180.24,170.70,161.99,149.08,137.20,125.87,115.52,103.35,90.14,80.62,73.98,72.80,73.35,79.10,80.06,82.57,83.65,84.58,85.62,82.80
116.62,134.62,149.91,167.17,183.47,200.52,215.29,237.12,249.38,258.77,269.94,278.31,284.41,285.27,287.34,287.45,288.56,289.08,288.90,288.85,293.82,298.11,302.31,306.44,304.82,305.16,294.09,281.40,271.27,259.62,248.39,236.39,215.82,204.84,190.87,177.16,163.22,148.76,134.50,121.61,109.11,97.01,88.06,81.12,79.10,83.41,87.80,89.94,92.96,95.69,97.67,94.37
78.45,92.28,102.18,113.46,126.06,140.00,153.06,169.65,178.91,183.81,197.40,199.01,206.31,205.80,207.17,207.63,207.39,210.16,209.66,211.02,214.28,216.45,222.91,225.02,223.29,223.71,222.18,225.94,229.56,223.03,217.48,208.09,193.30,185.22,171.97,160.33,144.84,132.32,119.05,105.12,92.18,78.24,68.12,65.49,67.62,71.28,73.74,75.69,74.52,75.11,74.89,72.73
116.78,136.82,151.25,166.21,184.39,202.18,216.57,237.99,249.70,258.92,269.12,276.70,282.39,284.51,285.77,285.50,288.00,287.00,286.22,286.80,288.02,294.33,297.97,301.88,300.37,302.06,290.14,275.84,266.91,257.11,246.06,234.20,216.45,206.52,192.42,181.66,165.89,152.53,139.60,127.76,114.76,102.08,92.78,85.71,82.29,82.71,84.72,85.96,89.02,90.52,90.55,88.68
113.07,131.69,146.49,160.42,179.18,195.97,208.49,232.86,244.44,253.03,265.04,274.20,277.25,281.15,278.96,279.08,284.53,283.73,288.78,285.48,287.02,292.86,297.38,299.21,299.19,301.25,286.92,274.00,264.32,254.80,245.17,231.16,210.00,199.22,185.00,169.52,157.27,142.04,132.57,117.90,105.36,95.08,85.62,81.01,76.92,80.62,84.15,87.85,89.00,90.62,94.76,92.11
120.62,140.26,155.26,172.14,190.10,208.12,222.27,246.72,258.31,270.19,280.64,289.14,295.38,298.72,297.55,298.75,301.76,301.00,302.95,302.95,305.29,312.92,314.03,319.51,318.53,319.48,305.90,292.31,281.32,268.72,255.88,243.02,221.89,208.66,193.71,180.19,165.13,151.95,138.22,123.22,110.68,99.30,89.94,84.29,80.28,86.01,90.25,93.35,98.09,100.00,100.09,98.31
118.60,137.44,152.43,170.58,186.04,204.47,220.10,243.07,254.56,266.60,278.62,285.59,291.98,293.45,296.57,295.22,297.04,297.20,297.43,298.06,301.39,308.27,314.09,315.93,314.84,317.12,303.36,291.60,279.35,266.65,254.20,241.27,219.28,208.00,193.19,179.07,164.12,149.94,137.27,122.05,109.48,98.51,89.90,83.19,80.53,86.93,91.22,94.34,98.05,101.13,101.24,99.33
115.31,133.52,148.30,163.00,180.94,198.46,211.49,235.13,249.10,255.99,268.78,275.63,280.47,283.92,280.63,282.58,288.92,287.80,292.47,292.10,295.67,301.79,308.04,310.23,309.52,314.61,303.43,289.11,280.79,270.39,258.61,245.10,224.75,212.44,197.28,182.26,168.24,152.43,141.87,125.72,111.99,101.98,92.02,86.47,84.81,92.20,95.86,99.04,101.77,103.02,106.51,102.83
118.96,137.93,152.64,168.07,185.95,203.21,217.04,242.21,252.97,263.45,275.78,283.87,287.78,290.50,290.34,290.37,293.78,293.83,295.17,295.49,300.68,305.94,309.47,315.35,315.46,317.49,304.25,291.76,282.43,270.25,259.06,246.40,225.08,212.02,199.12,183.48,169.00,154.05,139.83,126.75,113.57,101.24,91.55,86.02,85.56,91.44,95.34,99.64,102.94,104.55,106.17,103.09
118.19,138.10,154.35,170.07,189.16,206.89,220.82,244.59,257.40,266.63,278.00,286.46,293.14,294.07,294.25,294.74,297.98,297.83,298.22,299.04,302.55,308.91,313.08,317.37,315.06,317.97,304.45,291.22,281.46,269.36,257.29,243.48,222.61,210.77,195.13,179.69,165.92,150.70,137.31,122.49,110.48,97.86,89.05,82.15,81.63,87.93,93.09,95.63,99.90,102.96,104.92,101.00
120.07,139.43,155.24,173.42,190.77,209.02,222.80,246.81,260.58,271.01,282.96,289.38,297.83,299.30,298.57,299.22,301.81,301.05,302.40,300.96,305.69,310.06,313.00,315.91,314.25,316.36,302.74,288.25,278.65,265.45,254.29,240.61,220.82,208.93,195.23,178.68,164.47,150.01,134.26,120.92,107.45,95.41,86.58,80.43,77.78,83.60,88.51,91.22,93.90,96.65,97.84,95.82
116.82,136.06,152.19,168.24,184.01,201.20,216.06,239.43,250.59,260.76,271.47,279.29,284.36,287.01,286.71,287.24,288.56,287.24,286.54,284.84,287.64,291.48,293.14,296.22,295.66,294.37,281.32,270.03,259.79,248.34,237.69,225.85,205.88,196.09,182.88,169.46,154.28,141.29,127.53,114.69,101.87,92.28,81.15,76.03,74.06,77.78,80.11,83.15,86.98,88.24,90.05,87.69
114.95,135.18,148.19,164.30,181.50,200.35,214.25,236.32,246.60,256.63,268.58,275.62,281.40,281.66,281.40,282.21,285.20,283.77,286.80,286.79,288.21,293.03,296.38,299.13,300.12,300.42,288.46,277.05,267.81,255.38,245.37,234.80,214.71,203.53,188.90,175.45,161.38,147.41,134.47,120.75,107.56,97.19,86.76,80.05,77.62,80.08,83.60,86.45,90.80,91.44,92.40,89.31
114.95,133.65,148.86,163.23,182.48,199.60,214.95,235.85,249.72,257.26,269.55,276.63,282.43,284.30,282.06,282.99,288.43,286.75,288.77,287.74,290.64,296.23,297.95,300.71,300.04,301.73,289.36,273.39,266.60,255.22,243.29,231.68,211.99,202.32,189.53,174.77,161.55,149.03,137.88,122.15,110.69,99.16,90.09,84.85,80.78,84.53,85.56,87.66,92.07,93.56,93.54,90.69
78.10,89.87,101.00,113.64,124.34,135.09,146.40,159.62,168.58,176.40,185.81,190.88,195.66,197.49,199.12,196.76,198.40,196.33,199.62,198.91,202.24,207.02,212.85,214.08,215.00,216.60,209.95,205.41,213.93,207.63,202.80,193.69,179.91,171.47,160.64,148.50,137.54,125.00,113.46,102.24,90.69,80.06,73.25,70.41,71.28,76.90,77.39,79.16,79.65,81.04,82.28,78.23
119.36,137.35,152.43,169.25,186.60,203.11,217.81,241.20,252.52,261.08,272.81,282.79,285.57,288.27,286.50,286.92,290.08,291.25,293.23,292.96,296.01,303.59,307.63,313.25,312.41,315.23,305.09,291.56,283.29,272.11,261.22,250.28,229.09,217.62,203.00,188.47,174.03,159.62,147.26,132.37,117.80,105.08,94.24,88.12,85.70,89.05,91.81,96.26,98.95,100.84,102.58,100.00
113.95,131.95,147.76,164.28,180.60,198.13,211.85,235.00,246.68,256.75,267.93,275.68,281.03,283.11,283.18,283.59,286.54,284.30,286.09,286.10,291.20,294.80,298.79,301.70,301.52,303.22,290.02,276.74,267.42,255.97,243.82,232.74,213.00,201.76,186.01,173.93,157.70,144.50,130.14,116.82,104.58,94.18,84.48,78.29,75.95,79.92,83.36,86.88,90.70,92.91,94.92,92.20
106.96,125.26,139.09,155.24,171.23,188.18,200.41,222.05,233.00,242.39,252.38,260.17,265.93,267.01,269.26,269.53,270.93,269.67,271.02,269.54,274.15,277.48,281.64,285.04,284.09,285.24,273.21,260.66,252.20,240.40,230.20,219.11,198.25,189.01,175.32,162.86,149.19,134.73,121.71,109.62,97.13,86.98,78.19,71.17,70.09,74.25,78.10,80.65,83.55,86.33,88.05,84.69
113.88,133.41,148.68,163.78,180.23,198.31,211.38,235.73,246.46,258.05,268.67,276.35,281.66,282.93,283.62,282.99,287.03,285.70,286.77,286.57,290.63,296.08,299.21,302.67,300.55,301.26,290.88,278.23,268.82,256.12,247.30,234.01,213.57,202.05,187.58,173.37,159.77,144.84,132.00,117.39,104.69,94.05,83.57,77.67,74.00,78.01,81.49,85.21,88.96,91.93,92.36,89.68
114.48,133.06,149.37,165.61,181.34,200.72,213.43,235.36,248.96,257.50,269.47,278.37,283.75,285.39,285.41,285.41,288.06,287.54,288.67,287.62,290.51,297.80,298.28,302.02,299.20,303.83,289.91,276.42,266.49,255.16,243.66,231.11,210.54,201.43,187.00,173.95,158.78,145.99,132.20,120.11,107.54,95.34,85.87,80.00,77.62,80.96,83.45,85.49,88.28,91.48,93.01,90.74
116.93,134.53,150.88,168.34,184.09,202.20,215.42,239.03,252.06,261.63,273.75,280.56,287.21,288.52,289.39,291.45,292.56,292.96,293.99,295.21,300.26,307.35,313.40,316.43,317.28,318.64,307.55,294.29,285.87,272.26,261.46,248.70,228.09,216.54,201.21,188.04,171.33,155.79,141.88,127.82,114.69,102.08,93.05,86.83,84.12,88.54,93.72,96.25,99.98,101.64,104.04,100.17
115.21,134.83,149.09,164.98,182.22,202.15,215.23,237.20,248.57,258.07,270.25,278.11,282.07,284.36,283.59,282.93,288.67,287.92,292.07,292.57,296.35,303.60,307.70,308.77,311.10,314.57,306.54,291.49,281.60,272.81,259.37,248.41,227.69,217.83,201.56,185.61,171.05,158.04,144.84,129.00,115.75,104.24,94.92,88.84,87.24,94.24,97.19,101.53,103.39,105.62,108.58,105.55
113.65,130.38,142.97,159.35,176.01,195.82,208.69,229.72,243.45,250.80,264.71,269.14,275.54,277.35,274.40,277.91,283.10,279.01,284.07,285.79,290.20,294.16,299.68,303.15,302.15,306.62,297.75,282.86,271.06,263.94,251.02,239.03,220.74,207.42,194.28,178.34,164.45,149.48,136.42,122.92,109.46,97.74,87.21,80.23,77.41,80.81,83.22,86.00,90.25,89.94,91.68,90.20
116.21,133.60,148.01,164.20,181.24,200.66,210.54,234.08,249.23,257.80,269.80,276.32,281.06,282.29,281.77,281.97,284.75,285.80,288.12,289.56,290.90,296.95,300.93,302.91,302.08,305.92,296.38,277.98,271.59,261.61,250.86,235.10,218.36,207.24,191.76,175.39,161.38,147.08,135.37,122.12,108.02,94.18,83.36,76.94,74.55,77.80,79.40,83.15,86.82,89.14,91.68,88.20
118.87,136.53,152.69,170.07,187.93,207.47,219.31,242.54,255.99,264.89,276.88,284.54,289.28,291.57,287.78,290.88,293.16,292.92,294.28,295.68,298.56,302.03,305.95,307.71,310.50,310.10,302.49,283.77,279.55,268.80,258.10,246.52,227.77,217.79,202.18,188.90,173.67,160.10,147.80,131.32,119.36,104.89,95.52,86.98,84.48,89.55,93.05,95.52,98.41,100.18,102.59,99.93
117.09,134.35,153.40,168.94,185.69,204.46,218.01,240.85,254.79,263.69,275.54,284.52,288.47,292.01,287.90,289.79,294.39,294.25,296.20,295.94,301.52,306.87,309.76,312.24,314.99,318.45,309.68,291.81,283.48,273.66,260.99,250.06,230.84,218.93,204.20,188.43,172.90,159.53,147.01,133.42,118.43,106.74,95.75,87.46,86.02,89.07,92.96,95.86,99.18,101.13,103.25,99.37
113.64,131.53,148.93,164.03,182.56,200.20,213.21,236.10,248.36,258.79,270.15,277.35,281.51,284.19,283.20,283.11,290.72,290.27,292.14,289.85,294.80,299.14,304.16,305.47,305.64,307.85,297.70,281.46,272.41,263.96,250.32,235.98,218.15,205.45,192.82,176.80,161.74,147.30,135.53,121.31,107.38,94.64,85.16,78.49,75.59,81.02,83.01,85.70,89.69,90.14,92.89,90.44
114.77,133.09,147.87,164.15,180.88,199.94,211.77,235.00,246.03,255.41,266.84,272.62,278.09,280.63,276.38,278.00,284.20,282.79,279.47,282.21,287.43,289.25,290.37,296.64,293.08,296.37,287.11,271.02,264.94,253.84,243.31,234.80,217.70,203.98,192.42,177.60,165.06,154.04,140.25,126.02,114.13,102.36,91.39,83.87,79.31,82.01,83.86,86.98,89.74,91.02,92.96,91.79
79.65,89.87,104.48,116.76,119.82,129.03,146.12,162.37,160.08,169.50,175.73,182.00,186.08,186.78,184.11,181.74,186.25,182.10,183.36,189.28,196.12,197.61,202.68,204.20,204.08,206.71,212.61,208.93,206.87,204.12,192.00,186.27,170.59,160.98,149.64,136.78,130.60,118.13,108.19,100.45,87.92,76.32,72.09,68.62,66.07,65.00,68.01,68.41,72.11,72.72,76.03,74.67
115.00,132.38,149.24,163.23,182.07,200.86,213.57,237.07,249.90,257.50,271.66,279.06,281.66,283.71,282.18,285.20,290.08,290.95,294.94,296.45,301.85,309.82,313.45,318.82,320.38,321.91,313.08,297.04,289.36,278.22,265.71,253.00,233.06,222.00,206.53,191.23,178.62,161.77,150.34,136.53,121.67,109.00,98.05,90.52,86.88,89.63,91.53,92.89,97.16,98.11,101.67,98.49
116.38,135.37,149.28,163.27,183.60,202.77,216.28,236.19,248.78,258.41,271.83,279.22,282.33,280.43,280.62,281.02,287.54,286.23,290.15,288.65,294.97,301.84,303.82,307.72,308.47,310.85,303.26,288.29,281.20,270.15,259.09,248.91,231.14,218.40,204.20,191.97,176.82,163.64,151.01,137.54,123.07,111.07,98.88,93.11,87.98,89.69,91.93,93.11,97.05,97.50,99.70,97.50
116.25,134.85,150.80,165.05,185.15,203.53,214.85,237.19,248.01,258.44,270.60,279.61,280.82,281.46,280.67,281.97,289.80,287.57,288.92,289.08,294.46,300.38,302.97,308.13,306.44,311.09,302.30,288.32,280.15,271.12,261.01,248.00,230.87,221.01,207.45,192.43,178.34,164.68,151.75,137.59,124.33,112.27,100.13,92.66,88.29,88.73,93.06,94.64,96.77,98.72,101.53,98.13
114.06,133.66,145.38,161.25,181.18,197.12,209.69,232.14,242.92,251.29,263.60,269.86,274.26,275.77,273.56,273.15,280.81,278.26,282.39,280.53,288.21,292.83,297.32,303.19,300.31,305.90,295.71,282.29,273.74,267.85,255.55,245.65,229.09,217.02,206.65,191.09,179.40,166.90,155.29,140.29,128.02,117.10,104.10,95.27,89.47,87.46,87.42,86.88,87.56,89.40,91.92,90.35
107.86,124.17,138.41,151.38,169.43,186.30,196.16,218.52,229.99,236.89,247.31,254.01,258.80,259.12,258.79,259.61,260.92,262.76,265.93,268.38,272.24,277.80,278.62,284.37,283.24,288.50,281.30,266.18,259.39,250.33,242.39,231.66,215.24,203.22,191.31,179.18,167.93,156.20,146.29,133.24,120.77,109.57,98.41,91.22,85.88,83.10,83.01,82.76,85.70,84.29,88.12,85.60
115.10,131.31,145.58,160.08,178.22,195.82,206.65,228.12,240.52,247.46,258.31,263.19,268.83,269.62,268.48,268.27,273.88,275.11,279.73,275.14,281.74,289.66,294.82,297.41,297.00,301.20,292.68,277.71,272.53,263.50,253.95,241.75,226.82,217.22,204.01,189.86,179.98,165.89,154.77,141.41,128.41,116.62,104.79,96.77,90.80,86.98,88.06,87.62,91.30,92.54,93.96,92.10
117.24,135.62,151.49,168.19,185.28,203.86,215.13,239.27,252.99,260.11,272.71,277.91,282.39,284.79,281.85,282.14,284.14,283.21,284.54,287.34,291.53,298.10,299.71,302.80,302.64,306.65,297.44,282.18,274.41,266.73,257.19,244.17,231.62,219.91,205.18,193.21,180.55,169.45,156.52,141.72,130.08,116.73,105.65,96.46,91.39,89.50,87.57,90.35,94.18,95.46,96.19,93.92
110.72,125.22,138.60,152.95,168.86,187.48,198.91,218.56,231.95,237.97,248.42,254.67,257.33,259.19,258.92,256.76,260.31,260.46,262.82,264.92,270.71,274.64,279.04,281.16,282.04,284.78,277.89,265.00,258.03,251.44,243.02,232.95,220.66,209.46,198.46,185.80,174.04,161.00,150.63,138.59,127.44,116.39,104.39,92.11,87.09,80.72,80.11,78.52,81.84,82.46,82.87,77.23
111.62,130.00,143.00,157.78,174.43,193.31,206.12,224.96,237.12,245.08,253.31,263.23,265.15,267.07,267.20,265.91,268.66,268.97,269.07,270.12,274.64,279.03,282.93,284.56,284.41,287.43,279.12,263.15,258.24,249.26,238.76,230.00,215.52,206.16,194.36,182.20,168.76,158.22,147.51,136.12,124.74,111.09,100.69,92.01,84.17,81.34,80.61,81.34,81.30,82.86,84.40,83.19
121.12,141.51,160.12,173.11,188.16,202.06,217.46,234.96,245.12,257.33,267.56,273.36,274.00,272.07,270.42,267.62,261.09,256.82,250.01,235.91,224.02,213.88,202.02,191.98,175.86,159.76,122.04,108.17,89.89,78.60,70.94,60.90,49.09,41.59,36.77,30.23,24.21,19.85,18.60,21.40,24.21,24.60,25.96,25.00,21.84,17.00,17.46,21.10,22.67,25.06,28.16,27.46
107.94,124.91,138.71,153.24,171.29,188.05,198.67,219.48,231.01,239.40,249.34,258.26,258.09,258.15,260.02,258.09,262.39,261.28,262.38,263.10,266.48,273.00,274.59,278.74,279.30,282.19,273.41,259.31,255.16,245.81,239.35,229.17,213.38,203.20,193.87,182.85,170.07,158.83,149.80,138.20,126.04,115.66,105.08,96.15,90.38,85.23,81.84,83.43,85.16,86.95,86.83,83.68
121.61,139.46,156.28,171.30,192.15,208.39,222.81,244.93,257.70,265.11,275.18,282.24,284.32,284.07,283.83,282.35,284.52,284.81,282.39,284.34,283.48,287.93,287.01,290.64,290.02,292.04,279.02,267.19,261.08,250.44,244.25,234.39,221.18,210.77,199.82,188.90,178.94,168.19,159.88,144.84,135.53,123.26,113.28,105.08,99.36,92.66,91.48,92.20,94.15,92.23,92.96,91.53
121.04,140.63,156.40,172.41,189.76,206.65,220.24,243.03,256.78,262.86,274.02,282.96,285.01,288.65,285.48,286.69,285.43,286.34,285.81,286.47,286.51,292.00,292.49,294.45,293.86,293.78,284.36,270.42,264.02,255.64,246.92,236.92,223.38,213.22,204.16,190.42,180.77,167.76,158.82,147.00,136.19,126.12,113.72,105.36,98.01,91.18,91.29,91.42,92.27,91.24,92.46,89.50
120.28,137.83,155.82,171.09,188.81,207.47,219.53,243.10,255.50,263.30,276.13,280.86,284.58,285.61,287.69,283.59,286.22,284.54,286.43,285.39,284.89,294.55,295.60,296.35,294.92,297.54,287.26,269.90,264.24,257.19,247.17,238.88,225.09,215.80,206.81,194.02,183.81,174.26,161.72,152.19,141.91,130.18,117.96,109.08,102.96,96.25,93.24,91.76,93.43,93.04,91.24,88.02
110.15,127.13,142.51,155.35,173.48,190.78,200.02,221.14,234.69,241.32,250.58,257.75,262.20,262.38,261.63,260.54,261.02,260.54,263.04,260.84,264.92,271.46,271.74,272.64,273.54,276.18,267.01,254.56,248.29,238.19,232.05,222.95,208.73,199.62,189.17,178.31,169.50,158.90,150.66,138.83,127.88,118.80,107.56,99.40,93.68,88.53,88.64,87.01,89.16,89.11,91.18,86.21
109.79,125.16,140.62,153.70,172.05,189.19,200.81,222.14,233.45,240.69,254.77,257.19,263.65,266.92,262.59,261.52,266.58,264.61,267.86,266.13,269.88,275.18,280.07,280.30,281.51,281.60,272.75,258.06,251.02,242.72,232.78,222.25,205.36,196.35,186.21,173.48,161.14,152.74,142.41,131.40,121.33,109.66,101.40,95.02,87.09,84.29,85.73,85.60,87.46,88.65,87.48,85.70
114.06,132.14,145.77,161.15,178.94,194.37,207.46,228.35,240.45,248.65,257.39,265.20,270.56,271.97,268.49,268.02,270.15,268.36,270.42,269.62,271.94,276.93,277.95,281.37,277.42,278.43,269.22,254.53,248.23,237.89,229.53,220.33,207.47,198.66,186.27,175.05,164.71,152.11,143.27,133.06,122.33,113.32,102.49,94.87,90.27,83.19,84.10,83.93,85.63,85.70,87.37,84.22
112.04,129.50,145.17,160.26,176.14,191.72,204.20,226.06,239.08,245.25,258.12,263.03,266.85,267.28,264.12,265.05,267.76,263.91,269.30,268.56,272.37,275.00,276.60,278.60,280.01,279.60,270.63,255.08,247.34,241.96,231.61,221.95,209.48,200.32,189.62,178.16,167.86,159.01,151.01,139.09,127.39,118.51,106.53,101.04,94.05,90.35,88.05,85.91,87.46,86.59,88.65,85.43
113.89,132.02,146.41,160.51,176.62,192.17,205.55,223.47,235.93,243.98,254.48,261.27,265.32,265.71,264.37,262.88,263.54,264.46,263.59,261.71,264.00,268.49,272.26,272.96,271.19,273.59,263.11,252.26,243.82,235.85,227.50,219.02,203.96,197.49,186.69,176.32,166.41,155.08,144.81,135.37,123.17,113.03,103.83,96.46,91.48,86.13,85.99,84.60,87.09,87.86,88.84,85.80
118.51,138.00,152.63,167.59,184.17,203.58,214.44,235.58,248.65,256.89,263.87,272.15,277.35,277.52,276.15,274.91,275.09,274.76,276.70,274.73,276.88,282.69,284.84,284.09,286.00,287.64,277.58,264.25,255.78,246.76,239.42,230.29,218.01,210.04,196.96,186.82,176.82,167.59,156.52,143.84,134.73,124.02,114.02,104.81,98.41,95.96,94.34,93.90,96.46,95.67,96.61,93.00
109.66,127.35,142.52,156.54,172.49,190.12,201.16,221.20,233.94,242.17,252.00,257.07,261.12,262.10,259.56,261.19,261.43,262.43,262.49,263.55,264.85,270.35,272.02,273.91,273.86,273.79,265.96,251.77,245.07,236.43,230.03,220.10,207.77,200.45,187.42,178.88,167.00,156.68,148.07,136.12,124.72,115.55,105.00,98.49,92.28,88.12,88.41,87.32,88.07,89.20,90.35,89.02
112.81,131.21,144.53,157.11,176.08,194.47,204.59,223.90,235.67,244.36,254.91,258.85,265.22,266.22,263.64,262.53,265.58,264.00,267.28,265.36,266.60,273.94,275.09,277.25,276.13,276.13,267.71,253.84,246.87,239.72,230.33,221.94,207.06,199.42,187.04,175.64,165.80,155.86,146.29,133.00,124.34,114.83,105.55,96.01,92.20,88.24,86.01,88.39,91.22,89.89,91.09,86.31
121.66,139.92,156.16,173.22,190.32,207.47,220.00,241.21,255.16,263.83,273.13,279.52,281.89,285.57,283.27,282.64,283.78,281.64,282.19,280.27,281.33,284.02,285.59,288.01,284.10,284.81,274.31,259.05,250.60,241.01,232.26,221.17,206.19,197.34,189.01,176.40,166.21,157.04,148.33,137.30,126.75,117.62,108.46,102.18,97.64,95.29,95.44,95.35,98.67,97.00,97.69,93.26
113.23,134.54,149.28,163.45,175.60,187.86,200.20,211.29,217.82,223.99,231.35,235.31,231.28,226.90,222.01,217.33,210.49,204.35,196.66,186.97,169.92,163.92,154.56,144.59,130.86,116.40,88.46,75.47,61.68,51.20,43.01,34.23,24.60,18.60,14.21,10.00,8.06,13.04,17.03,20.62,23.26,24.84,25.24,24.17,23.35,25.32,30.08,32.45,31.89,32.70,33.00,32.89
134.33,153.31,168.43,185.22,202.81,217.01,227.80,244.20,252.46,260.68,267.06,268.47,271.27,265.20,262.27,256.55,254.00,249.36,247.78,245.94,250.52,259.95,265.23,271.71,275.14,279.40,274.15,262.25,255.86,246.10,236.28,224.57,212.85,208.48,201.42,195.21,188.85,184.70,178.14,172.31,163.11,154.03,146.44,137.90,129.54,118.66,113.32,108.25,104.75,101.60,98.48,92.96
134.20,154.24,171.71,184.98,204.36,220.19,232.55,251.29,258.57,266.06,273.76,272.12,273.54,270.20,265.00,258.19,256.32,251.37,250.91,249.58,259.62,266.09,276.13,279.55,288.65,294.95,295.61,280.87,277.32,268.37,257.73,248.48,231.31,227.13,220.23,209.15,200.41,192.17,186.45,174.18,161.94,154.25,140.89,131.23,122.53,115.25,110.07,106.33,102.58,101.04,99.74,95.00
125.67,145.99,161.52,178.87,194.13,210.62,224.16,242.00,249.39,257.40,264.60,267.32,268.96,266.01,261.63,257.39,254.04,251.43,251.78,252.60,264.22,275.53,284.54,294.87,300.57,307.47,305.74,298.16,290.82,281.58,272.07,259.02,243.21,234.96,224.24,214.54,204.20,194.09,183.66,173.77,162.26,150.57,138.09,128.32,121.10,111.46,106.93,104.04,101.60,100.09,100.12,94.73
117.38,135.77,150.28,166.68,180.76,195.60,207.69,225.38,233.21,239.38,246.22,250.12,249.97,247.25,243.50,238.72,237.50,235.77,236.70,237.51,250.17,261.45,272.66,282.58,290.12,296.06,296.74,290.04,283.48,274.97,264.78,253.66,237.41,229.82,219.80,210.04,199.20,188.92,178.34,167.94,156.40,144.09,132.44,123.20,115.97,108.23,106.78,103.95,103.81,102.42,102.08,96.38
118.56,134.83,149.93,165.08,183.50,198.60,210.83,230.55,239.02,245.33,253.51,257.56,256.85,253.80,248.56,245.52,247.76,244.90,249.44,248.48,260.85,274.71,287.12,295.66,304.65,313.86,312.66,305.59,301.52,289.36,279.16,266.38,248.90,237.03,227.88,213.93,202.18,190.85,180.65,166.29,152.76,138.28,128.97,116.52,111.52,107.63,107.28,107.00,106.96,109.38,111.07,105.59
116.76,133.27,149.72,164.58,183.90,198.54,211.19,230.95,241.51,245.18,253.94,258.50,255.84,251.29,246.98,243.82,244.10,243.21,244.26,245.54,258.95,270.22,284.54,291.87,299.72,308.16,309.10,299.84,294.24,284.99,274.31,262.80,245.34,233.86,224.16,213.38,199.42,187.88,176.39,164.16,150.85,138.00,125.16,116.50,108.46,105.02,104.69,104.65,104.36,104.81,107.62,100.50
119.50,138.09,156.02,171.86,191.02,206.70,218.55,239.83,247.21,254.24,263.10,267.48,267.62,265.19,259.98,256.32,256.28,255.34,258.99,254.12,265.84,279.08,292.87,297.85,305.05,315.32,312.57,303.67,297.84,291.24,280.08,264.70,245.81,237.24,226.61,216.45,200.59,189.40,179.60,166.01,151.33,140.53,126.63,116.78,109.48,107.90,106.47,106.04,106.78,105.69,108.17,103.35
120.07,138.68,155.86,172.45,189.53,206.24,219.44,239.68,250.05,257.45,264.43,265.59,268.29,267.43,261.43,259.12,256.46,255.99,257.12,256.83,266.32,280.34,290.99,298.49,306.95,314.07,313.44,303.00,299.80,288.43,278.55,264.61,247.16,235.64,223.22,214.60,202.63,189.64,180.61,164.68,151.72,140.46,126.53,116.47,110.02,107.06,105.80,104.20,107.12,105.31,106.08,102.46
107.87,125.67,142.41,155.16,176.31,191.00,206.48,231.14,242.54,249.11,255.55,262.46,263.60,262.49,255.99,251.44,252.41,249.61,252.39,253.10,263.01,270.42,278.74,284.02,292.53,302.42,306.42,297.42,293.21,288.20,283.85,275.76,261.04,252.30,241.81,229.63,216.34,204.24,194.86,179.52,167.29,150.00,134.46,116.48,101.13,86.38,82.46,82.33,81.44,84.05,85.44,84.17
109.22,128.44,145.80,160.70,177.87,193.79,207.24,229.84,241.15,251.54,261.55,267.09,269.24,270.95,270.56,265.82,266.19,263.05,263.15,264.62,268.96,275.52,281.02,286.01,291.53,296.14,295.72,286.88,284.48,276.49,271.49,260.10,244.73,237.69,226.82,219.86,208.63,202.81,199.36,189.47,181.00,170.34,160.26,151.21,144.20,136.97,134.71,134.35,132.50,132.23,131.24,125.77
137.64,156.16,172.71,189.50,204.92,218.11,232.16,244.24,247.49,252.01,255.03,257.50,251.80,244.46,237.45,229.40,221.00,213.18,201.56,185.37,159.11,144.01,129.07,112.16,92.35,71.12,49.24,51.26,63.32,75.29,83.63,94.20,106.07,113.86,117.55,121.61,128.41,132.03,135.45,138.08,138.80,135.15,129.71,124.46,122.19,112.70,111.22,108.81,104.00,105.34,103.48,96.18
131.18,152.01,169.00,184.44,201.16,215.03,228.79,244.50,248.22,253.94,258.52,260.40,254.24,248.65,243.31,235.99,225.14,217.81,207.85,196.12,169.00,153.64,137.59,118.85,97.51,80.08,53.82,53.08,64.66,77.88,87.48,94.87,110.37,117.18,118.93,123.76,131.59,136.50,138.92,136.62,138.40,136.85,132.06,125.90,121.79,115.55,110.89,107.08,102.49,101.98,101.27,95.75
118.21,135.42,151.86,164.98,179.43,194.92,206.83,224.72,231.93,240.71,246.98,249.80,253.14,254.03,250.06,250.11,247.81,245.96,242.32,240.67,237.86,238.47,241.70,242.64,245.46,250.86,250.74,241.65,242.62,235.99,229.34,221.65,210.04,203.38,196.70,194.65,189.40,188.16,190.92,187.54,187.11,180.85,176.41,168.69,165.76,158.15,151.09,146.24,141.33,134.63,128.14,121.25
119.55,135.93,151.00,165.60,179.00,195.58,209.15,225.80,235.77,241.32,247.73,252.37,254.62,253.31,253.74,250.88,249.01,247.52,246.13,243.21,240.16,242.99,245.29,245.08,248.24,252.11,250.68,246.33,243.90,238.30,229.43,221.78,209.75,202.94,198.12,192.90,190.25,190.71,190.85,188.22,186.97,183.20,176.71,170.16,167.33,156.85,152.07,147.20,140.04,135.18,127.95,120.42
130.42,150.62,166.24,178.84,193.83,210.95,219.91,238.21,248.94,256.43,262.61,268.70,271.49,269.87,269.54,266.37,265.56,265.38,259.89,258.79,255.55,258.94,261.14,259.82,266.32,270.53,271.31,265.75,265.58,259.62,254.24,243.74,232.59,226.42,220.49,217.14,211.62,208.78,210.58,204.01,205.53,199.22,193.26,185.98,174.87,162.27,150.48,142.59,134.03,127.12,120.70,110.80
127.77,143.85,156.22,172.41,187.42,201.64,209.61,226.02,234.35,239.74,247.72,253.00,257.03,253.01,253.34,252.61,249.00,247.80,243.59,241.36,237.90,242.22,244.86,245.15,252.55,259.28,262.00,258.12,261.73,255.36,253.34,244.10,233.42,230.99,222.04,218.82,214.34,209.69,210.64,203.96,205.02,192.92,187.10,175.33,166.68,146.76,136.62,126.66,117.83,109.59,101.08,92.91
113.30,132.19,146.24,160.43,175.86,187.77,199.48,210.34,216.11,219.54,222.07,222.80,216.67,209.09,201.94,196.01,186.60,182.10,173.46,158.67,139.72,126.48,114.95,100.12,80.71,67.78,40.52,37.64,45.69,56.75,61.13,71.57,82.62,89.05,94.58,100.24,109.14,118.51,123.56,128.08,129.00,129.10,128.32,123.07,117.24,107.19,100.90,93.98,85.01,79.70,75.00,69.12
108.71,122.20,134.54,146.87,159.66,171.47,182.73,198.00,208.14,214.60,223.29,227.71,229.42,231.23,231.97,231.69,230.95,231.62,232.56,233.00,242.17,252.20,259.63,269.15,277.43,287.59,295.08,293.48,291.44,287.08,280.85,273.08,258.82,253.44,243.99,237.03,227.56,221.05,214.67,206.65,198.83,186.13,171.99,157.70,143.68,119.02,107.38,96.40,88.65,85.21,83.02,79.40
102.65,115.45,124.33,136.06,148.00,162.11,174.05,195.11,205.34,213.15,223.76,233.12,236.16,237.97,242.25,243.25,245.20,250.05,253.31,256.33,272.39,284.80,297.04,307.77,318.20,328.27,332.37,327.83,322.46,312.64,301.81,288.56,265.63,254.89,239.11,224.83,210.24,197.91,183.13,170.43,156.11,138.95,122.11,105.54,89.94,64.88,57.31,53.08,52.04,55.23,60.21,62.97
108.41,122.12,132.54,146.41,159.26,172.41,186.39,206.62,217.14,226.42,239.28,246.59,252.35,254.06,256.11,256.76,258.07,260.02,262.09,264.17,271.03,280.13,286.92,294.03,302.77,307.09,305.57,296.29,292.75,282.38,272.15,259.08,240.01,228.66,216.89,206.01,193.31,182.70,173.22,162.93,150.71,136.62,122.20,106.02,90.61,67.68,59.03,54.33,55.22,57.69,63.15,64.54
106.40,119.04,128.41,138.23,149.90,161.64,173.10,193.66,204.96,216.52,229.34,237.54,244.29,247.00,247.04,247.52,248.01,250.83,252.63,255.77,268.29,279.80,289.11,298.61,302.88,308.42,307.33,301.08,296.01,289.00,281.30,273.78,261.24,256.29,245.66,237.88,226.55,216.08,205.24,194.40,181.71,168.40,151.27,135.77,120.62,96.21,87.32,81.32,78.71,76.94,78.10,76.61
107.35,119.71,127.74,139.32,150.08,161.94,174.19,193.49,206.05,217.59,229.58,238.43,244.27,247.27,248.20,248.49,250.17,251.07,252.81,255.84,269.42,280.03,289.80,298.03,305.10,310.55,310.37,304.11,299.06,291.45,285.19,276.70,264.59,257.85,248.01,239.71,228.90,219.01,207.46,197.02,183.73,169.62,154.02,138.65,123.32,98.09,88.60,82.64,78.60,76.55,77.67,77.47
106.30,119.57,128.32,140.03,150.88,162.87,174.03,194.55,206.12,217.75,230.34,239.83,245.05,247.25,248.41,249.72,249.84,251.43,252.56,257.38,270.56,279.87,290.08,300.37,304.81,310.87,310.44,304.53,300.65,292.29,285.63,276.98,265.00,257.90,249.47,238.87,228.74,217.95,209.47,196.82,185.07,170.58,153.69,138.00,122.69,98.23,89.81,82.64,78.60,77.39,77.47,75.71
110.46,124.46,134.16,144.93,157.00,169.32,180.75,202.25,213.74,225.08,239.08,247.32,253.29,256.22,256.32,257.19,257.31,256.81,261.63,262.38,275.39,285.28,295.66,303.21,308.64,314.97,313.73,306.75,301.73,295.30,287.34,279.96,267.53,261.70,252.16,243.13,231.87,221.81,211.24,201.02,187.75,173.57,156.54,141.80,126.61,101.97,92.14,84.60,80.06,78.55,79.01,76.56
110.07,122.33,132.38,142.39,154.21,166.21,175.82,198.31,210.05,220.00,233.73,241.30,247.24,249.48,251.59,250.57,252.58,254.06,255.62,258.12,270.19,281.46,290.68,298.61,304.73,311.78,311.64,304.47,300.83,293.33,287.08,279.87,267.85,261.00,252.68,243.82,232.42,222.65,211.95,200.45,188.10,174.24,158.05,142.09,127.56,102.96,93.23,85.59,81.02,79.76,78.03,77.10
103.58,115.92,125.78,135.79,145.99,156.60,167.24,187.83,198.76,208.63,219.67,227.61,235.05,236.13,237.97,238.12,239.47,239.27,243.34,244.93,256.78,267.23,275.31,284.93,289.62,295.81,296.02,290.42,286.22,279.69,273.26,266.48,255.76,250.08,241.17,232.24,221.65,212.62,202.12,192.90,179.77,166.48,151.85,136.68,122.61,99.64,90.21,82.86,78.85,75.95,76.55,73.25
110.54,123.00,132.67,142.71,154.95,165.60,176.32,198.13,209.46,221.82,232.65,242.39,248.08,249.33,251.10,249.93,252.98,253.40,255.04,257.78,270.48,283.49,291.05,301.88,307.00,313.17,313.05,306.94,303.43,296.14,288.20,281.18,269.61,263.53,254.24,245.96,234.80,225.75,214.85,204.06,190.78,176.98,160.22,145.03,131.32,105.42,96.05,89.10,83.63,81.22,79.71,77.08
109.88,122.19,131.95,143.56,153.56,165.42,176.03,197.23,209.03,219.94,231.55,240.35,247.19,247.63,248.97,249.19,250.74,251.72,253.16,256.44,268.32,279.89,288.23,296.43,302.79,310.06,308.64,302.11,297.53,290.76,285.00,276.21,265.07,259.33,250.83,242.37,232.47,222.20,212.00,201.40,188.22,175.65,159.33,143.69,129.07,104.92,95.63,87.56,83.22,80.71,79.25,77.20
110.02,122.33,131.82,141.68,153.26,165.53,174.87,194.83,207.40,218.92,229.51,239.76,245.55,246.60,246.95,248.05,247.63,248.81,252.98,255.24,266.51,277.14,285.46,296.74,299.87,307.63,306.62,300.22,294.76,287.86,282.70,275.26,263.93,257.77,250.55,240.44,230.34,220.80,211.55,200.10,186.59,174.45,157.89,142.04,128.16,104.85,94.40,87.71,83.02,81.49,78.87,76.97
109.17,122.20,132.20,142.20,153.22,164.00,175.65,195.98,207.24,219.15,229.84,238.87,245.25,247.32,248.46,247.82,248.57,249.15,250.05,252.18,265.19,275.87,284.55,294.90,299.15,306.37,306.47,299.16,295.08,288.78,282.23,273.83,262.43,256.84,248.81,239.64,231.09,220.29,209.75,199.61,186.87,173.67,157.20,141.99,127.28,103.23,94.34,87.32,82.86,81.50,81.60,78.49
110.02,122.35,131.73,141.48,152.64,163.60,174.89,195.06,206.02,218.50,229.39,237.22,243.24,244.91,246.81,244.97,246.49,246.43,249.10,250.12,263.21,274.26,282.25,292.80,298.48,304.21,304.70,297.90,294.11,287.90,281.54,274.55,263.76,258.38,249.37,240.88,231.94,221.88,211.02,201.10,188.56,174.16,158.42,142.71,128.57,105.31,96.05,89.19,86.28,84.02,83.82,82.30
72.72,77.52,84.29,90.14,99.98,111.22,123.31,144.47,157.44,169.05,180.83,189.48,191.86,195.58,195.44,192.85,193.20,193.85,195.97,195.69,205.83,212.93,218.83,229.92,232.09,238.72,244.13,234.62,230.89,225.89,220.82,215.52,206.46,205.65,200.21,192.77,186.59,177.91,171.59,162.74,155.62,142.89,130.65,120.28,107.69,81.34,69.34,71.84,74.33,76.28,78.10,76.06
107.84,120.97,128.80,139.98,150.33,161.37,172.35,191.64,203.06,213.48,226.04,234.48,240.83,241.21,241.87,242.04,242.53,241.70,245.69,249.34,254.77,268.56,277.00,283.82,292.92,299.98,301.52,291.49,292.64,286.17,279.89,274.07,264.17,256.45,249.38,239.40,230.00,222.04,213.90,202.20,189.11,175.14,161.55,142.95,129.38,105.02,97.50,91.39,87.01,84.76,85.70,83.67
108.71,119.54,131.31,141.44,150.27,162.43,175.41,194.36,206.62,215.60,229.62,237.62,243.24,244.59,244.98,245.22,248.65,246.91,249.62,252.99,261.52,271.80,279.52,284.20,293.22,296.42,296.28,286.23,284.96,280.06,273.62,266.79,257.53,250.46,245.08,232.55,223.95,215.33,205.36,196.23,185.56,172.47,157.17,143.21,127.80,105.39,97.00,87.66,84.17,80.60,79.61,75.17
108.24,120.92,131.55,139.47,150.21,162.31,173.98,191.95,203.82,215.24,227.34,234.17,239.71,242.39,242.13,241.17,242.69,239.52,245.70,249.34,258.44,269.13,275.77,282.49,291.25,294.06,297.20,285.52,284.93,279.38,273.81,267.53,257.19,249.35,246.34,236.26,225.56,218.84,210.01,196.82,187.11,174.39,159.66,144.97,129.77,109.00,99.16,92.42,86.98,84.29,80.11,77.79
99.92,114.21,121.25,127.81,140.25,150.05,160.03,178.92,187.61,196.89,209.31,216.00,221.49,222.28,220.60,220.10,224.88,223.89,225.28,228.32,236.58,246.76,253.82,262.88,269.30,273.89,273.79,266.32,265.01,260.78,254.70,249.37,240.29,232.43,227.32,218.79,208.25,202.24,195.06,185.33,174.27,161.45,149.21,135.15,119.42,98.35,92.66,85.62,81.39,77.37,75.07,74.00
116.52,129.25,139.30,148.95,159.45,172.19,181.73,199.48,210.66,221.82,233.57,242.79,244.93,247.12,246.98,245.66,246.43,245.82,247.86,252.61,261.84,272.57,279.08,287.17,291.78,296.15,296.95,288.55,288.53,285.38,278.92,274.89,267.87,264.00,257.16,251.13,239.45,233.63,225.74,216.90,205.92,191.84,177.03,161.64,147.80,124.79,114.59,104.45,97.67,92.42,88.01,83.65
115.88,129.50,138.71,148.66,158.53,171.13,180.01,201.26,211.27,221.05,231.74,240.75,245.61,245.49,245.02,243.56,244.97,244.03,246.46,248.94,258.79,269.79,277.36,284.96,290.99,295.74,296.14,286.71,286.25,280.86,277.20,272.92,266.91,262.77,255.31,250.44,239.88,233.21,224.19,215.06,203.07,189.68,175.32,161.20,147.05,124.49,112.93,104.17,96.17,91.55,87.66,83.00
108.69,122.43,132.00,141.42,150.96,161.99,172.80,190.18,197.19,212.06,221.74,227.98,232.77,233.98,234.55,233.42,234.39,234.45,238.35,241.90,250.58,264.37,269.25,276.59,284.30,292.86,294.78,283.35,285.72,282.45,278.96,272.12,265.45,258.13,251.45,241.51,234.14,225.42,217.56,207.86,196.38,182.53,166.87,152.90,139.28,116.50,108.12,98.88,94.40,89.29,87.30,85.15
109.17,122.38,131.37,142.41,151.92,161.62,172.01,189.64,199.28,211.21,221.78,229.39,232.57,235.72,234.47,234.76,235.48,234.56,239.37,244.35,254.67,266.18,273.19,282.71,288.34,295.37,299.15,287.71,289.08,286.09,280.23,274.40,267.56,259.02,254.97,244.64,237.08,226.18,219.45,211.99,197.47,184.81,168.59,156.54,139.56,118.33,108.78,99.93,96.33,91.30,85.48,83.17
111.29,124.06,132.54,141.99,152.96,163.52,173.23,192.72,203.30,211.62,224.08,229.94,234.93,236.22,235.33,233.81,234.70,236.92,238.32,242.13,255.14,263.71,272.83,279.82,284.87,291.77,293.29,285.77,285.04,279.83,274.57,270.07,263.64,257.95,252.48,244.07,235.30,225.80,218.08,209.48,196.37,184.09,169.73,154.78,141.43,119.21,110.14,100.28,94.59,89.59,87.37,83.36
115.10,128.69,138.16,147.98,159.52,171.03,180.01,200.96,210.77,222.02,232.56,237.55,243.66,244.63,243.02,244.05,244.50,246.43,246.87,252.61,260.57,272.24,279.38,287.20,295.80,301.76,302.45,290.02,294.92,287.70,285.01,281.15,275.07,268.92,261.93,252.24,243.82,234.95,228.82,217.01,204.30,190.79,175.90,163.36,147.46,122.38,114.07,104.81,99.64,94.15,92.66,86.98
110.92,123.79,134.83,144.10,156.12,169.17,178.39,197.31,208.02,220.11,229.87,238.21,242.57,244.44,242.89,242.39,243.04,243.25,243.98,249.42,259.53,269.94,275.86,283.14,287.45,294.42,293.62,286.43,287.17,281.44,277.25,271.63,267.90,262.82,256.52,248.92,240.19,231.66,225.50,215.19,203.67,190.52,174.83,160.85,147.61,122.48,113.22,105.62,97.62,93.94,89.09,85.23
108.58,122.93,133.63,141.88,156.00,167.24,175.37,196.16,204.79,217.56,227.67,235.05,237.89,241.11,241.12,239.02,242.32,242.01,243.81,246.76,255.77,267.12,273.44,280.43,286.63,292.14,293.02,285.72,285.16,282.88,276.01,270.90,267.90,261.66,256.03,247.52,237.02,230.08,223.68,216.67,202.30,187.95,175.82,160.31,145.46,121.66,112.09,104.40,96.88,92.57,89.87,84.60
113.65,127.28,136.62,145.78,156.25,168.44,177.20,196.23,206.09,216.39,228.53,235.48,239.47,240.69,239.89,239.10,238.66,238.03,240.87,242.71,254.94,264.94,274.75,281.60,287.14,292.97,295.79,293.25,292.14,288.21,285.20,280.08,275.54,273.30,268.02,260.11,251.32,242.60,233.62,225.67,213.01,199.85,182.89,168.16,153.48,129.44,119.42,110.94,105.26,101.53,96.42,93.06
107.17,118.47,130.55,138.10,148.38,158.38,167.66,186.46,196.79,207.70,219.46,226.10,227.97,232.24,227.48,228.37,231.09,231.28,233.62,239.15,249.02,260.09,269.07,276.13,283.74,289.08,293.82,284.92,284.69,280.96,277.91,274.80,269.52,263.30,257.86,248.86,238.65,230.67,223.62,214.96,201.70,188.18,170.75,159.03,143.12,121.33,111.65,104.02,99.85,93.54,91.09,85.91
104.71,118.23,126.59,137.75,146.22,156.60,166.93,185.33,194.80,204.16,214.98,222.97,226.00,228.12,223.77,228.40,228.81,230.79,233.63,241.07,252.66,263.04,271.02,280.86,288.44,297.41,302.95,291.66,294.04,289.39,285.22,279.30,274.26,267.23,259.92,251.11,240.90,233.04,224.56,214.97,202.68,188.27,172.03,157.21,143.18,118.51,108.24,101.02,95.04,90.25,88.24,83.67
106.89,119.08,128.76,136.88,146.76,158.00,166.51,186.02,194.62,203.71,215.46,222.93,227.27,228.95,227.80,228.62,230.00,231.42,234.20,238.27,253.80,264.05,275.36,283.85,290.03,298.40,301.44,295.85,295.47,290.50,285.55,279.52,271.54,267.16,261.37,254.24,244.18,234.65,225.75,216.53,203.38,189.71,174.18,158.09,144.73,119.50,110.15,100.46,94.34,90.35,87.62,82.23
104.69,118.02,125.63,134.61,145.42,156.46,165.59,183.41,194.00,204.25,214.22,221.92,224.89,227.22,226.55,225.32,227.13,227.06,230.01,231.46,243.23,251.75,260.11,267.17,273.76,278.22,280.89,276.28,275.12,271.74,269.45,264.64,260.99,258.19,253.36,247.13,237.93,230.33,221.64,213.47,202.36,188.43,172.54,159.25,145.38,121.08,110.79,103.82,95.34,91.59,89.20,83.43
105.54,118.70,129.08,137.91,149.20,160.22,169.54,189.64,199.54,209.47,221.69,231.76,232.95,234.93,232.94,233.40,235.85,236.71,237.64,244.66,253.31,263.43,270.19,279.73,284.58,290.99,294.11,282.08,287.18,282.00,277.99,272.09,265.00,260.49,258.31,247.19,239.18,228.47,222.65,214.65,202.47,186.82,171.73,157.54,142.39,117.55,107.87,98.35,91.24,87.24,83.05,80.23
103.59,117.71,127.48,134.13,147.56,156.35,166.43,183.71,193.93,204.47,215.06,223.44,224.62,226.74,227.32,227.20,231.29,231.04,234.40,236.28,244.17,256.32,264.11,271.53,275.48,281.11,281.44,274.93,281.44,271.86,272.53,263.46,256.80,253.15,253.57,244.81,235.69,224.90,218.76,212.42,199.46,186.94,172.26,159.10,144.50,118.98,108.23,100.60,92.36,88.62,85.00,80.06
111.02,123.00,132.44,142.01,153.22,164.44,173.97,193.10,203.87,214.54,225.73,233.36,238.92,240.60,241.60,239.84,241.60,242.27,245.69,248.97,263.21,274.59,282.68,291.80,297.43,305.14,307.32,300.57,301.92,294.82,290.99,285.28,277.63,273.65,269.13,259.90,249.28,241.53,232.76,223.57,211.01,197.77,181.54,166.40,150.95,125.36,114.98,105.48,99.64,94.58,91.44,86.58
103.97,116.28,123.00,134.06,144.37,155.47,163.45,183.60,191.42,204.25,215.00,222.46,227.65,228.48,229.84,227.86,229.60,231.51,235.10,243.40,251.29,263.80,272.53,280.18,288.84,295.45,301.01,287.85,292.16,285.95,279.73,274.31,266.40,261.09,255.77,246.60,237.50,229.08,223.28,211.90,200.00,186.90,170.42,158.11,140.80,117.88,108.75,98.62,94.09,89.56,82.80,80.45
109.12,121.26,130.65,140.60,149.75,161.82,170.91,191.64,201.41,211.97,222.64,231.25,236.22,238.40,238.76,238.82,239.73,242.04,244.50,247.52,259.83,269.26,277.99,284.43,288.65,296.00,293.54,287.90,288.85,282.47,279.15,275.31,269.56,266.38,262.64,255.13,245.70,239.83,231.25,223.02,209.88,196.82,181.47,167.36,152.32,126.89,115.88,104.81,97.74,92.27,86.93,82.73
103.87,116.00,125.54,136.82,146.09,156.71,169.00,186.56,196.79,206.71,220.10,228.24,232.00,233.48,230.99,231.14,235.31,235.16,238.65,244.18,254.28,264.19,275.05,280.88,289.84,295.97,298.01,286.83,292.39,286.45,281.85,278.26,271.82,270.54,265.36,254.50,245.23,237.23,228.95,221.45,210.04,193.26,178.23,163.86,148.49,122.65,113.46,104.08,97.12,91.68,86.35,83.38
104.24,117.35,124.62,134.18,144.84,155.67,165.85,184.02,193.69,204.22,215.34,223.67,228.00,230.79,229.72,229.69,231.86,231.46,234.03,238.27,249.70,258.69,268.31,275.05,280.24,287.34,289.39,283.27,282.60,278.55,275.33,271.67,266.42,261.74,259.86,252.52,243.31,233.38,226.28,218.50,206.30,193.13,179.25,163.92,148.95,124.02,114.28,104.32,96.90,91.39,86.05,82.64
104.81,117.07,125.13,135.19,144.94,156.72,167.17,187.11,197.02,207.88,220.00,227.54,233.15,234.30,235.08,235.85,237.97,238.37,243.52,245.45,259.37,269.46,280.41,289.61,294.57,299.95,304.06,298.74,297.41,292.75,289.08,282.62,276.52,274.15,266.81,258.94,251.34,242.80,233.73,222.62,211.77,198.60,182.04,166.96,151.71,125.40,114.76,104.62,96.21,90.45,87.48,82.49
93.81,103.62,108.34,115.00,121.64,128.02,127.05,119.85,126.29,131.73,138.22,149.64,163.05,176.98,177.79,181.46,186.70,188.43,193.26,193.83,200.58,207.86,213.04,215.68,218.82,222.25,224.18,221.69,223.65,222.65,222.18,220.08,221.11,219.66,215.03,213.81,205.23,200.82,195.39,187.54,179.29,169.04,156.52,144.31,133.69,112.61,81.50,63.91,62.23,66.76,79.20,76.56
91.81,101.04,107.91,113.18,119.07,122.19,120.21,116.30,119.20,125.90,134.06,148.77,157.61,172.99,177.41,182.48,186.51,186.78,189.18,189.61,199.69,203.95,209.29,212.00,211.18,212.12,217.48,218.33,220.77,217.35,216.83,215.80,211.91,213.93,211.40,205.77,197.57,192.03,185.54,181.96,171.03,163.37,151.35,139.95,128.43,108.91,92.76,61.66,58.26,61.68,69.29,73.16
91.93,96.34,102.16,114.02,117.96,121.43,114.56,118.34,118.85,125.78,133.18,148.76,161.97,169.50,174.90,182.73,189.24,188.56,188.73,191.23,202.97,207.40,210.44,215.13,216.52,216.95,216.19,213.38,216.01,214.53,212.01,213.22,208.09,209.47,206.71,201.56,194.81,190.78,184.40,177.18,169.50,161.38,149.16,138.41,127.19,107.91,92.42,58.31,55.15,55.95,70.77,71.69
93.90,104.20,108.24,115.28,122.89,125.67,126.00,122.61,125.94,134.20,142.86,156.21,165.17,174.67,184.89,194.64,199.53,199.38,202.48,207.19,214.70,219.28,224.20,229.27,228.95,230.83,229.65,228.01,231.72,230.84,230.38,227.56,230.87,227.55,225.89,218.44,213.36,206.40,199.06,190.63,180.87,170.34,157.46,144.69,131.40,109.17,96.08,60.96,58.05,55.95,72.50,73.35
89.11,106.23,110.17,116.76,126.25,124.33,119.20,122.07,128.69,126.61,132.00,163.03,179.40,189.56,194.83,198.12,199.32,199.44,202.43,203.79,212.94,219.13,223.99,226.06,226.88,229.00,229.99,228.95,231.20,232.03,233.11,230.78,230.63,231.25,224.90,219.18,213.59,205.08,197.65,191.44,180.43,170.95,157.99,145.77,133.30,108.67,98.67,61.03,57.01,58.82,67.91,70.72
74.06,93.91,108.71,117.39,122.00,111.40,109.27,118.33,121.92,122.77,129.10,144.59,162.79,177.61,181.22,185.60,186.04,190.02,191.02,193.35,198.93,205.76,209.70,212.53,216.67,217.68,221.38,220.87,221.53,220.62,220.84,218.51,217.41,216.19,211.97,207.94,202.05,195.23,188.99,182.86,175.16,165.08,154.08,142.17,130.19,110.54,99.37,64.26,60.21,59.23,62.39,65.19
91.40,101.32,106.45,109.04,116.73,118.60,117.52,121.15,123.37,130.83,139.79,150.08,165.59,180.10,184.04,188.74,193.21,195.32,199.90,200.14,209.02,216.93,220.48,228.02,226.74,226.38,228.55,227.18,230.26,228.98,228.56,229.26,227.26,227.08,222.52,216.95,210.00,201.52,195.44,189.52,180.00,169.59,155.76,143.59,130.70,107.65,90.92,62.48,60.44,59.20,71.22,72.17
105.85,119.02,126.82,136.85,147.26,158.91,169.30,188.31,197.77,209.38,220.20,228.32,233.34,234.94,235.44,233.89,236.60,236.21,238.82,240.75,252.39,261.63,269.47,274.43,280.03,285.16,285.48,281.71,280.40,276.01,272.86,268.90,264.55,264.68,257.95,253.40,244.20,237.76,230.18,221.05,210.24,196.94,183.10,167.51,153.81,128.23,115.74,105.02,97.51,92.70,87.66,82.39
92.01,101.71,106.93,112.45,120.10,121.20,124.10,118.81,121.49,124.19,133.21,147.26,150.92,165.80,171.49,170.95,178.68,181.14,181.22,178.19,191.04,195.13,201.34,205.00,205.97,211.12,211.94,209.17,210.30,207.06,207.48,206.20,206.53,206.31,201.94,200.09,195.69,190.12,181.59,178.47,171.49,163.78,149.25,139.29,127.66,110.72,73.43,69.18,64.20,63.57,79.16,74.33
90.80,102.04,106.68,112.00,118.34,119.57,122.00,117.00,120.22,122.48,131.05,145.96,149.11,164.45,169.73,169.17,176.48,179.94,179.48,177.80,189.76,194.25,200.24,204.07,205.88,209.98,210.02,209.67,208.81,206.01,206.62,205.43,204.63,204.01,201.76,199.88,194.83,189.79,181.57,176.39,171.17,162.05,147.87,138.71,127.48,110.34,71.40,67.54,62.65,62.29,79.20,74.55
97.19,107.20,112.25,118.51,125.00,125.90,130.00,121.85,123.69,125.16,132.00,147.27,150.55,169.71,174.45,176.26,185.44,189.76,191.48,188.25,198.70,204.36,210.88,214.09,215.87,219.91,219.83,221.21,220.82,216.60,217.08,214.67,216.33,215.62,211.02,209.16,203.93,197.96,189.52,185.54,177.79,168.80,155.08,144.42,132.38,114.63,69.63,65.38,59.55,60.17,81.30,74.73
95.34,104.92,109.29,113.00,120.22,125.54,127.00,124.04,128.27,130.65,139.45,149.45,162.64,175.39,185.37,189.16,192.72,193.49,196.85,198.22,205.29,214.11,218.15,221.58,221.82,224.18,223.27,223.86,224.64,222.89,222.71,219.42,218.33,218.96,215.98,211.60,204.09,201.08,195.00,187.97,179.14,170.11,155.66,146.16,134.26,114.74,96.10,62.00,57.80,60.42,75.69,76.49
90.44,99.04,103.71,107.67,112.73,122.89,124.58,112.81,116.25,122.12,141.01,147.26,159.89,172.63,179.07,182.73,186.82,188.86,190.98,193.04,201.44,206.79,207.20,212.27,215.04,215.54,218.12,215.24,215.87,215.02,214.39,212.62,213.66,209.31,207.06,202.65,194.49,189.76,186.13,179.11,169.68,161.51,150.63,138.92,128.16,106.04,90.79,57.57,54.49,55.79,65.74,68.95
88.81,98.33,101.64,106.21,112.79,121.56,122.79,114.11,115.45,122.35,141.03,147.67,159.85,170.99,178.40,180.83,186.02,187.32,190.41,191.44,200.72,206.39,207.88,212.12,215.13,216.06,216.00,213.04,213.56,213.02,214.60,212.58,213.49,209.31,207.79,201.40,195.36,189.36,185.31,178.34,170.07,161.06,150.65,138.06,128.44,106.89,90.80,56.85,54.20,56.01,65.22,68.15
87.98,98.88,106.02,112.16,118.51,124.79,129.03,120.55,121.20,124.82,133.69,148.22,159.66,163.05,178.85,182.89,187.22,192.51,189.17,191.71,201.02,207.16,210.79,211.56,216.32,217.69,216.38,216.21,219.69,215.96,216.02,216.71,213.82,211.97,212.00,205.37,199.61,194.03,189.53,183.20,174.29,164.40,153.16,142.17,131.10,109.60,98.08,59.64,55.80,58.42,68.60,70.88
87.46,98.99,106.40,112.00,117.55,125.57,128.76,120.60,120.07,123.71,131.21,146.76,158.80,162.48,177.63,182.00,185.71,189.59,188.68,191.56,199.92,205.80,206.77,208.72,213.49,213.12,211.65,213.06,215.04,214.01,212.48,212.95,211.24,210.38,209.51,202.25,196.95,192.63,188.25,181.96,172.96,164.14,154.03,142.03,131.19,110.60,100.66,59.54,56.36,57.98,69.35,70.94
90.55,101.08,106.51,114.49,120.10,123.66,123.17,116.76,120.42,127.39,133.66,146.17,161.25,172.03,185.24,190.59,194.31,195.02,199.83,201.10,210.35,216.17,220.74,222.25,224.41,226.42,227.90,227.53,227.42,227.27,228.12,224.96,226.04,224.51,219.91,216.63,208.46,201.10,195.18,189.84,179.77,170.58,156.16,144.63,131.90,109.40,95.80,63.03,57.49,56.30,58.60,66.03
89.64,100.58,104.55,112.43,118.41,120.62,121.38,115.00,118.53,125.42,132.74,144.22,159.86,170.26,181.73,188.81,191.38,190.88,195.93,197.01,206.79,213.02,217.35,219.33,221.11,223.78,225.68,225.00,225.30,223.91,225.46,220.54,221.78,220.07,215.84,213.04,203.97,195.97,191.11,186.27,175.76,166.58,152.07,140.12,127.68,105.31,92.78,61.85,58.14,55.95,58.14,64.54
99.02,109.62,113.84,125.51,130.23,133.15,133.65,126.53,129.55,130.17,138.23,159.53,164.58,175.87,185.10,198.60,200.08,204.09,208.40,208.06,216.45,224.08,229.71,235.41,235.38,235.16,233.63,232.56,234.02,236.17,237.55,237.61,233.50,234.83,232.33,225.22,218.00,214.15,205.41,199.62,189.62,177.23,163.37,150.53,139.18,115.11,81.99,64.38,61.85,69.64,80.41,80.78
97.80,108.90,113.03,124.74,129.63,132.38,133.00,125.26,128.08,128.04,135.77,154.99,161.19,172.49,182.99,196.21,199.11,203.77,205.78,205.91,214.89,222.19,229.16,232.31,234.18,232.44,231.35,231.16,232.02,233.67,234.35,234.92,230.90,233.86,230.22,224.08,217.45,211.34,203.93,197.57,187.28,175.69,162.10,149.34,137.28,114.11,78.45,60.83,61.22,69.58,79.08,79.81
89.90,98.62,104.08,110.06,116.50,116.56,122.97,124.78,118.51,125.87,136.36,137.90,156.20,167.07,178.34,181.89,184.40,185.70,188.48,190.43,195.92,201.12,204.55,207.23,210.54,209.88,212.58,213.60,213.69,212.25,212.23,210.64,211.62,209.47,203.53,201.11,194.81,188.29,183.48,178.06,171.07,158.47,148.56,137.93,127.31,106.62,99.04,61.61,54.13,56.86,69.18,70.43
92.66,101.65,108.21,112.81,117.63,125.61,125.80,125.80,123.84,131.04,138.60,148.22,159.30,180.02,186.95,193.60,198.57,197.77,200.25,202.07,209.54,216.67,222.77,227.86,227.85,227.73,227.44,227.17,228.21,228.47,230.38,228.18,225.34,225.14,219.25,213.93,210.11,204.16,196.16,188.40,181.47,168.81,156.08,142.71,129.42,106.78,93.61,58.55,56.60,57.27,61.00,69.46
90.44,102.36,107.56,109.88,112.79,115.52,118.31,122.54,128.84,140.25,152.43,161.32,177.54,183.66,187.38,191.21,195.49,195.41,197.70,196.16,207.15,212.68,218.28,221.85,221.65,223.08,223.76,223.83,224.96,223.97,224.34,221.46,219.66,220.48,214.44,209.95,204.02,198.96,190.60,184.30,176.18,165.74,152.20,139.79,127.88,105.91,94.54,63.51,61.01,61.85,68.68,69.35
93.98,105.38,112.00,115.04,116.00,121.85,125.21,142.00,136.96,139.52,146.01,156.03,163.88,183.53,189.91,195.92,201.81,201.70,202.12,201.85,210.30,217.68,218.59,222.43,222.58,225.08,226.53,226.29,229.46,227.88,228.12,228.21,227.32,223.66,221.65,215.02,206.71,202.79,196.31,189.62,178.34,170.14,155.42,143.18,130.31,108.27,97.02,65.86,62.10,56.75,60.81,67.60
93.49,104.20,110.11,112.68,114.28,120.51,124.19,138.80,135.15,138.97,145.09,154.74,163.05,181.18,188.22,192.21,198.08,197.44,197.95,198.36,206.12,213.56,216.31,220.62,220.43,222.62,222.97,222.65,225.50,224.12,224.06,223.65,224.04,221.07,217.83,212.12,204.42,199.18,193.13,185.24,177.00,166.11,153.12,141.16,127.10,105.76,95.89,66.89,63.07,57.71,60.54,67.48
88.62,98.08,104.56,107.56,113.30,117.43,120.77,120.60,126.29,131.76,144.80,155.93,164.92,170.66,175.15,180.62,187.10,187.46,190.07,191.43,199.91,206.53,212.14,217.04,218.48,220.51,219.80,216.63,218.77,216.69,219.80,217.71,216.40,216.39,210.74,207.25,200.74,193.66,187.21,182.79,172.20,162.73,150.92,139.62,126.25,105.95,75.50,64.51,62.23,65.73,74.69,73.54
94.64,104.35,110.39,114.14,120.10,124.89,127.00,128.22,132.85,138.60,152.55,163.29,172.00,179.41,183.88,189.95,196.47,195.78,199.15,202.03,210.22,217.56,222.04,228.67,228.79,233.00,231.95,230.53,231.91,228.72,232.42,231.40,226.91,229.27,224.12,217.79,212.27,205.55,199.12,193.04,183.37,172.79,158.81,147.51,133.66,111.40,77.28,65.60,64.88,68.88,79.51,77.10
89.81,102.11,109.60,109.04,117.88,123.11,121.84,115.41,121.40,124.20,130.51,143.40,154.16,164.60,177.53,178.90,184.27,191.13,192.26,191.26,200.64,202.31,208.00,209.40,209.50,211.15,211.48,210.38,214.15,213.60,213.33,211.63,210.30,210.24,206.52,201.94,194.80,190.88,183.98,178.54,171.49,162.08,150.27,138.41,127.82,107.91,96.05,59.08,55.95,55.58,68.62,73.16
103.97,116.73,125.13,135.09,145.78,157.70,168.12,188.00,198.41,208.49,219.18,228.30,234.57,235.10,235.42,236.28,237.69,237.21,240.56,242.90,254.14,262.49,269.08,275.70,279.79,283.34,282.97,279.18,276.05,272.22,269.76,265.16,258.96,256.97,251.15,245.69,238.40,230.00,222.50,214.46,202.28,191.44,176.05,162.69,148.22,121.25,111.73,101.02,92.44,86.09,82.01,76.92
103.59,115.43,124.42,133.70,144.28,155.87,167.43,186.10,196.90,208.06,218.49,227.25,231.40,233.19,235.14,233.57,236.21,235.80,238.60,240.79,251.79,259.41,268.20,274.34,278.04,282.84,282.04,275.96,275.28,271.15,267.44,263.41,257.75,256.20,250.20,245.20,235.54,229.51,220.68,213.62,202.20,190.28,175.73,160.52,147.51,122.04,110.48,99.86,92.70,86.21,81.91,76.06
104.74,116.36,125.16,136.00,146.11,157.69,169.07,187.95,199.28,208.83,221.14,228.53,233.69,235.60,236.84,236.97,237.17,239.00,241.42,243.02,254.95,263.93,270.41,276.80,280.47,285.38,285.41,280.04,280.03,274.24,271.04,266.99,262.09,259.51,254.33,248.28,239.83,233.00,224.27,216.15,205.65,193.44,177.86,164.56,149.21,123.11,111.83,101.98,93.47,87.11,83.19,77.16
103.45,115.52,125.14,134.77,145.99,157.29,168.60,187.88,199.16,211.30,223.13,229.90,235.05,237.51,239.10,240.26,241.25,242.20,245.90,247.97,260.43,269.68,278.33,284.12,289.46,292.72,294.00,289.35,287.17,282.18,277.03,271.67,265.22,262.26,255.20,247.07,239.28,231.87,223.18,213.38,203.09,190.07,175.24,160.38,148.07,122.54,110.79,100.18,93.06,86.45,81.84,76.24
106.04,117.69,128.55,139.52,150.21,163.09,173.92,194.65,205.88,217.80,228.62,236.78,241.62,244.17,245.60,245.69,247.16,248.94,249.62,253.16,262.95,272.61,279.09,285.30,288.51,293.16,292.06,286.43,285.83,281.04,276.59,271.67,265.85,262.41,257.67,251.80,242.16,235.36,227.61,218.44,207.28,195.58,179.69,166.05,152.80,127.35,116.83,105.04,96.69,88.57,85.91,79.08
105.11,117.04,126.92,138.06,148.49,160.31,171.59,191.39,202.78,213.49,224.02,233.50,237.76,240.07,241.54,241.62,243.00,245.02,247.42,249.51,260.87,270.93,276.94,283.64,287.63,292.02,291.44,286.82,285.03,280.86,276.09,271.60,267.02,264.09,257.84,251.45,242.33,236.10,228.12,219.46,208.39,196.46,179.85,166.69,152.30,128.88,116.62,105.31,96.75,90.47,84.88,78.89
104.14,116.30,124.19,135.30,146.58,157.18,168.80,188.66,200.47,211.48,223.57,231.70,237.47,240.84,240.84,241.30,243.45,246.13,250.43,252.94,267.37,277.22,284.93,294.11,297.09,303.64,304.40,299.04,296.35,290.77,285.95,280.49,273.02,270.07,261.72,255.07,245.66,237.43,228.46,220.20,207.80,194.59,179.96,164.51,150.28,124.95,113.25,103.73,94.89,89.36,84.17,79.25
101.95,114.04,123.08,132.02,142.52,154.30,164.00,185.44,196.21,207.17,218.63,226.07,232.59,236.60,236.24,238.05,239.97,241.05,244.73,249.65,263.43,272.68,282.04,289.67,294.02,301.01,303.01,292.51,293.82,288.44,282.55,276.05,269.56,265.71,258.52,249.07,239.77,232.40,224.88,214.04,203.92,190.22,174.64,160.03,146.18,119.71,110.02,99.82,92.78,86.88,82.00,77.01
91.42,104.48,111.02,118.11,122.92,130.50,128.84,114.04,121.00,124.06,142.21,156.95,178.49,185.42,191.02,195.37,197.59,199.62,203.30,204.71,211.42,217.33,223.45,229.80,231.62,232.77,233.21,233.56,235.72,235.02,234.76,232.36,229.32,227.69,224.27,217.71,210.74,204.09,196.64,192.09,180.09,170.07,155.03,142.84,129.84,105.80,82.46,60.21,62.94,71.81,77.52,73.25
92.85,104.14,104.06,107.49,114.56,120.24,119.25,124.04,124.17,130.75,142.24,147.90,162.79,180.28,192.09,193.89,195.72,196.31,196.96,196.06,207.13,214.84,217.14,225.18,222.34,227.56,227.11,225.80,228.63,230.82,229.61,228.37,227.31,226.51,221.33,214.98,209.29,201.46,195.09,187.30,178.31,167.90,154.47,139.52,127.77,104.55,94.85,63.79,60.80,60.17,64.29,70.71
104.92,116.40,124.10,134.54,144.20,156.17,165.50,183.85,194.61,206.17,216.67,225.01,230.14,232.21,232.43,231.66,233.26,233.86,235.65,240.05,250.50,260.05,268.32,273.88,279.69,286.67,288.78,279.89,281.51,277.48,274.73,271.02,264.71,264.91,257.60,249.61,243.35,236.60,228.04,219.97,208.94,194.18,181.69,165.15,152.20,126.57,115.49,106.12,98.49,92.59,88.39,83.19
105.85,117.05,125.32,134.71,146.17,159.01,168.60,189.71,198.71,210.00,220.66,230.67,235.97,238.40,239.01,239.07,239.06,242.50,245.60,250.95,260.32,272.24,278.12,287.70,294.46,300.54,301.28,291.81,292.93,287.54,283.59,278.58,270.39,270.42,261.63,254.95,246.63,239.64,231.37,219.49,209.86,196.37,181.07,165.60,150.42,123.76,113.25,103.23,95.19,88.06,82.01,78.16
106.89,120.04,129.29,137.77,149.16,162.37,172.04,193.15,203.67,214.31,227.26,233.54,239.73,241.66,243.00,243.30,244.25,247.00,248.82,253.90,266.00,274.93,282.63,290.63,294.11,301.09,302.30,296.38,296.20,291.81,288.52,282.64,278.86,275.77,272.47,264.17,255.13,247.35,238.95,230.20,218.83,205.41,190.16,174.77,159.67,133.82,120.77,109.18,100.45,93.41,87.20,81.27
89.19,97.05,102.58,106.53,109.77,113.05,115.42,124.31,135.59,145.34,159.70,172.74,182.00,186.94,195.21,198.21,199.90,198.18,198.41,201.81,212.00,220.04,224.83,230.52,232.48,237.06,233.32,234.87,236.89,234.55,235.37,233.42,232.40,230.83,225.58,220.37,212.66,205.01,196.54,188.49,179.51,166.88,153.59,140.80,128.22,103.77,91.24,71.69,68.12,64.33,68.54,71.59
104.68,118.21,126.30,137.08,145.61,157.81,168.37,188.49,197.99,209.61,221.08,227.98,234.44,236.21,236.13,235.16,237.02,238.61,239.87,245.82,254.56,264.05,272.08,280.32,284.18,290.33,290.59,287.14,286.18,281.94,279.59,276.32,271.31,268.90,263.23,258.70,249.84,242.69,234.72,225.89,214.71,201.68,185.22,170.59,156.42,130.10,119.10,107.91,100.24,94.01,88.54,83.10
103.45,116.28,127.48,135.37,145.78,157.88,168.24,189.02,199.36,209.77,218.94,231.86,235.85,235.36,236.58,238.14,239.12,239.42,245.20,247.69,258.24,269.74,276.15,282.93,291.02,295.10,295.47,286.93,289.39,283.81,279.56,272.39,267.28,265.66,261.02,251.38,242.51,235.64,229.71,215.75,208.08,192.08,178.20,164.84,150.15,121.81,110.49,103.00,93.48,86.31,83.49,77.62
105.48,116.90,125.54,135.91,147.63,158.80,168.93,188.88,201.21,212.34,222.65,232.65,236.60,238.38,237.43,239.84,241.48,242.12,247.00,249.91,261.18,272.62,280.14,288.23,292.86,296.95,299.07,291.60,292.68,286.74,282.21,278.00,273.13,271.50,265.82,258.21,249.69,240.83,234.26,224.32,212.53,200.94,184.26,169.67,156.72,130.10,118.34,107.38,98.33,90.25,85.70,79.65
103.94,116.90,125.78,134.26,142.87,156.46,165.34,185.27,195.72,205.73,217.86,225.02,229.97,232.00,233.32,232.72,233.56,235.21,236.21,240.28,252.46,262.10,270.30,277.84,282.45,288.38,291.45,286.09,284.99,282.40,278.57,275.96,270.05,269.15,261.95,255.67,247.40,240.93,230.31,223.02,211.10,198.65,183.71,167.84,153.12,127.44,116.62,106.21,98.41,92.35,88.89,82.88
103.85,115.35,123.86,133.41,143.68,155.64,165.66,185.54,195.73,206.52,218.26,227.11,230.96,233.99,233.43,235.21,235.31,237.69,241.25,244.92,258.12,268.29,276.28,285.30,291.34,295.41,297.57,290.01,289.69,285.63,280.86,275.19,270.75,268.93,262.15,254.91,246.81,239.52,231.31,221.84,209.88,196.94,181.01,165.59,151.80,125.78,114.62,104.08,95.52,89.83,84.69,80.02
105.00,116.73,126.00,136.33,146.49,159.10,168.80,188.06,199.36,209.54,221.36,229.87,236.54,236.14,238.21,239.01,239.64,240.68,243.21,246.08,257.98,268.49,276.29,283.45,287.15,292.25,292.01,287.04,285.28,282.06,277.85,272.25,266.87,264.58,259.01,253.84,243.92,235.82,227.47,217.80,207.10,195.26,179.00,163.71,149.83,123.43,111.97,100.72,92.72,87.32,82.07,77.52
104.06,116.04,122.71,131.47,142.84,155.72,164.47,183.00,192.39,204.61,215.54,226.11,230.22,230.18,229.44,228.58,232.74,233.05,238.16,243.19,251.85,263.69,270.65,278.00,286.15,289.79,293.75,283.82,287.29,285.46,280.03,275.41,270.22,268.38,263.64,256.32,244.97,236.69,231.50,222.19,210.64,197.34,181.66,166.82,152.55,126.15,115.32,106.10,98.02,91.08,86.37,81.94
103.41,115.60,125.40,136.40,145.56,157.03,167.60,187.77,197.80,207.96,220.04,228.36,232.42,234.83,235.79,235.59,236.69,236.54,238.83,241.30,252.74,261.19,269.12,276.00,278.47,283.59,283.77,278.79,275.81,272.12,269.12,265.71,261.91,259.76,254.24,249.21,240.47,233.59,225.94,217.35,205.80,193.04,178.84,164.10,149.41,125.23,114.27,102.83,95.26,87.69,82.97,77.47
104.31,116.04,123.86,133.84,144.68,156.24,166.09,186.70,197.80,208.87,220.66,228.99,233.86,236.04,237.60,237.43,238.89,240.42,244.36,248.24,260.44,271.15,280.17,288.19,292.77,297.44,299.54,293.31,291.62,286.00,281.22,278.02,271.09,268.60,263.43,256.05,248.65,239.95,231.40,222.95,211.06,197.59,182.04,167.26,152.95,126.91,115.43,103.12,94.81,89.10,83.77,79.03
104.69,113.74,125.28,133.84,145.17,156.52,166.98,187.28,197.99,209.70,221.72,230.24,235.00,236.14,237.95,237.78,239.89,241.42,244.64,249.20,262.61,272.59,280.86,288.46,293.21,299.26,299.72,295.49,293.29,290.32,286.60,281.58,274.80,274.01,267.06,259.38,251.75,244.02,234.54,226.00,213.84,200.77,185.40,170.02,155.59,127.58,115.95,105.08,96.03,90.14,84.08,77.34
106.51,117.83,126.85,137.20,148.17,159.67,171.74,191.27,202.25,213.66,224.45,233.14,239.53,241.47,241.31,242.67,243.31,244.08,247.16,250.22,263.21,273.39,282.86,291.55,294.09,301.01,301.16,294.43,294.29,291.81,285.67,281.47,275.81,274.35,267.27,260.60,252.41,244.02,236.22,228.00,215.03,201.81,186.68,171.49,156.16,128.55,117.35,105.95,97.01,91.02,85.62,80.62
105.02,116.39,126.57,135.15,146.40,158.82,167.63,188.00,198.86,210.09,221.23,228.13,234.57,236.59,237.32,236.76,238.92,237.61,241.60,243.25,254.65,264.66,271.03,277.50,280.56,288.03,287.63,281.23,280.40,277.40,273.27,268.79,266.06,264.02,258.92,253.31,246.11,237.67,229.68,222.23,211.90,199.02,184.84,169.81,155.01,129.40,118.44,108.00,99.25,92.11,87.05,81.71
105.31,116.62,125.60,135.19,146.29,156.63,166.83,185.66,196.47,207.07,218.55,225.50,231.25,231.53,233.42,231.95,234.42,234.29,237.54,239.83,252.45,262.15,270.07,276.37,280.23,285.41,286.85,281.95,279.31,276.70,274.02,268.31,266.31,264.46,261.96,255.83,247.99,242.24,235.31,226.77,215.75,203.96,188.16,173.49,159.11,133.00,121.82,109.42,101.02,91.21,86.65,80.10
103.02,116.06,125.94,136.47,146.18,157.31,169.25,188.66,199.12,210.85,223.04,229.92,234.78,235.85,236.59,238.16,238.67,238.81,241.54,245.20,255.00,263.80,270.41,277.99,281.47,285.41,285.01,278.65,279.55,274.85,271.89,267.48,264.25,261.93,258.38,251.03,243.21,236.30,229.44,220.42,209.47,196.73,183.05,168.00,153.69,127.35,115.21,104.24,94.54,87.71,82.22,77.62
103.08,115.57,126.15,135.38,146.24,159.23,169.81,190.85,199.74,212.43,222.32,231.93,238.47,239.00,240.35,240.01,242.77,244.07,245.20,250.57,260.92,273.82,281.20,287.47,296.89,301.86,306.24,296.07,299.40,292.31,287.24,282.87,276.76,274.96,271.39,262.61,254.75,245.28,239.64,227.98,220.00,204.98,187.52,173.63,158.40,131.97,121.00,111.46,101.49,94.59,90.44,86.09
107.79,119.71,129.12,140.12,150.95,163.08,174.45,193.72,205.32,218.10,228.95,236.85,242.53,244.38,246.07,245.52,246.59,246.47,250.35,253.40,265.77,275.31,282.70,291.34,295.16,299.90,299.71,294.25,292.50,288.60,284.19,279.31,275.07,273.93,268.24,260.89,253.36,245.18,237.43,228.00,215.93,203.65,187.45,172.41,157.26,131.58,117.99,106.89,97.05,90.24,85.42,79.25
97.20,109.56,118.95,126.48,137.28,149.16,159.15,179.14,190.52,201.56,212.00,219.32,226.79,228.65,230.72,230.01,231.17,234.80,238.54,245.45,256.63,266.83,276.85,283.28,291.01,297.12,298.14,291.23,290.61,285.30,279.73,275.54,267.23,262.92,256.00,248.13,238.91,229.84,223.71,213.58,202.09,190.39,172.74,160.02,144.37,119.85,109.42,97.16,90.26,83.19,78.49,74.67
98.41,109.77,118.60,128.00,136.69,149.35,159.51,178.22,189.87,200.11,210.49,219.49,225.06,225.61,227.20,227.74,228.14,230.85,234.54,241.03,254.28,264.88,274.03,282.55,287.51,294.86,295.92,287.50,288.18,285.00,281.22,276.41,271.40,267.55,262.18,253.74,243.85,238.10,229.47,219.97,209.39,193.93,178.26,165.86,150.00,124.00,113.11,102.24,92.44,87.48,81.84,78.24
97.51,110.45,120.21,129.00,138.03,154.63,162.01,180.80,191.39,203.77,213.58,221.73,225.85,227.26,229.22,229.34,232.12,232.47,236.97,240.53,250.38,264.32,271.16,277.85,284.96,292.75,293.01,278.73,285.20,281.66,276.38,270.05,265.73,264.01,258.07,251.11,242.17,234.31,230.34,218.01,208.25,194.93,177.54,164.20,149.62,125.06,112.97,104.02,94.58,89.02,81.71,77.10
99.64,112.87,120.22,130.75,138.93,153.94,162.79,181.46,192.51,204.46,215.23,223.88,229.20,230.26,229.27,231.35,232.01,232.17,238.38,241.20,253.03,268.07,275.44,281.11,289.75,295.68,298.22,287.11,291.78,282.99,279.83,274.77,272.64,267.26,262.29,251.01,245.20,235.99,232.22,217.99,208.60,195.82,179.18,166.11,151.21,124.96,115.52,104.64,96.90,90.80,85.70,82.20
