78.85,90.55,98.99,109.08,118.90,129.31,138.10,156.65,166.03,175.45,183.98,192.26,198.76,201.84,206.96,213.81,224.40,232.64,244.40,253.06,266.66,275.19,280.19,284.19,285.26,286.92,281.58,275.18,273.25,268.75,264.68,262.46,258.63,257.85,253.24,248.49,240.68,233.67,226.81,218.56,208.32,197.65,185.72,176.08,166.48,156.60,153.67,148.93,146.22,143.68,139.20,131.23
86.28,95.48,105.80,115.39,125.00,136.94,145.34,163.72,174.26,181.76,194.73,201.85,204.27,211.15,216.23,222.20,232.81,241.75,251.61,266.61,281.73,289.47,295.11,300.70,299.82,301.20,298.72,291.30,289.35,285.41,280.46,278.19,277.40,271.56,271.33,265.70,256.60,252.45,244.24,233.38,222.52,211.02,199.25,187.88,179.30,168.51,162.11,158.66,157.00,153.57,148.41,139.95
80.26,90.55,98.81,107.35,118.14,127.48,135.62,154.29,162.00,169.92,181.16,187.93,193.61,196.25,201.99,207.62,218.10,228.54,238.38,248.43,262.08,270.35,275.66,281.37,283.21,284.11,280.71,273.34,271.83,268.00,263.19,261.09,259.72,256.20,255.36,249.32,242.83,236.22,228.36,220.19,208.58,199.81,185.85,175.79,168.44,157.47,153.73,150.21,147.09,143.66,139.32,132.38
82.88,95.44,103.87,113.56,123.10,133.99,143.74,160.53,171.14,179.39,188.86,196.00,201.43,206.34,211.63,217.69,226.00,236.24,247.03,256.53,271.56,280.43,284.71,289.50,289.55,293.20,287.78,282.71,281.09,276.88,275.05,272.53,273.12,272.57,268.16,262.99,255.31,249.38,243.46,235.34,225.00,213.35,201.32,190.08,182.02,170.85,165.49,162.98,159.59,155.32,150.78,142.52
82.80,94.20,104.69,115.32,125.06,136.56,146.29,165.32,173.10,183.45,194.83,202.39,208.20,212.21,217.75,223.62,233.80,243.21,254.96,261.30,277.48,285.08,290.82,295.75,295.12,297.22,291.61,284.93,282.64,278.00,275.48,273.21,271.92,269.94,267.01,262.19,254.02,246.87,239.61,230.85,220.66,209.00,196.12,184.55,176.78,165.59,160.64,156.08,152.90,149.28,145.26,138.06
79.31,90.67,99.98,108.69,119.10,130.08,138.88,155.24,164.12,173.31,182.53,189.49,197.12,199.61,204.08,210.72,219.69,228.57,241.03,249.10,263.05,270.90,275.28,280.09,280.56,283.24,277.74,270.60,268.91,265.77,263.15,259.46,257.78,258.50,254.91,247.69,240.96,235.31,228.11,220.10,209.98,198.60,187.80,175.64,167.31,155.29,152.41,147.73,144.81,140.09,138.36,128.83
77.65,90.35,98.37,106.68,116.10,126.40,136.40,153.08,160.64,169.92,179.45,186.68,191.93,195.92,200.24,207.09,216.53,224.96,234.80,244.81,259.73,268.69,272.02,275.54,277.32,279.93,275.62,270.07,268.17,264.94,262.49,259.82,258.55,258.54,253.78,249.05,242.32,237.03,228.33,221.00,211.98,200.14,188.57,178.13,170.00,160.20,157.00,153.17,150.15,146.01,143.28,134.20
80.22,90.71,100.18,109.12,119.85,130.38,139.92,156.00,165.60,176.03,184.89,192.84,199.36,202.77,207.02,213.66,221.33,231.87,241.30,250.46,264.61,272.72,277.31,279.27,281.46,283.37,278.04,270.65,269.76,265.15,262.92,260.51,259.14,260.05,256.20,249.69,242.40,236.52,229.37,221.05,211.68,199.22,187.92,176.85,169.31,157.88,152.32,148.68,145.42,142.86,138.60,131.85
81.54,93.48,101.83,111.77,122.00,132.57,142.00,158.77,168.07,176.78,185.83,193.94,199.38,203.48,208.17,214.70,222.75,232.85,241.87,251.28,265.96,273.09,279.64,282.19,282.97,283.94,279.98,273.34,272.36,269.14,267.59,266.34,265.22,264.76,260.58,256.86,248.58,242.55,234.80,227.17,216.82,205.77,192.66,183.44,173.35,160.85,156.20,150.81,148.48,143.54,139.54,131.24
84.12,95.67,106.21,116.28,126.38,136.24,147.50,166.53,175.45,185.31,195.66,202.83,209.09,213.27,219.78,224.66,235.99,245.07,257.78,265.65,282.11,289.56,296.08,300.79,299.74,301.53,296.89,290.50,287.17,284.19,278.69,277.15,273.99,272.03,269.86,262.62,254.63,246.14,238.40,229.60,218.93,206.41,193.75,182.17,172.96,161.92,157.62,154.21,149.82,146.81,144.18,135.20
84.93,96.65,105.42,115.66,125.23,136.30,145.53,162.48,171.71,181.30,190.06,197.99,203.34,207.51,213.18,217.48,226.81,237.10,248.71,255.81,272.48,279.86,284.16,288.51,287.64,291.01,285.21,279.18,276.74,273.91,270.41,268.63,267.98,267.68,264.05,259.60,250.80,245.98,237.12,229.79,220.51,208.02,195.88,184.95,176.05,164.51,160.59,155.26,152.32,148.52,144.18,136.09
80.01,90.44,99.30,108.47,117.69,127.58,137.19,153.05,160.65,170.46,178.23,185.59,191.00,195.35,200.26,204.60,214.39,222.80,232.56,240.57,256.73,263.00,267.44,270.83,271.90,274.15,270.90,264.85,261.96,258.77,257.77,255.10,255.03,254.66,252.25,246.13,239.84,234.35,226.63,219.83,209.68,199.90,188.07,177.34,168.25,159.20,155.33,151.65,147.67,144.47,139.95,132.70
79.31,89.31,98.23,107.87,117.00,127.58,137.32,153.53,161.89,171.23,181.10,187.75,194.06,197.50,202.31,208.43,216.17,226.37,238.05,244.75,259.70,268.26,273.03,276.70,277.42,279.84,274.12,268.70,267.76,264.05,261.50,258.52,256.91,257.58,252.68,248.65,241.34,234.42,227.88,219.80,210.95,200.06,187.04,176.78,168.80,158.38,153.00,149.45,145.34,142.90,139.18,132.02
85.45,96.67,106.10,114.59,125.67,137.06,146.60,164.00,174.66,184.32,194.62,202.20,208.34,212.53,217.30,224.18,233.24,242.16,253.14,262.95,277.02,284.74,290.03,294.91,294.29,296.56,291.30,285.91,282.87,281.09,277.48,275.09,273.72,272.98,269.44,263.66,256.05,249.04,241.68,233.50,223.79,212.55,199.26,187.26,179.08,166.93,163.13,159.00,156.11,151.75,146.63,139.62
78.92,89.90,98.49,108.17,117.64,128.19,138.51,154.87,164.48,173.42,184.02,191.21,197.23,201.53,205.46,212.55,222.27,229.86,241.95,250.71,264.37,272.41,277.70,280.86,281.72,284.62,279.04,272.42,269.60,265.28,261.20,258.91,256.78,256.83,254.57,246.91,238.73,232.08,222.97,215.87,206.63,194.54,183.99,172.81,164.11,153.38,149.09,144.50,142.68,139.01,136.17,129.40
85.15,97.35,105.95,116.28,125.51,139.09,148.17,166.03,175.18,184.61,194.59,203.15,209.12,212.57,217.22,225.01,234.35,244.83,255.56,264.37,280.79,286.51,292.88,298.30,297.40,299.28,296.00,288.21,286.80,283.29,280.96,277.32,277.72,277.35,273.86,265.84,258.31,252.73,244.62,236.81,226.01,213.24,200.30,189.27,180.06,166.11,163.25,158.81,154.74,150.44,147.34,139.85
77.08,88.84,97.08,105.68,115.43,125.28,134.33,150.21,158.50,167.29,177.05,184.61,188.86,192.85,197.34,204.17,211.88,222.27,232.14,240.11,254.26,263.37,267.94,272.25,272.53,276.06,271.53,266.06,265.32,261.59,258.70,256.68,256.32,257.40,253.25,247.68,241.00,235.03,228.95,220.59,211.43,200.81,189.65,177.99,169.85,161.05,156.01,152.88,148.66,145.42,142.94,135.09
77.16,87.10,96.15,105.89,116.61,125.54,134.35,151.22,159.51,170.18,178.44,186.04,192.00,195.26,199.92,205.68,214.11,224.98,234.18,242.17,256.63,265.28,268.22,272.92,274.05,275.22,270.84,266.02,263.93,260.64,257.42,255.62,254.29,254.12,251.03,246.01,237.95,232.24,225.59,217.12,207.96,197.43,186.17,175.38,166.40,157.01,153.15,149.04,145.34,142.41,139.19,130.73
78.85,89.02,97.80,107.38,117.46,126.59,136.12,152.43,161.47,170.55,179.51,187.26,192.94,196.51,201.64,206.78,216.02,225.39,234.17,243.87,258.99,265.24,270.30,273.31,272.90,275.69,270.65,265.35,262.83,259.08,257.69,254.02,253.14,251.87,249.58,244.40,237.15,231.23,224.01,215.94,206.49,196.02,184.88,174.16,164.92,154.56,151.08,147.60,143.59,139.46,137.01,128.95
79.20,89.05,98.35,107.17,117.15,128.02,136.49,153.76,160.80,170.47,179.91,186.23,192.66,194.74,200.08,205.77,214.34,223.83,233.06,240.25,255.64,263.05,268.08,270.51,272.53,272.71,269.40,263.23,260.38,259.28,256.76,253.93,253.78,254.04,250.87,245.05,238.56,233.38,226.00,217.62,207.74,196.54,184.84,174.69,166.03,154.39,151.11,146.44,142.87,139.49,136.50,127.88
84.65,97.02,105.51,115.00,126.15,136.61,146.93,163.60,172.35,180.94,191.63,200.03,205.30,207.89,213.53,219.92,229.53,238.85,249.61,258.41,274.36,280.77,286.92,291.67,292.64,293.22,288.78,283.13,281.23,278.89,275.66,273.64,274.77,273.37,270.96,263.64,258.41,251.53,244.66,235.59,226.34,214.45,201.36,190.43,180.85,169.26,164.07,160.51,156.54,152.11,147.85,139.06
82.46,94.81,103.08,112.73,121.81,133.09,142.17,159.86,169.20,178.68,186.78,195.02,200.96,204.69,209.38,215.41,225.16,236.22,245.10,254.80,269.07,278.30,282.33,287.06,286.78,288.46,284.69,278.57,277.74,273.51,271.49,268.88,268.79,267.76,264.00,260.00,252.76,245.60,238.80,231.81,221.00,210.15,198.12,186.97,177.00,166.83,162.86,159.06,156.00,150.55,147.51,138.24
77.99,88.23,97.69,106.30,116.00,126.91,136.47,151.64,162.89,170.33,179.47,188.53,193.22,195.00,200.01,206.63,214.71,227.34,232.86,244.52,256.63,264.55,267.97,272.62,273.43,274.07,270.12,264.91,264.01,259.47,258.09,252.00,252.76,250.28,249.39,242.24,236.97,231.55,223.26,215.41,205.88,195.18,182.88,172.24,164.75,154.85,149.25,144.42,142.80,138.41,136.21,129.84
79.51,90.09,99.37,108.17,117.52,127.53,136.56,154.35,162.82,171.19,180.00,188.45,193.96,198.02,203.05,208.06,217.20,228.43,237.07,245.69,260.45,268.90,272.42,277.99,277.31,278.54,275.31,267.69,266.79,262.10,259.99,257.53,255.74,254.89,251.92,246.71,239.63,234.02,226.81,219.65,210.28,200.30,187.41,177.73,169.94,158.38,154.08,151.16,147.43,144.51,141.22,132.83
84.29,95.90,104.69,114.81,125.10,135.52,144.81,162.27,171.35,181.29,191.38,199.25,206.49,209.47,213.32,220.12,229.84,240.00,251.20,259.48,274.18,282.94,289.46,291.78,294.01,295.20,289.56,284.04,282.78,279.08,277.48,274.00,273.70,272.72,269.82,263.70,255.84,248.89,241.30,234.64,224.24,212.66,199.53,189.00,180.62,170.03,165.17,161.04,158.14,154.51,150.03,140.80
80.01,90.76,99.86,108.07,118.31,128.66,138.10,154.21,163.48,173.22,181.33,190.10,196.12,198.20,204.09,209.31,219.32,226.55,236.46,246.68,259.33,266.83,273.03,276.49,276.47,276.93,274.09,267.37,265.98,262.25,258.00,256.32,254.57,254.09,250.60,246.50,239.30,233.77,225.52,218.05,208.06,197.80,185.88,174.65,166.93,155.24,150.63,147.14,143.54,140.60,136.80,129.25
78.64,89.94,98.67,107.67,117.43,128.74,137.31,154.30,164.14,172.96,182.40,190.52,196.70,200.00,204.90,210.54,219.69,228.71,237.89,247.20,261.77,267.03,273.12,276.99,277.75,280.17,274.87,268.37,266.45,261.28,258.94,257.15,255.14,254.57,251.43,244.99,239.83,232.23,225.18,216.04,206.17,197.36,184.46,173.57,165.65,155.32,150.00,146.33,143.68,139.83,137.20,129.07
77.88,88.87,98.08,106.89,117.18,127.10,136.78,153.38,162.73,170.67,181.84,189.17,193.93,198.08,202.65,209.60,217.28,227.24,236.40,246.59,259.13,267.98,271.54,275.97,276.34,278.04,272.99,266.55,264.64,261.02,259.62,257.29,254.26,254.92,251.34,244.44,238.03,231.46,225.01,215.20,206.74,196.70,185.00,173.83,165.80,154.05,150.96,148.00,144.25,139.85,137.88,129.54
78.01,88.77,97.95,106.96,117.20,126.72,135.96,154.03,162.93,170.43,182.32,189.76,194.49,198.01,202.41,210.00,215.43,228.21,236.37,246.95,258.38,266.24,271.49,276.90,275.77,279.16,275.14,265.85,265.17,264.46,260.05,255.63,254.35,251.01,252.88,246.42,237.12,233.17,225.68,215.23,205.07,196.02,184.02,174.16,166.21,154.81,150.00,145.80,143.00,139.27,135.59,129.12
83.82,95.01,104.40,113.74,124.74,135.57,145.67,163.78,173.57,182.65,192.60,200.02,206.32,210.10,215.76,221.47,229.96,239.25,251.09,258.80,274.17,282.30,287.54,293.00,293.32,294.90,288.06,283.03,281.33,277.24,274.84,271.89,270.65,270.12,265.36,261.43,253.95,247.54,238.03,231.62,219.99,209.19,195.25,184.22,175.93,163.92,161.03,156.24,152.40,148.92,146.49,137.53
77.67,87.09,95.34,105.59,115.52,126.61,135.65,153.16,161.12,171.92,180.62,187.41,193.83,197.73,204.04,210.46,219.31,229.09,239.76,247.83,262.83,270.35,275.75,280.23,280.14,282.35,276.62,271.45,268.49,263.30,260.92,256.94,254.02,252.34,247.62,242.00,235.47,229.49,221.69,212.68,203.86,192.01,180.77,169.29,162.20,151.86,147.05,143.25,141.03,137.88,133.84,127.09
82.13,93.23,102.04,113.03,124.15,134.21,146.11,164.20,174.61,183.90,195.49,204.16,210.15,215.06,221.07,228.48,238.01,249.36,261.95,270.28,287.22,296.38,301.24,306.91,307.33,310.11,304.11,297.12,292.53,287.61,282.12,276.73,272.13,270.74,265.93,258.50,250.70,243.32,236.14,227.50,217.00,204.75,191.98,181.28,172.59,162.93,160.02,155.59,154.30,150.44,147.65,139.54
80.41,91.35,100.57,109.60,119.52,131.03,140.43,157.88,166.44,176.64,187.88,195.07,200.04,205.04,210.54,216.47,226.30,236.29,245.58,255.56,271.65,279.18,284.76,289.60,289.34,291.49,285.70,278.79,275.73,271.46,266.39,264.05,261.77,260.53,255.72,249.65,242.10,235.09,227.55,219.62,209.01,197.77,185.15,175.45,165.70,156.39,152.83,148.35,145.34,141.74,139.00,131.31
79.43,91.66,100.66,109.86,119.75,131.53,140.46,158.45,166.74,177.52,186.80,195.06,201.09,204.57,209.39,216.46,225.51,237.61,246.71,257.50,272.01,278.61,284.18,290.24,291.08,293.29,288.85,281.02,278.65,271.31,269.11,264.76,263.49,260.07,256.13,251.37,242.50,237.00,231.11,220.77,210.61,198.08,187.38,177.48,167.63,156.98,152.90,148.41,144.01,142.09,138.03,130.59
79.32,91.55,100.18,108.42,118.04,129.07,138.65,154.20,162.96,173.44,182.40,189.84,195.23,200.39,205.64,211.29,220.64,230.03,240.11,249.13,265.20,272.86,279.16,282.51,284.76,284.91,280.48,274.80,270.60,265.20,262.77,260.22,258.52,256.96,254.10,246.72,240.88,234.18,226.42,217.33,206.20,195.78,184.02,173.03,164.28,153.56,149.20,144.47,142.71,137.48,134.30,128.41
84.90,96.90,106.25,114.44,125.45,136.31,146.60,163.72,172.79,183.17,193.68,200.69,206.65,212.19,216.71,224.24,234.26,244.64,256.13,265.28,280.57,289.77,294.33,299.75,301.24,302.45,296.89,290.11,287.77,281.45,278.61,275.61,273.66,271.92,267.65,260.66,254.62,246.33,239.29,228.97,219.31,207.42,194.61,183.36,174.16,162.81,157.17,154.00,150.22,147.90,144.63,135.34
82.02,93.49,103.82,112.15,123.07,134.62,143.18,160.86,170.56,180.28,189.86,198.01,203.44,206.62,211.02,218.75,228.44,237.95,249.23,257.19,271.98,280.41,286.09,290.52,291.57,292.35,287.54,281.58,278.37,274.02,273.03,267.37,266.54,265.38,261.84,256.04,249.21,242.87,234.56,225.80,216.01,204.55,191.67,181.22,172.61,160.51,155.93,151.53,148.01,144.52,142.00,133.69
79.85,90.35,98.15,106.51,117.61,128.41,138.00,155.17,163.05,174.40,183.50,190.68,197.13,199.36,205.65,212.72,222.19,232.42,242.57,251.96,267.47,273.64,281.28,285.21,286.88,289.26,285.75,279.76,277.00,271.59,269.16,264.86,261.73,261.19,255.55,251.58,244.76,237.43,231.37,223.38,213.12,202.09,190.52,180.47,172.81,163.37,161.07,156.54,154.12,149.89,146.66,139.09
80.01,91.71,100.12,109.12,119.87,130.23,139.61,156.82,167.41,175.68,186.78,193.83,200.87,203.84,210.42,217.64,225.74,236.18,247.00,257.07,272.05,279.51,284.08,289.44,290.04,290.95,286.09,278.93,275.77,270.25,267.02,262.41,258.38,258.80,253.01,247.25,240.28,233.21,225.52,217.80,208.59,197.22,184.89,175.29,166.87,156.26,154.20,149.77,147.22,145.25,141.66,133.22
82.10,92.70,102.49,112.45,122.41,133.09,143.01,159.15,168.69,178.23,187.78,195.44,200.53,204.47,209.02,214.41,223.52,232.95,243.58,251.56,267.00,275.68,280.49,283.00,284.61,287.26,281.30,276.39,274.80,272.03,268.90,266.66,265.31,265.29,262.51,257.24,250.26,243.07,234.62,226.63,216.04,203.59,190.95,180.56,170.99,159.03,155.23,150.08,147.19,143.78,140.23,131.32
82.28,93.09,102.11,111.51,120.92,133.46,142.37,159.40,167.52,177.99,187.88,194.99,200.64,203.69,209.12,214.59,224.54,234.83,245.17,255.86,271.23,277.72,282.60,287.77,289.72,290.50,286.39,278.96,277.02,272.84,269.82,266.29,265.05,263.15,259.14,254.59,248.21,241.03,232.95,224.32,215.75,204.42,192.57,181.11,173.14,160.90,157.93,152.64,149.81,145.88,143.01,134.46
81.47,92.61,101.98,112.29,122.41,133.26,140.72,159.48,168.11,178.03,188.73,196.66,201.23,204.85,210.46,217.23,227.88,236.91,248.36,257.70,269.90,278.34,285.46,290.00,292.21,294.33,287.84,279.57,277.91,273.56,271.01,264.88,265.13,258.37,260.95,252.29,245.33,240.17,232.13,221.88,212.25,200.80,187.83,177.34,169.37,159.25,152.61,151.82,146.75,143.17,138.00,132.23
78.23,89.29,99.02,107.86,117.89,127.48,137.74,153.94,161.77,171.83,181.46,189.26,193.75,195.53,202.27,207.42,217.41,229.40,236.33,244.75,257.70,266.60,271.37,276.07,279.44,280.94,277.27,270.77,267.80,263.80,257.74,253.55,255.20,251.54,249.82,242.55,234.88,229.30,221.65,215.60,205.23,192.44,181.95,170.34,162.74,152.21,148.66,146.03,140.29,137.77,133.41,127.28
82.10,94.24,102.34,112.70,121.64,132.98,142.06,159.67,167.62,176.78,186.75,196.01,200.58,205.28,209.99,216.60,225.46,235.92,246.89,255.88,271.90,280.01,284.99,290.04,292.17,292.97,286.27,280.15,278.02,271.98,268.92,265.17,262.77,261.09,256.87,250.94,244.86,237.23,229.31,220.08,209.57,196.89,184.45,173.23,164.79,153.32,149.19,144.17,141.32,137.97,134.66,127.19
83.17,95.96,104.69,114.74,124.92,136.37,145.67,163.44,172.25,182.06,192.09,199.09,204.56,209.85,213.02,219.24,228.64,239.14,248.94,259.11,274.40,282.93,288.44,291.78,293.60,294.33,289.38,283.57,281.09,277.40,274.59,271.75,271.09,269.90,264.82,260.00,251.02,244.50,236.14,228.97,216.36,205.57,191.23,181.66,171.14,161.31,156.11,152.59,148.73,145.77,141.17,133.15
79.16,89.81,98.01,107.94,117.15,127.03,135.98,153.53,162.25,171.90,181.14,188.86,194.31,198.28,203.32,209.48,217.83,228.11,240.35,249.19,262.73,271.71,276.62,281.58,283.49,285.52,281.16,276.05,272.94,270.20,265.85,263.04,261.09,260.65,257.74,251.29,244.17,238.01,230.36,222.71,212.56,201.16,190.47,179.25,171.94,161.41,159.51,154.67,150.84,147.09,144.00,136.36
78.23,89.84,97.95,107.30,117.80,127.53,136.62,153.47,162.36,172.19,181.02,188.52,195.00,197.45,203.77,210.06,218.36,228.65,240.50,248.93,264.82,272.33,276.63,281.94,282.42,284.43,280.28,273.83,271.16,267.17,264.49,262.55,259.92,258.38,255.95,251.15,243.29,236.43,228.32,220.78,211.19,200.89,188.04,178.44,169.81,158.90,155.91,152.27,149.27,145.80,143.45,134.77
84.17,96.03,104.69,115.52,125.67,137.44,148.06,166.01,175.60,186.20,195.35,204.69,211.15,214.97,219.66,227.40,236.91,246.95,259.06,268.38,285.80,292.62,298.16,302.91,303.53,305.92,299.81,294.74,290.41,286.78,280.91,277.63,274.47,273.30,268.13,261.17,254.17,248.34,239.71,230.24,220.17,207.76,195.23,184.76,175.57,165.68,160.82,157.43,153.48,149.56,147.17,138.19
81.06,91.79,101.20,110.00,119.64,130.19,139.20,156.29,165.42,175.64,184.44,192.60,197.74,201.22,206.63,211.98,222.12,230.87,242.51,250.77,266.25,274.61,281.06,284.61,286.03,288.68,283.43,276.38,276.94,271.71,269.48,265.19,264.04,263.75,258.85,254.00,246.71,240.20,232.14,223.88,213.62,201.19,189.87,178.36,170.42,160.26,156.04,152.07,148.49,145.67,141.36,133.54
80.45,92.10,101.08,109.44,120.10,131.32,140.80,159.15,168.13,176.01,187.24,195.01,200.56,204.83,208.92,215.86,224.57,233.73,245.08,253.16,269.25,276.22,282.24,286.23,285.81,287.96,283.20,276.52,274.35,268.63,266.81,262.94,259.62,258.90,254.13,248.07,240.63,235.95,227.50,219.78,209.95,199.42,187.32,177.54,168.47,157.88,154.55,150.62,146.58,144.06,140.80,132.28
80.08,92.11,99.82,110.48,119.85,132.09,140.13,158.49,166.83,176.91,187.22,194.83,200.14,204.36,208.20,215.36,225.50,233.80,245.22,253.01,267.59,274.99,280.59,285.08,286.02,288.03,282.06,274.93,272.21,268.63,264.70,262.64,259.11,257.50,253.94,247.80,239.37,233.14,226.05,218.82,208.70,198.40,187.22,175.69,168.32,158.05,154.02,150.05,145.80,143.96,139.81,132.00
77.42,89.54,97.74,105.48,116.09,125.78,135.21,151.54,160.12,169.24,178.57,186.07,191.31,195.53,199.94,207.28,214.76,223.76,234.36,242.33,257.94,265.73,270.60,274.47,276.37,277.42,272.84,266.69,263.53,262.55,257.85,255.64,256.10,255.79,250.71,246.25,238.74,232.72,225.14,216.69,206.69,196.33,185.19,174.90,167.03,155.72,152.12,148.73,145.26,141.99,138.60,130.74
85.70,96.83,106.40,115.52,127.68,137.93,148.50,165.33,174.93,185.54,195.53,204.48,209.07,212.53,218.08,224.06,233.03,243.28,254.97,263.05,278.36,287.37,292.48,297.75,296.73,299.92,294.82,288.21,285.00,282.18,277.35,276.31,274.24,272.42,268.80,261.87,255.19,248.36,239.47,233.05,220.84,211.40,199.12,187.04,178.16,167.05,162.86,159.02,153.88,150.75,147.36,139.52
85.28,97.20,106.78,116.84,127.14,138.16,149.40,167.34,175.93,186.39,196.39,204.60,210.74,215.29,220.11,226.38,235.67,246.14,258.21,266.85,282.08,291.03,295.69,301.44,302.54,303.45,298.41,292.80,288.76,285.33,281.60,277.62,275.75,274.34,268.79,263.79,255.82,248.30,241.91,232.81,223.08,210.11,197.74,186.72,177.61,165.13,162.00,157.49,154.40,150.33,147.30,137.93
78.57,88.51,97.41,106.47,116.40,127.39,135.43,151.64,160.43,169.19,179.40,185.93,192.52,196.38,199.62,207.80,216.33,225.28,235.54,245.54,259.72,266.81,272.88,277.50,279.57,280.30,276.98,271.02,269.00,265.94,261.77,259.08,258.12,257.29,251.85,248.40,239.89,233.33,226.57,218.44,208.93,198.91,186.76,175.35,167.60,156.46,153.73,149.00,147.05,144.31,140.16,132.23
83.53,93.96,102.18,112.38,123.00,133.69,144.20,162.36,170.18,180.50,188.44,197.84,202.18,206.16,212.12,219.46,230.41,238.48,249.88,260.03,272.53,281.46,287.61,293.45,294.98,295.78,292.10,284.48,284.61,280.13,279.23,272.81,271.21,268.93,266.40,262.23,253.03,247.21,241.08,230.51,219.40,210.39,195.49,184.76,175.92,165.15,161.61,157.41,153.94,150.62,148.22,139.29
77.80,88.60,97.69,105.08,115.73,126.29,134.03,151.29,160.46,169.76,177.12,185.83,191.85,196.01,201.65,207.09,215.54,227.22,234.44,245.42,258.25,265.70,271.89,275.86,277.58,277.74,274.05,266.39,264.94,263.50,258.63,255.99,253.33,250.17,250.14,244.20,237.50,230.43,223.89,213.90,206.79,194.54,183.47,173.00,164.94,155.54,152.16,148.05,145.77,142.58,138.85,130.36
82.49,94.92,103.25,114.02,124.40,135.15,145.78,161.62,172.93,183.44,193.83,202.57,207.52,210.92,216.02,223.18,233.42,243.53,253.90,264.62,277.50,287.02,291.62,298.46,297.63,299.84,295.88,289.64,286.01,281.60,277.22,275.07,271.07,268.03,266.03,259.67,253.84,247.26,239.51,230.41,220.24,210.40,196.47,184.95,178.02,167.36,163.82,160.03,156.82,154.04,151.05,141.68
85.21,96.54,106.47,116.04,125.40,137.24,147.17,164.14,175.64,183.92,193.54,202.36,208.68,213.03,218.04,224.89,233.56,244.18,254.50,263.75,280.87,289.07,293.71,300.03,299.60,301.17,298.30,293.23,290.06,286.40,283.34,280.10,277.95,277.03,272.80,268.74,261.00,254.06,245.78,238.68,226.49,215.80,203.69,191.64,183.10,170.88,168.27,163.36,160.56,156.54,153.38,143.28
83.76,95.13,103.79,114.27,124.58,135.93,144.20,161.05,169.76,180.83,188.28,199.06,204.69,205.87,212.60,220.66,230.90,241.35,251.91,257.50,271.23,279.96,285.43,292.07,293.20,295.17,289.66,281.56,279.52,275.76,273.15,267.09,266.20,262.02,262.50,254.66,247.34,242.43,233.75,223.39,216.06,200.96,189.87,178.00,169.26,157.27,153.57,149.08,146.11,144.81,138.64,133.30
84.38,96.05,105.02,114.84,124.87,136.56,144.01,163.60,172.17,182.00,191.82,200.38,203.80,207.89,215.60,220.42,228.55,240.75,249.56,263.60,274.40,281.63,288.48,294.46,297.27,300.85,293.99,287.18,284.09,279.44,279.72,275.17,276.74,271.67,271.09,264.46,258.03,250.32,244.99,229.65,220.93,208.12,196.43,186.51,179.41,165.74,160.45,156.67,154.87,151.00,145.00,139.32
77.10,88.73,98.39,105.99,115.00,127.09,135.12,152.82,161.31,170.75,180.88,188.11,194.16,198.17,203.92,209.69,217.75,227.41,238.81,246.92,261.24,268.25,274.02,278.00,278.61,280.93,275.20,270.15,267.05,261.64,258.65,254.68,252.07,251.07,245.75,241.50,233.35,226.55,219.92,212.08,201.56,190.96,178.60,168.31,160.24,150.07,145.79,142.86,140.25,136.69,133.84,125.57
79.20,90.21,98.62,108.34,117.21,129.54,136.88,156.16,164.34,175.09,182.46,192.72,197.37,198.40,207.25,215.11,223.86,236.17,245.45,255.39,264.25,276.73,280.86,287.84,289.52,289.91,288.85,277.89,276.10,273.15,268.34,262.27,257.87,257.16,254.69,248.01,239.87,233.48,227.47,216.89,208.12,195.24,184.39,172.84,165.77,154.15,150.73,147.19,144.14,143.38,137.93,132.10
79.08,90.67,99.92,109.20,119.02,128.69,138.18,156.39,165.86,174.61,184.23,191.16,197.85,203.16,207.41,213.69,223.18,231.42,242.46,249.51,266.33,274.59,278.89,282.45,283.66,285.12,280.07,273.89,271.55,266.10,263.21,260.41,258.12,259.51,253.95,247.39,241.92,234.97,226.43,218.12,207.12,196.99,183.63,172.93,165.03,155.23,151.21,147.63,144.36,141.33,138.23,130.63
83.24,95.96,105.00,114.97,125.77,136.62,145.60,164.62,173.63,182.79,192.84,199.54,205.24,209.83,213.74,219.67,230.10,240.16,248.65,259.20,272.55,280.79,288.11,290.80,290.95,293.46,288.14,281.68,279.35,276.00,273.79,270.67,270.19,269.41,266.03,259.24,253.02,246.48,238.10,229.17,218.96,207.15,192.94,182.50,174.04,162.29,158.05,152.74,149.16,145.91,142.95,135.35
80.23,90.91,99.30,109.73,120.20,129.29,136.47,154.83,163.02,172.35,181.84,190.56,196.99,199.06,203.96,213.40,222.00,232.97,242.24,250.48,259.31,270.19,276.01,281.45,282.46,282.06,277.74,271.71,268.74,263.91,263.23,257.42,252.62,250.11,252.52,244.50,238.10,232.40,225.80,215.71,209.00,194.37,184.02,173.77,165.47,154.03,151.16,148.17,143.89,142.52,137.75,131.14
80.06,90.21,99.46,108.00,118.41,130.51,137.30,155.36,163.69,171.03,180.00,189.01,197.62,197.59,203.42,212.08,220.64,230.85,240.34,249.61,259.46,268.47,275.00,279.86,280.21,280.14,276.13,268.57,267.53,260.09,261.52,255.16,250.60,249.73,250.57,244.39,237.12,231.45,223.90,214.11,208.39,192.77,183.60,174.29,165.10,154.30,149.35,148.07,144.22,142.64,136.89,130.61
82.86,94.05,102.47,113.27,121.07,132.56,140.98,160.11,168.47,177.63,188.49,196.95,200.56,206.17,210.86,218.15,224.72,236.33,246.08,257.99,269.03,277.61,283.68,288.53,290.90,292.26,289.09,279.29,279.52,274.69,272.80,268.79,264.01,264.43,261.47,256.13,247.76,242.57,237.26,225.50,217.72,203.06,192.67,179.60,174.80,162.75,158.55,155.47,151.08,150.55,144.42,138.22
82.49,93.43,103.41,112.77,122.92,134.18,142.24,159.71,167.97,179.03,188.83,194.62,200.25,205.15,210.68,215.86,225.00,233.19,244.19,251.33,267.25,275.18,279.89,284.30,285.11,285.95,280.92,274.93,272.86,268.69,266.00,262.21,261.54,261.63,257.94,254.08,245.54,239.05,231.39,223.61,212.56,201.02,188.92,177.78,169.73,159.00,154.64,150.16,147.22,143.54,141.23,132.03
76.06,88.46,96.25,107.07,116.67,125.92,135.19,154.05,162.27,171.81,179.84,187.54,193.98,197.22,203.18,210.02,218.82,229.75,237.70,247.01,260.38,268.73,273.36,279.18,278.10,280.92,276.26,265.38,265.38,260.09,256.13,251.81,249.48,247.83,245.08,238.30,230.87,225.20,220.05,209.35,200.52,190.16,179.03,168.22,160.58,151.86,147.03,144.25,141.45,139.46,136.70,129.03
82.38,93.47,102.83,113.46,124.65,134.84,144.68,164.30,172.20,183.66,189.65,200.32,205.65,207.76,217.95,225.69,233.38,243.46,257.89,261.23,273.07,284.68,288.78,296.23,297.32,297.33,295.19,285.41,288.63,281.13,281.57,269.82,265.20,262.19,265.13,255.89,248.92,241.37,235.51,225.44,215.06,204.17,193.20,181.34,172.82,163.11,158.14,156.32,150.48,149.24,144.09,137.18
80.22,92.23,103.12,113.02,123.91,133.41,143.56,160.15,167.87,180.95,188.48,196.08,201.64,205.28,210.34,217.08,226.27,238.43,245.94,255.77,269.31,277.32,280.07,288.03,287.56,289.34,287.10,278.18,278.17,273.25,268.19,264.66,260.76,261.63,260.46,252.37,245.12,239.35,234.35,224.51,213.96,202.73,191.65,179.64,171.92,160.88,155.36,153.08,148.49,145.65,143.40,135.00
84.05,96.05,104.71,115.43,125.92,136.36,144.89,164.71,172.86,181.32,191.88,200.45,203.02,207.86,214.66,219.11,231.77,240.63,247.32,260.09,271.39,280.87,285.67,294.50,293.34,297.84,291.22,284.71,279.83,278.99,275.05,269.12,266.01,264.82,265.84,257.12,250.06,244.66,237.93,228.56,216.30,205.29,193.04,180.94,173.76,161.77,157.43,154.21,151.12,147.57,142.67,135.21
83.49,93.38,103.87,113.23,123.41,135.77,143.85,160.70,169.50,180.81,188.72,196.76,202.00,207.13,211.98,219.33,224.01,237.80,243.65,257.86,270.44,278.04,281.68,290.13,289.03,292.54,288.11,278.26,279.31,273.26,273.44,266.09,265.71,262.06,262.29,250.74,247.54,239.44,234.40,224.15,213.47,200.21,189.91,180.24,171.43,158.84,155.60,152.43,148.01,145.96,140.86,132.85
63.06,74.67,83.87,92.70,94.59,104.65,110.11,124.47,122.59,133.76,138.80,146.05,144.92,153.08,158.05,168.36,180.70,198.71,208.70,217.60,238.95,241.40,248.67,246.11,246.29,244.38,238.48,239.74,237.12,233.79,235.48,231.05,233.14,230.59,229.08,229.12,224.54,218.33,210.49,202.81,198.34,177.81,166.41,151.95,117.04,105.60,88.46,111.65,77.78,144.01,101.95,123.10
79.18,89.82,99.01,107.45,119.51,129.20,139.05,155.98,166.08,175.14,185.01,193.09,197.39,201.85,207.28,210.76,222.11,234.29,241.97,251.63,261.63,271.02,275.52,281.78,281.33,284.02,281.95,272.93,270.82,268.31,264.80,260.99,258.12,256.22,255.33,250.15,240.03,236.54,229.11,221.96,211.62,199.58,189.39,176.08,169.19,158.86,154.83,150.62,147.60,144.01,142.21,137.44
78.75,90.44,97.86,108.19,119.34,131.04,136.95,155.60,163.98,173.95,185.53,192.63,198.24,202.83,207.42,213.77,222.69,232.22,241.34,251.62,261.27,272.38,276.09,283.02,281.85,283.83,278.78,273.13,270.88,266.48,263.41,261.56,258.70,255.26,255.23,248.39,240.87,234.54,228.21,218.05,210.66,198.76,186.12,176.21,168.30,157.99,152.20,149.58,148.00,144.07,140.91,132.82
75.89,85.98,94.76,104.45,113.89,125.14,134.16,152.43,160.08,169.09,179.64,187.01,193.31,196.82,203.22,209.34,219.24,229.12,238.35,247.42,260.05,267.74,273.42,280.22,278.30,280.06,275.05,269.71,264.92,260.65,257.38,253.03,249.16,248.81,244.75,238.89,231.58,224.96,218.58,209.78,200.80,190.41,180.11,169.66,162.08,153.06,150.62,147.90,144.80,142.86,139.04,131.53
75.66,86.28,95.96,104.06,115.85,125.03,134.26,150.99,159.67,169.55,179.00,187.54,195.07,198.04,200.77,209.35,220.33,229.37,238.38,246.33,259.15,266.13,271.65,277.09,279.30,278.33,274.80,268.15,262.55,262.92,256.78,250.39,248.34,243.81,246.73,238.38,228.76,223.60,218.33,208.66,200.26,190.26,179.45,169.76,162.93,153.87,148.82,147.15,142.64,141.80,139.09,130.18
76.11,87.86,95.27,105.12,114.62,124.79,134.08,151.71,159.84,170.29,179.78,187.32,194.01,196.94,202.14,209.47,217.42,227.34,237.50,245.20,260.22,265.97,271.82,276.08,275.14,277.35,274.01,267.07,264.20,260.57,256.86,253.30,249.69,248.07,243.13,239.03,231.62,224.59,217.90,211.15,201.16,192.21,180.11,169.85,162.56,152.85,150.60,147.30,145.33,141.43,139.09,130.97
82.97,94.67,103.28,114.55,124.23,136.13,144.35,161.62,169.92,181.71,190.00,198.48,204.06,207.86,214.35,220.64,230.73,242.00,251.72,260.40,271.97,284.19,289.28,293.72,294.72,296.59,291.90,286.57,284.38,283.24,277.68,274.24,271.69,267.03,270.15,261.27,253.06,247.95,242.10,230.11,219.67,208.69,194.56,185.16,176.65,167.31,162.24,159.81,155.65,154.16,148.98,141.43
77.10,88.29,97.95,106.40,117.61,126.21,134.97,152.49,162.11,172.56,178.34,187.97,194.03,197.82,202.41,209.90,216.75,226.23,236.48,244.81,255.93,264.69,271.76,275.44,277.80,280.02,276.13,267.64,267.59,262.65,262.67,256.10,255.85,250.35,251.21,246.13,239.20,234.42,229.69,218.16,210.07,198.25,187.56,176.53,169.92,162.00,157.17,154.29,152.03,149.83,143.50,136.40
78.41,89.05,99.46,110.02,119.85,131.32,139.82,157.26,166.01,173.61,186.01,194.16,197.77,201.36,208.74,214.40,220.04,232.69,241.30,253.34,264.89,271.45,275.73,282.45,284.62,286.15,284.76,273.91,271.40,267.61,265.75,260.25,256.68,255.55,252.10,247.07,240.64,234.65,230.44,215.06,210.28,196.77,187.96,176.82,169.81,160.42,154.93,152.20,147.23,145.34,142.71,135.10
82.15,93.62,103.45,112.43,121.94,132.19,141.03,160.86,168.67,177.61,185.28,193.04,200.03,203.44,208.70,213.81,221.22,231.55,242.55,251.85,265.33,272.74,280.21,282.82,285.00,285.83,282.29,273.39,272.84,269.48,265.19,262.69,261.30,258.01,255.22,250.01,243.65,234.68,227.16,219.33,208.86,196.70,185.13,173.14,164.78,153.38,149.51,145.43,142.17,139.81,136.57,127.80
79.63,89.45,99.62,108.05,120.10,127.78,138.20,154.26,163.77,173.01,179.23,187.86,192.26,195.90,201.46,208.17,218.11,226.59,240.44,242.26,254.72,265.22,272.44,276.01,276.93,275.09,273.86,266.51,269.21,264.46,262.29,254.12,250.83,251.34,252.30,243.68,238.54,230.59,224.52,216.13,206.55,197.61,185.84,175.11,166.21,157.81,153.83,149.11,146.70,142.90,139.67,133.00
79.23,89.89,98.41,108.41,118.11,128.56,138.46,154.94,164.98,174.38,184.04,190.13,196.74,199.48,205.43,210.77,220.00,228.57,239.42,247.52,262.49,269.31,274.80,279.57,280.17,281.47,277.48,272.21,268.13,265.16,262.49,259.09,256.63,256.69,252.44,247.74,240.53,232.56,226.40,218.21,207.79,197.57,185.61,174.39,165.70,156.06,152.90,148.93,146.05,142.44,139.32,131.85
77.52,87.28,96.75,106.17,116.42,127.48,136.61,153.32,161.31,170.99,179.10,187.32,191.85,196.11,201.88,207.09,216.21,226.11,235.47,246.10,258.16,264.59,270.17,275.51,276.51,278.43,274.08,267.59,265.14,261.87,258.00,254.92,253.79,250.46,246.38,243.42,234.95,229.11,222.73,212.25,203.35,194.37,182.20,171.94,162.52,154.33,149.97,147.80,145.12,141.22,136.62,131.18
62.17,72.18,79.21,85.87,93.30,102.80,111.16,120.30,125.67,130.60,137.27,141.40,146.39,148.07,161.61,174.00,184.44,199.01,207.88,217.66,237.26,240.52,243.40,245.49,242.84,246.33,240.67,235.64,236.59,233.17,232.78,230.10,233.45,234.44,229.69,226.15,220.06,217.45,209.62,200.94,194.49,181.11,168.24,150.47,115.11,107.28,105.85,106.07,108.47,105.60,111.36,112.49
86.98,98.49,107.00,119.07,128.46,140.53,148.53,167.16,178.71,188.45,197.70,207.02,211.57,215.80,219.69,227.54,235.17,249.35,255.81,267.92,282.08,288.03,295.43,301.52,303.40,306.36,302.95,289.84,289.18,285.21,281.28,276.12,274.77,273.15,269.79,263.71,258.17,249.90,244.13,231.37,223.18,208.39,198.65,185.59,178.40,166.90,162.50,159.05,156.55,154.29,147.87,140.01
83.38,93.74,103.79,113.57,124.28,134.48,144.89,162.05,169.45,179.40,188.69,197.99,201.10,205.91,210.54,217.79,227.92,238.80,246.52,257.70,271.95,279.82,284.69,291.76,292.98,291.78,288.62,279.73,278.19,275.53,272.62,269.24,264.92,261.63,261.69,253.06,248.81,241.01,235.73,223.91,215.34,201.20,190.39,179.23,171.60,159.23,154.29,151.46,149.47,145.65,141.24,133.88
81.39,93.43,102.93,111.97,122.20,133.56,141.33,157.54,166.97,176.28,183.37,191.02,199.90,198.81,205.41,212.00,220.23,229.98,242.51,246.78,258.24,269.15,274.77,279.98,282.12,281.00,278.79,273.00,273.25,269.90,267.93,263.73,264.17,259.39,263.69,256.02,248.87,244.82,237.33,228.12,217.14,204.79,192.01,181.57,172.98,162.52,159.35,156.77,152.90,149.89,144.42,136.40
83.43,94.83,104.14,113.00,123.07,134.39,144.00,161.06,170.00,179.51,189.24,195.88,201.80,205.08,210.05,216.48,225.36,233.67,245.12,252.20,268.29,276.41,281.77,286.48,287.64,287.85,285.30,278.99,276.47,272.25,270.80,266.74,266.00,265.41,261.77,256.81,249.80,242.00,232.60,226.01,213.24,202.63,188.66,178.10,169.10,157.49,153.69,150.22,146.09,142.72,139.62,131.75
82.22,94.56,103.25,112.43,122.04,133.90,143.27,159.70,168.59,177.52,186.94,194.06,199.74,203.12,207.62,213.03,221.82,230.79,241.87,249.19,263.83,271.97,277.84,281.49,283.45,285.25,281.03,274.49,273.20,269.43,267.13,265.11,263.10,263.10,258.79,253.93,246.59,240.17,230.25,222.89,211.51,199.99,187.45,176.50,167.26,155.86,152.32,148.10,145.34,141.03,137.54,129.10
84.53,93.94,105.02,114.54,125.92,138.13,146.51,164.12,172.84,183.32,193.23,204.17,205.76,208.04,213.82,218.58,230.36,240.75,250.41,262.12,272.22,281.36,289.17,293.07,295.20,295.68,293.55,284.56,281.52,281.46,276.41,271.71,271.06,271.31,269.22,263.21,253.24,248.41,242.16,233.43,220.41,209.51,198.15,184.84,176.47,166.40,163.01,156.47,155.08,151.49,147.83,140.03
81.27,94.58,104.66,114.06,123.98,135.94,145.12,162.25,170.53,181.47,191.02,199.56,203.54,208.73,211.12,218.08,226.68,237.29,247.11,256.07,269.22,280.18,284.55,288.49,290.15,293.00,290.24,283.10,284.02,280.86,275.86,273.41,272.02,268.33,270.70,261.84,255.41,248.89,243.81,233.53,222.25,212.35,199.25,189.43,181.04,169.01,165.98,163.62,157.49,155.05,152.24,142.21
82.73,92.65,103.87,113.16,123.07,133.66,144.56,162.94,170.24,182.46,191.38,200.32,206.20,207.40,213.74,222.43,229.84,242.76,248.70,263.83,272.03,280.06,285.82,295.33,295.39,297.36,291.08,284.10,280.61,277.77,273.83,268.47,266.69,264.28,260.25,255.03,248.17,242.27,237.62,222.25,216.09,204.85,192.63,179.63,171.90,163.48,159.01,154.28,152.12,150.66,147.17,138.18
81.02,91.92,101.24,110.48,120.62,131.14,140.73,158.14,167.34,177.07,186.30,192.94,199.61,204.47,208.87,214.36,224.27,233.43,244.44,251.25,266.61,274.22,280.86,282.94,284.68,286.22,282.20,275.77,273.60,267.61,264.43,260.51,258.71,257.87,253.07,248.28,240.53,232.59,224.51,217.83,206.52,196.39,183.60,173.40,164.58,154.16,150.45,147.49,144.93,141.41,138.68,130.63
61.59,73.11,80.45,87.85,96.34,102.59,108.17,120.25,121.81,128.36,134.63,137.00,142.89,146.37,148.27,160.61,176.28,189.93,203.38,212.51,226.77,232.35,236.60,238.91,239.41,240.80,237.46,229.26,230.16,229.58,226.42,225.08,226.00,225.75,222.79,218.56,213.60,206.12,198.09,192.82,185.30,173.28,160.00,141.99,117.52,104.69,103.94,101.98,106.51,112.09,113.23,109.29
83.65,96.88,106.12,116.09,126.91,137.89,148.00,167.15,176.71,185.15,195.90,203.81,209.70,214.22,218.28,224.72,234.57,245.60,254.33,263.93,277.35,284.89,290.99,296.99,296.51,298.61,292.17,287.64,282.85,281.81,278.30,273.12,273.25,270.95,267.73,262.06,252.67,247.49,239.24,231.02,219.89,208.86,194.47,183.40,175.82,165.22,160.46,156.73,154.18,150.63,146.51,138.68
82.15,93.17,102.24,112.27,122.64,131.40,143.38,160.10,169.12,178.91,185.24,194.59,199.16,204.28,207.18,214.52,224.06,231.81,242.67,252.22,264.20,272.05,279.61,284.26,286.23,284.02,282.08,276.31,273.58,271.67,271.40,265.73,261.63,261.24,258.84,252.92,245.36,239.75,232.12,223.18,210.54,200.17,186.55,177.55,167.59,158.24,152.61,150.10,147.49,141.60,139.27,132.74
82.49,94.20,103.62,112.65,122.49,133.76,144.10,160.23,169.16,176.82,187.72,194.09,200.09,204.16,208.79,214.31,223.03,231.93,243.28,249.90,267.27,274.49,280.23,284.31,285.67,286.99,283.59,276.81,274.30,271.66,268.78,267.33,266.66,265.77,261.09,257.39,248.67,241.81,233.00,224.11,214.25,203.48,189.84,178.72,168.66,160.10,155.98,152.47,149.69,146.00,142.71,133.84
52.80,61.59,68.03,73.82,79.92,87.09,93.94,105.23,111.36,120.10,127.25,135.99,143.45,149.57,155.76,163.44,170.85,179.85,187.52,192.51,204.96,210.24,209.30,211.15,211.15,207.12,202.01,200.69,197.29,195.26,193.04,193.26,194.61,195.00,192.90,192.72,187.22,185.92,178.97,174.87,165.72,155.22,141.91,123.98,101.59,101.79,102.24,99.32,97.86,91.18,96.15,99.25
80.66,92.61,101.12,111.88,120.93,131.14,141.20,158.00,167.93,177.23,185.40,192.51,198.98,200.69,207.62,211.81,221.21,231.19,240.20,248.74,264.02,273.06,277.33,281.01,281.89,284.02,279.43,273.88,271.64,269.25,266.60,265.07,262.37,263.76,259.02,253.82,246.49,239.53,231.16,221.76,211.85,200.39,187.78,176.49,167.05,155.96,152.01,148.22,144.92,140.91,139.29,130.00
80.06,92.13,100.50,110.14,118.00,129.03,139.71,156.98,164.35,174.14,184.07,190.80,197.40,200.82,206.31,211.97,221.23,231.04,241.94,251.46,266.27,274.47,279.87,283.99,285.28,288.23,284.06,278.21,276.63,272.35,268.37,265.96,261.84,261.82,259.27,253.19,244.46,237.43,228.08,219.59,210.80,199.45,186.76,176.14,168.05,159.13,154.69,151.09,149.94,146.05,143.60,135.15
79.31,90.80,98.84,108.81,117.61,129.31,138.74,156.16,164.77,173.68,184.32,189.71,197.23,201.25,204.75,211.97,220.68,230.67,241.42,251.03,266.09,274.53,280.72,283.92,285.79,287.84,283.45,277.85,277.14,272.12,269.30,266.27,264.71,262.18,259.49,253.87,245.17,238.00,229.65,220.62,211.62,200.47,188.28,176.98,169.92,159.55,157.06,153.31,150.00,148.08,144.78,136.03
81.27,94.15,101.79,111.00,122.18,131.47,142.04,159.26,167.43,176.59,184.22,193.75,199.32,202.61,209.02,215.68,224.96,237.61,246.91,256.56,270.07,280.94,283.47,292.00,292.61,294.16,290.34,284.27,283.53,277.24,275.07,270.65,266.58,262.19,261.70,255.07,247.41,239.89,233.75,221.38,211.44,201.02,188.10,177.43,170.04,158.81,156.19,152.04,148.35,144.55,142.17,134.83
79.63,90.69,99.30,109.48,119.27,129.40,140.22,156.28,165.68,175.19,185.08,192.94,198.95,203.12,208.19,216.78,225.89,236.12,247.58,257.82,273.50,282.14,288.23,292.02,294.46,296.23,293.44,287.12,285.16,280.24,277.22,274.24,270.52,269.00,262.15,255.54,248.41,240.35,231.04,220.53,209.75,197.39,186.00,174.35,166.31,157.38,154.38,150.31,148.73,145.62,143.38,134.97
77.79,89.31,97.74,107.47,116.25,127.77,136.24,154.30,164.76,173.14,183.24,191.64,198.24,200.88,206.55,214.39,225.18,236.28,247.01,256.22,272.25,283.30,288.56,293.22,295.94,300.03,294.70,285.00,284.27,281.89,276.68,274.02,270.78,268.16,265.73,257.73,250.23,241.05,233.00,222.11,209.62,198.59,186.68,176.07,167.39,158.78,155.91,152.95,151.70,149.21,144.09,137.30
76.84,87.60,94.26,103.16,113.60,122.67,131.75,149.34,158.27,166.81,177.89,185.56,190.44,195.24,200.69,208.57,218.58,228.88,240.16,249.69,265.13,273.72,280.07,286.04,286.68,291.01,286.23,279.42,276.00,272.90,269.19,267.25,260.31,258.66,254.47,246.13,238.21,230.78,222.40,211.55,201.10,190.09,178.10,166.02,159.51,149.97,148.12,145.34,143.69,141.42,138.06,131.04
78.64,90.35,99.04,108.23,117.39,128.16,137.57,154.35,162.54,171.75,180.01,188.81,194.74,199.48,203.97,211.18,222.04,231.05,244.50,252.67,270.48,279.23,284.70,291.04,293.03,296.44,291.89,285.03,283.99,280.13,277.09,272.21,268.65,265.38,261.59,254.61,244.74,237.17,229.40,219.13,209.35,196.40,184.17,173.62,165.19,157.00,153.59,150.27,147.80,144.94,141.88,133.36
80.16,91.21,101.02,109.64,118.60,130.14,137.20,155.00,163.75,174.77,182.44,192.13,196.99,201.01,210.10,218.69,232.01,246.03,255.03,267.90,280.86,291.56,299.28,308.65,309.47,311.64,309.76,298.44,298.80,291.17,286.23,279.87,271.46,265.75,264.68,255.84,244.95,236.24,227.84,215.86,205.97,190.52,179.62,166.05,159.21,150.28,148.03,147.12,145.43,142.56,139.64,133.56
77.10,86.77,94.15,103.17,111.97,121.49,129.50,145.56,156.16,163.82,172.80,181.22,187.95,193.06,199.04,207.17,216.46,228.13,240.47,249.84,267.53,276.88,283.10,290.12,290.95,293.68,289.84,281.56,278.35,273.12,270.01,264.70,258.09,255.39,249.35,242.00,231.19,222.95,214.31,204.17,193.31,181.47,169.14,159.54,152.23,145.24,143.78,141.60,139.71,137.57,135.62,128.46
81.22,92.91,100.24,110.07,120.30,130.36,140.72,159.66,168.36,180.01,188.92,196.03,203.11,208.79,217.59,225.49,236.60,250.34,263.04,275.05,291.36,302.42,308.60,314.04,317.07,318.51,315.45,305.50,303.66,295.24,288.72,283.18,274.69,269.30,263.47,253.03,245.84,236.35,226.76,214.28,202.60,189.84,176.62,166.15,156.02,150.40,148.48,147.65,146.75,143.62,143.17,135.52
82.01,93.41,101.08,110.00,120.34,131.55,141.74,158.08,168.34,179.01,188.67,198.01,204.98,210.38,218.30,226.72,238.11,252.61,263.43,274.40,292.77,301.62,309.57,314.06,317.59,320.39,315.45,305.18,300.68,296.08,290.14,280.93,274.05,268.70,262.93,254.62,243.97,235.00,225.94,213.55,201.52,188.66,177.02,164.22,156.54,150.15,146.41,145.83,143.27,143.28,140.98,134.62
76.42,86.28,94.34,105.38,115.21,126.38,136.85,155.86,165.47,175.35,185.22,193.75,200.49,206.52,212.16,218.19,227.38,237.50,242.99,253.51,267.44,273.64,279.03,283.83,283.98,284.55,277.20,267.06,261.20,254.57,250.02,242.44,235.13,232.00,225.85,217.25,208.70,202.43,195.11,183.71,174.03,163.78,154.06,144.84,139.40,132.23,131.75,130.74,130.75,130.05,129.38,121.02
75.18,86.31,94.63,104.39,114.93,127.06,137.03,155.08,165.08,175.33,185.54,193.21,200.41,205.30,211.12,217.50,225.23,234.79,244.09,251.64,266.60,273.54,278.96,284.02,281.97,282.88,274.77,266.43,260.63,253.46,247.99,241.63,233.36,229.20,224.08,216.02,209.23,200.19,191.95,182.33,173.07,163.11,152.55,144.22,137.28,131.71,130.51,129.99,129.06,128.58,127.03,119.20
80.61,92.96,102.49,113.11,124.74,136.42,146.49,165.85,175.09,186.78,196.39,205.65,210.89,215.30,222.06,228.54,240.01,248.09,257.62,266.22,278.96,287.54,291.99,297.13,297.88,299.82,290.88,280.56,276.72,270.28,263.14,257.11,249.02,245.80,238.89,231.78,221.74,214.46,205.97,196.70,185.22,173.85,162.69,152.01,145.67,140.19,138.31,137.89,135.96,134.35,133.56,126.05
63.41,72.45,81.58,89.94,99.72,108.52,118.19,136.01,142.44,153.44,164.40,170.42,175.92,181.75,187.80,193.49,201.31,208.22,220.54,226.52,243.46,248.67,254.64,257.10,253.66,258.99,245.51,235.24,233.55,227.50,224.70,217.33,214.69,214.58,209.01,204.85,196.31,188.99,181.22,172.79,162.61,150.72,124.81,106.28,102.88,104.94,109.59,119.95,119.22,118.14,117.43,110.68
81.39,94.20,102.88,113.45,125.10,135.67,145.12,165.95,174.04,185.30,196.06,202.63,210.76,214.56,220.06,226.63,235.36,246.20,254.20,262.82,276.44,282.80,289.28,293.12,293.90,294.73,288.11,279.59,274.80,269.00,262.91,256.35,249.47,247.16,241.70,234.69,224.54,215.82,207.33,198.83,187.84,177.29,165.60,155.86,148.57,141.42,140.01,137.77,137.61,135.71,133.45,126.83
91.02,102.69,113.95,124.15,136.82,148.95,158.90,177.61,189.19,198.00,207.51,220.42,224.41,227.07,228.60,234.79,244.92,252.24,261.93,270.22,283.80,291.00,297.75,302.91,300.03,304.24,294.55,287.62,281.04,276.28,270.49,266.02,261.51,258.31,253.22,248.97,237.50,230.36,223.14,212.46,201.99,190.65,177.55,164.47,157.56,151.43,145.04,141.42,140.25,137.36,136.69,126.91
88.81,100.50,112.00,122.38,133.09,144.35,155.08,173.11,182.26,190.97,200.68,209.61,214.24,217.72,221.82,226.23,234.80,242.69,252.38,260.86,274.06,280.67,285.90,289.40,289.23,289.50,284.11,277.19,273.16,269.31,268.00,265.15,264.22,264.05,259.92,253.10,245.18,237.59,228.86,220.63,209.16,197.37,182.32,170.84,161.91,149.00,144.81,139.09,134.62,131.47,128.10,118.90
83.38,95.52,104.96,116.04,127.06,138.92,148.48,168.32,177.10,187.72,198.98,208.43,214.01,218.66,224.29,231.23,240.65,250.35,259.92,270.60,283.78,292.75,296.33,302.35,302.07,304.02,297.93,288.29,284.78,279.52,276.31,269.71,265.59,263.23,258.50,252.77,244.13,234.29,226.12,215.15,204.06,191.05,179.54,168.30,159.48,150.00,145.96,141.23,139.65,135.13,131.61,124.81
82.86,94.67,105.38,115.68,127.24,138.28,149.08,167.71,177.73,188.04,198.57,208.39,214.46,220.05,226.74,232.82,241.23,252.53,259.85,269.26,283.69,292.37,297.04,304.22,303.45,304.38,298.20,287.68,284.88,280.67,275.96,269.68,263.19,262.07,256.70,251.85,242.66,233.94,224.90,214.28,203.58,191.46,177.55,165.94,158.08,147.65,144.97,140.47,137.93,136.78,132.00,123.43
80.11,93.61,104.04,113.89,126.02,139.92,148.19,169.53,179.33,189.71,201.02,211.25,217.80,224.32,227.42,237.50,249.83,260.00,268.78,279.52,291.02,299.13,305.75,309.47,309.09,308.37,299.28,290.30,285.19,279.18,271.15,265.20,257.60,253.49,249.13,243.56,233.59,223.49,216.26,204.40,195.06,183.81,172.24,161.72,154.56,150.43,149.46,147.47,146.00,142.68,140.26,131.95
77.90,90.38,101.00,110.45,123.65,136.21,147.83,166.48,177.18,186.32,198.01,206.46,214.59,221.28,229.27,235.55,247.07,258.07,270.52,278.89,290.46,299.38,305.37,308.38,306.55,306.21,293.47,283.27,276.46,269.09,259.89,254.03,244.25,239.38,233.05,226.74,216.92,209.15,200.17,189.43,178.44,169.05,158.42,149.86,143.28,140.21,138.41,137.80,138.18,134.16,133.60,124.96
78.52,89.19,99.20,111.00,122.80,134.83,145.00,164.44,173.65,185.28,194.24,202.51,210.15,213.35,220.11,225.62,234.94,245.12,254.53,262.68,273.92,281.13,285.45,287.36,284.30,282.60,272.62,263.87,258.33,252.07,246.47,241.35,237.02,234.09,228.27,224.29,215.13,208.03,199.15,190.26,180.89,170.70,160.21,153.11,148.00,144.17,144.62,143.28,143.42,140.46,138.23,129.81
73.01,85.38,95.00,106.61,120.37,133.54,147.46,171.21,182.95,195.90,207.88,215.86,226.02,231.73,239.42,248.20,259.36,270.22,280.00,287.50,298.43,305.28,309.23,311.08,307.56,306.66,292.54,279.95,270.31,261.89,252.49,243.28,233.24,230.37,220.84,214.77,205.68,197.87,187.83,179.95,170.33,161.14,152.27,146.45,142.20,141.72,142.41,142.67,142.86,140.39,139.00,130.92
72.18,83.24,94.59,106.00,118.85,135.12,147.87,172.07,182.99,195.73,206.93,216.91,226.98,234.39,240.88,249.07,262.32,270.93,282.64,289.88,301.87,308.26,312.23,315.02,312.92,313.45,297.72,286.82,275.64,265.28,256.22,247.41,236.36,232.07,223.57,217.08,207.29,199.15,190.16,178.89,169.50,160.16,150.08,144.01,140.70,139.56,140.29,140.04,140.89,137.93,136.13,128.13
76.66,88.12,98.29,110.02,120.03,133.22,145.84,166.71,176.08,188.32,199.58,209.25,217.25,222.85,228.12,238.73,246.86,261.96,269.88,281.77,291.30,298.80,301.96,306.07,304.38,305.72,297.48,287.85,282.26,272.44,267.53,262.09,250.46,248.90,241.53,234.96,222.73,214.87,205.06,193.55,183.36,171.61,161.83,151.11,148.79,147.22,148.12,149.24,148.65,147.12,143.02,136.49
81.10,92.14,101.91,112.16,125.06,136.93,150.57,169.50,177.10,190.03,201.42,210.22,217.06,223.59,227.26,236.68,246.74,259.38,270.56,278.45,287.86,296.42,300.72,306.61,305.69,304.59,298.29,292.96,289.97,283.57,277.25,274.97,268.34,262.10,258.30,248.28,237.88,228.23,219.15,205.50,196.33,182.78,170.42,161.23,157.63,155.17,155.98,154.49,155.60,151.61,148.93,140.86
84.17,94.13,103.09,114.91,125.87,137.06,148.96,167.04,177.16,186.13,198.17,208.03,213.46,219.91,226.38,233.06,245.60,253.97,261.54,272.05,281.58,288.32,294.31,298.61,295.20,296.70,291.02,284.99,282.21,281.02,275.07,269.16,264.46,259.23,253.45,248.46,237.17,229.14,217.41,206.89,196.33,183.83,174.77,161.15,158.15,151.65,148.34,146.70,144.06,139.30,139.98,130.86
82.73,94.81,103.41,114.74,125.00,136.50,146.24,165.37,176.15,187.00,196.60,204.43,211.55,218.01,225.58,233.31,243.95,253.16,263.40,270.05,282.49,288.72,294.74,297.12,296.67,298.26,291.58,285.46,281.19,276.90,272.73,267.86,260.77,256.43,250.22,242.57,232.54,222.41,213.93,203.53,193.09,180.74,170.85,161.11,154.55,147.49,145.00,142.34,140.16,136.78,133.42,124.62
88.10,101.79,112.36,122.41,135.20,145.17,155.66,178.08,187.13,198.15,208.41,218.83,226.26,231.37,237.50,247.48,258.85,267.04,280.61,280.71,290.34,300.79,305.16,306.79,306.95,304.54,297.56,291.89,288.89,285.19,279.56,270.90,265.22,260.28,258.31,250.34,241.13,230.22,223.51,211.65,203.09,192.26,185.27,170.55,167.73,162.29,154.15,150.63,148.96,144.01,139.28,132.06
80.78,93.96,104.04,115.52,127.48,138.84,150.24,170.48,180.34,191.09,203.06,211.48,219.94,224.51,231.14,237.26,246.20,254.92,264.14,269.61,278.33,284.02,286.47,287.15,286.28,285.18,275.54,270.02,265.41,260.29,257.38,252.07,248.17,246.01,240.47,235.31,226.81,218.69,210.24,203.73,193.04,183.70,173.97,166.01,159.67,153.11,149.91,146.00,143.14,139.52,135.09,126.19
84.17,99.36,108.90,121.66,134.73,148.57,162.12,183.60,192.07,203.98,214.87,226.43,232.90,237.50,243.82,249.19,258.21,267.09,275.18,276.70,283.78,285.34,287.54,293.78,290.62,287.09,279.40,271.49,267.02,259.86,252.62,245.42,237.76,235.69,230.29,223.83,214.19,204.53,196.86,188.81,180.83,166.39,159.53,149.78,143.54,141.66,138.71,137.89,135.99,133.96,128.58,120.00
87.66,101.97,113.99,126.85,140.42,154.01,166.63,188.77,198.92,210.00,222.07,230.50,237.81,243.19,248.82,253.00,262.91,269.48,277.35,279.29,284.34,286.71,288.46,288.92,287.07,287.18,279.46,270.77,264.85,256.22,250.34,243.31,234.08,229.46,222.97,214.61,204.80,195.36,185.31,175.41,166.51,156.55,148.53,141.48,138.60,135.99,135.37,135.09,133.79,130.42,128.16,119.64
92.31,107.71,118.73,133.52,147.09,162.51,175.82,199.49,211.25,220.51,233.28,243.18,250.60,256.33,262.52,269.22,277.18,283.39,292.43,296.20,299.24,302.50,303.32,307.26,302.87,303.15,294.12,284.97,278.52,268.96,261.86,254.43,242.87,239.49,230.05,222.41,213.32,203.49,194.28,181.34,173.14,161.90,154.25,146.77,143.18,141.53,140.55,141.89,139.52,138.00,133.79,125.67
102.59,118.19,131.24,143.39,158.32,170.47,183.60,203.71,209.39,221.38,228.18,237.84,244.98,247.68,251.81,255.56,261.07,266.10,271.49,274.00,279.49,277.35,280.14,280.64,276.32,277.48,271.90,264.68,260.05,256.56,251.34,247.51,241.20,240.95,236.03,226.21,217.55,207.06,196.45,186.30,177.43,166.97,159.55,151.43,147.83,146.32,145.11,143.60,141.66,136.50,133.23,125.24
104.92,119.63,130.25,144.35,159.38,173.42,183.48,204.60,212.81,222.27,228.37,239.44,244.24,248.51,252.52,256.13,262.98,267.82,269.31,274.00,276.38,278.37,278.34,282.80,276.99,278.03,268.42,265.01,261.63,256.76,252.64,250.84,244.38,239.28,236.41,226.38,217.69,208.40,199.72,188.10,178.62,168.83,161.19,154.18,148.52,146.51,145.53,143.13,142.69,137.82,133.70,124.33
105.02,120.77,132.44,143.61,157.88,172.79,183.33,204.75,211.92,222.18,231.16,238.30,245.25,247.75,253.33,254.07,261.09,266.69,272.84,275.05,278.80,280.17,279.73,280.72,277.82,276.38,270.03,264.43,260.35,256.70,253.14,248.85,244.71,242.72,235.31,229.16,219.00,207.87,198.66,188.04,179.20,168.68,159.93,152.86,148.52,146.24,144.07,142.20,140.47,137.13,132.85,124.40
103.41,118.53,131.19,140.29,156.04,169.54,182.22,201.30,205.24,218.83,224.50,232.62,238.50,241.91,246.33,252.04,255.00,262.37,269.31,270.30,272.88,274.55,272.62,276.52,274.35,272.98,265.12,261.70,258.44,251.80,249.97,244.52,239.38,236.72,229.59,224.96,214.26,203.93,194.65,182.70,173.49,162.05,154.02,146.10,141.74,138.36,137.75,134.83,140.94,130.05,126.91,121.08
103.23,118.41,129.19,142.47,156.40,167.84,179.25,196.57,206.30,215.93,224.88,231.11,237.81,241.30,244.29,248.46,254.56,259.65,267.57,268.13,272.03,274.15,273.10,273.75,271.53,270.31,264.61,260.32,256.01,251.45,248.65,245.49,239.43,237.54,231.01,222.47,212.28,202.63,191.76,182.99,172.19,161.45,153.45,144.81,141.68,137.28,138.09,134.83,133.42,129.77,126.67,117.95
99.85,115.45,126.19,139.20,151.17,165.00,176.14,196.23,203.67,213.00,222.34,230.22,236.92,238.62,243.19,247.50,254.49,260.25,265.84,268.90,270.75,271.02,272.03,271.36,269.48,267.81,260.22,255.47,253.39,248.58,245.12,241.60,237.03,234.36,228.37,221.02,212.01,203.34,192.20,184.23,174.54,166.38,156.42,151.21,146.84,145.67,144.47,142.56,140.62,136.75,133.14,124.34
106.68,123.36,135.12,148.49,161.62,176.08,187.07,205.80,214.26,223.14,232.28,236.21,242.03,244.10,246.45,250.14,256.83,262.24,268.12,269.47,270.84,273.63,273.25,272.16,268.00,267.06,259.92,252.80,250.19,246.13,243.02,238.95,234.65,231.97,227.41,220.19,212.61,203.34,196.51,192.32,184.72,179.98,174.39,171.29,170.77,171.49,170.58,169.19,166.00,161.91,156.03,144.92
106.10,121.81,131.40,146.29,160.53,174.27,185.30,206.89,212.85,220.69,229.22,235.05,239.13,240.83,243.90,248.21,252.38,260.32,264.37,265.19,268.66,269.56,270.42,269.55,266.81,264.07,258.23,251.46,248.77,244.09,241.25,236.41,232.78,231.54,225.84,219.54,211.29,203.34,195.48,190.06,183.74,179.29,175.64,171.94,170.14,171.84,171.43,168.88,164.78,161.06,155.56,145.10
114.14,131.47,142.80,154.00,170.29,186.63,197.65,217.30,219.67,231.23,237.69,243.02,246.34,247.17,249.62,254.92,256.02,264.56,267.07,270.09,271.01,266.60,267.32,267.53,261.02,256.29,242.03,235.55,229.53,227.04,222.55,220.48,218.15,215.86,214.31,209.90,204.20,200.21,194.45,190.18,186.57,180.62,177.72,175.80,172.90,177.29,175.64,172.66,171.17,163.98,157.38,145.41
111.63,129.14,142.27,156.54,170.01,183.44,196.47,216.12,224.50,231.76,242.39,248.27,252.61,255.03,258.68,262.41,266.90,271.12,276.72,277.71,277.28,275.93,273.72,270.67,264.85,260.19,244.44,236.36,230.27,225.84,220.74,218.21,213.38,213.02,208.47,204.92,199.54,194.98,191.25,189.62,185.32,181.60,179.18,177.34,178.53,181.57,183.58,180.27,177.79,171.72,167.19,153.57
117.63,135.28,144.80,158.75,175.14,191.23,206.62,227.50,233.62,244.24,253.24,262.21,267.98,270.11,271.36,273.06,280.59,286.28,286.83,290.02,291.51,287.64,289.35,284.40,279.44,271.01,254.57,246.53,237.19,230.38,225.32,219.46,214.67,213.28,210.75,205.77,202.94,199.01,193.66,191.89,186.82,185.78,182.62,181.62,182.85,188.28,184.76,183.66,180.10,175.84,165.70,154.35
111.54,127.48,138.71,151.35,167.73,181.60,195.00,216.53,219.37,232.71,241.02,247.98,252.44,253.51,257.11,259.62,267.05,272.41,276.59,275.86,275.86,274.32,276.54,270.60,267.48,259.59,245.18,234.80,226.34,219.69,212.20,208.19,202.03,202.04,198.24,193.04,189.45,184.20,181.79,179.01,174.59,174.64,169.78,170.36,171.14,177.41,175.86,173.46,171.29,163.49,155.90,145.34
114.93,130.86,143.89,156.47,169.00,185.30,196.41,215.80,224.15,231.82,243.19,247.30,251.77,253.97,254.63,260.39,265.38,269.15,272.62,275.49,274.71,275.04,274.09,272.22,264.36,261.12,247.52,236.60,229.79,223.38,217.66,212.68,209.03,207.23,201.56,199.16,192.26,189.69,184.62,181.82,178.88,175.31,173.22,172.14,171.30,174.03,172.59,172.31,167.32,162.61,153.56,142.52
114.76,131.59,143.12,156.16,170.52,184.70,196.82,216.90,225.08,234.01,243.48,249.11,253.95,256.04,258.30,261.94,266.72,270.30,276.37,278.71,277.42,278.51,277.35,274.05,268.67,265.38,249.83,238.40,230.38,223.29,217.52,212.36,206.94,203.09,198.96,195.14,189.93,185.13,180.94,177.56,174.92,172.20,169.94,169.24,169.29,171.21,170.88,168.76,164.65,158.84,152.40,139.95
118.93,134.38,148.38,161.00,176.62,191.63,203.68,224.85,234.73,245.10,254.49,259.48,265.48,267.23,269.55,275.02,279.87,286.11,290.02,292.23,291.19,290.81,289.79,287.77,282.15,277.40,260.28,248.07,241.02,231.40,224.83,218.22,210.83,208.56,204.80,201.02,193.20,189.28,185.53,183.99,180.31,178.22,175.42,174.87,175.00,180.06,179.82,175.73,173.30,167.66,160.37,148.10
113.16,127.91,139.34,153.11,164.30,179.54,192.28,209.99,215.02,227.09,234.44,242.40,248.76,252.13,255.84,264.02,270.63,278.61,284.02,287.14,288.65,289.39,290.00,290.04,285.75,279.61,264.61,254.92,249.06,235.49,231.37,224.11,217.55,214.67,208.58,203.22,197.25,189.45,185.33,179.61,176.79,170.04,166.21,164.65,165.74,168.47,164.83,161.45,159.71,154.03,147.99,138.40
109.04,122.48,133.36,147.25,156.67,172.28,185.15,206.49,213.10,222.80,231.55,242.39,249.40,254.43,262.02,270.45,276.38,284.88,291.55,297.75,299.01,303.73,303.49,298.88,295.24,291.05,274.19,262.15,253.16,241.05,233.42,227.00,218.28,215.84,207.17,202.81,193.87,188.28,184.01,178.71,175.51,169.10,165.52,163.64,164.14,167.15,164.64,164.35,160.63,156.03,150.05,140.04
102.18,116.76,128.23,140.94,154.30,166.96,179.64,200.25,209.97,219.92,229.99,238.76,246.02,253.89,258.55,268.29,276.96,284.12,292.74,295.72,300.51,304.84,305.04,305.08,300.37,297.31,279.45,268.88,260.23,250.05,242.62,234.48,224.98,222.47,213.34,208.33,198.60,193.26,188.66,183.36,178.47,175.11,171.48,169.19,168.80,170.56,169.71,166.87,162.61,158.82,154.12,141.44
94.51,107.94,117.75,129.14,140.52,154.49,166.96,183.88,192.59,200.83,209.35,216.95,224.11,230.05,236.40,242.00,251.92,256.70,263.97,267.90,272.62,276.12,277.60,277.05,274.87,270.38,258.80,249.15,242.99,234.02,234.29,225.85,220.37,216.91,210.77,205.16,199.28,193.87,190.31,185.35,180.25,173.30,171.35,170.48,170.07,168.11,165.70,163.08,160.06,153.60,150.94,138.76
95.52,107.84,119.27,131.48,144.36,155.80,167.05,185.69,194.14,202.98,212.28,220.53,227.04,230.84,238.53,246.76,253.48,261.84,267.80,272.22,276.33,279.82,280.51,280.02,278.60,276.40,266.60,258.00,252.77,245.46,240.58,234.14,226.74,223.62,216.46,211.23,204.12,198.82,194.55,190.07,186.87,183.50,180.69,178.14,178.14,178.63,177.34,174.80,170.67,165.80,159.66,146.99
97.67,111.63,121.43,134.62,146.82,163.36,172.80,192.35,200.69,211.07,219.45,229.65,237.50,241.76,247.54,255.99,263.21,271.15,277.99,285.85,288.00,290.45,293.86,295.68,293.99,292.88,284.58,275.36,275.41,261.08,259.83,253.45,244.18,242.79,233.43,229.46,223.02,216.62,214.53,207.04,207.28,197.21,197.57,193.71,194.52,196.09,194.15,189.91,186.60,182.00,176.23,163.34
94.40,108.47,119.24,130.92,143.45,155.71,166.33,185.40,195.00,202.20,211.60,218.60,226.32,229.00,235.69,242.39,249.97,258.18,264.20,269.14,274.80,280.08,281.86,283.77,282.10,282.36,274.47,266.56,262.25,255.88,251.02,245.37,237.29,232.77,227.18,218.20,212.19,206.65,201.84,197.99,194.86,190.91,187.60,184.59,184.13,187.01,185.19,181.65,179.00,173.76,166.05,155.08
94.13,108.85,119.75,132.38,143.89,156.44,167.52,187.21,197.02,207.87,215.37,225.26,232.83,237.68,245.31,252.62,259.82,269.54,275.33,280.64,285.66,289.66,293.75,293.14,289.59,288.80,278.52,271.77,265.20,257.80,252.37,245.28,236.78,234.73,226.23,220.06,213.35,208.03,204.71,200.23,198.60,194.79,191.67,191.61,191.06,194.12,193.37,191.60,186.82,182.99,175.26,163.17
96.66,110.22,120.88,132.20,143.45,157.19,169.07,185.60,194.49,202.71,210.04,218.68,223.28,229.63,236.37,243.98,248.41,259.83,263.87,269.79,276.65,277.16,280.41,284.09,281.33,281.40,276.93,270.19,264.62,253.67,251.06,244.81,235.20,231.37,223.19,216.58,210.12,204.94,200.36,197.25,194.91,189.69,186.94,183.61,183.77,188.83,185.74,184.17,180.58,174.92,169.12,157.54
95.27,107.48,119.51,130.75,141.22,155.24,166.18,183.37,190.76,199.62,209.80,218.21,223.67,229.06,236.76,244.20,251.38,261.08,265.80,274.03,277.32,279.57,284.48,286.36,286.45,286.19,278.10,269.76,265.58,255.00,251.27,245.09,236.63,231.74,224.86,218.01,212.00,206.69,202.51,197.34,196.54,191.95,189.86,188.25,190.39,192.63,191.32,190.04,184.68,181.95,176.39,165.10
95.86,109.34,119.20,130.61,141.15,154.55,167.09,183.85,192.07,199.54,209.15,216.78,224.93,229.84,234.93,242.57,251.64,260.17,264.84,273.02,278.26,279.70,285.77,288.11,286.09,284.42,276.18,268.48,263.70,255.57,250.77,245.61,236.07,231.87,225.01,216.83,210.64,207.27,201.14,197.20,196.98,192.40,190.21,189.17,189.53,191.86,192.84,189.08,185.24,180.62,175.82,164.60
93.52,106.12,116.06,126.82,138.44,150.62,161.52,177.99,186.25,195.00,205.35,211.73,217.42,223.08,228.63,236.08,242.86,251.58,258.01,264.62,270.30,274.00,275.14,276.39,275.76,277.42,268.47,260.05,255.62,247.89,241.85,236.64,227.80,223.09,216.02,209.47,202.77,197.23,193.83,189.71,187.28,184.09,182.01,180.43,181.81,184.76,184.07,181.65,178.55,174.87,168.24,156.73
96.84,109.71,120.02,133.00,143.92,156.98,168.47,185.74,195.49,203.04,214.03,221.98,229.02,233.81,239.71,245.51,254.28,261.96,269.43,273.18,280.77,282.31,284.85,284.89,284.02,282.90,274.54,265.66,260.92,253.19,247.59,240.05,228.71,224.62,217.68,210.11,203.48,198.76,194.86,193.08,190.44,188.11,186.68,186.25,188.09,190.66,191.80,188.32,183.99,180.28,175.03,162.03
99.49,110.94,122.59,134.63,146.48,156.24,170.21,188.32,196.66,205.12,214.90,220.82,227.69,233.21,240.63,247.65,254.95,266.16,272.81,280.23,286.47,289.99,291.67,293.62,292.86,290.91,284.25,274.59,271.16,263.01,257.47,251.58,241.05,235.59,228.18,220.20,212.66,206.48,202.89,198.28,197.65,190.07,190.52,189.76,190.38,194.50,192.63,191.69,189.27,184.04,177.28,164.35
103.32,115.35,126.92,140.09,149.84,163.51,176.00,193.09,200.85,208.81,216.52,226.29,232.94,237.63,242.42,250.64,257.32,267.08,273.63,281.52,289.00,290.04,294.00,295.90,293.64,293.32,286.16,276.18,272.15,264.64,258.70,250.71,240.00,235.85,228.53,218.52,212.01,204.36,200.12,196.46,195.49,187.00,185.78,185.00,187.78,188.90,188.79,186.97,185.07,181.82,173.40,163.23
103.00,116.08,126.62,136.85,150.96,163.02,173.22,191.85,198.43,208.59,216.67,225.09,229.54,234.85,241.45,249.93,257.58,265.33,274.12,279.87,289.25,291.60,293.32,296.14,295.19,294.50,287.65,280.30,274.19,268.54,263.31,256.31,244.39,238.88,233.00,223.89,215.18,208.59,203.09,198.67,195.98,191.94,188.81,186.45,188.77,192.51,193.33,190.71,187.01,183.85,177.55,164.44
104.04,118.61,128.50,140.87,152.78,164.30,174.64,192.30,200.44,209.12,218.59,226.30,231.49,236.00,241.28,248.82,257.11,265.82,275.23,279.16,288.01,292.10,294.60,296.18,294.61,294.36,287.08,279.04,273.82,265.65,260.12,252.88,241.12,235.87,227.41,219.79,210.39,202.63,196.80,191.88,188.10,184.39,182.83,180.21,181.01,185.02,185.88,184.66,180.94,178.03,171.28,160.21
101.86,114.83,125.32,136.40,149.48,160.46,171.01,188.09,197.59,205.01,214.22,221.16,227.47,231.94,237.26,244.64,254.24,262.98,271.19,275.05,282.86,288.02,289.01,291.34,291.08,290.17,283.14,273.88,266.67,259.24,252.70,244.00,233.26,230.85,220.08,211.73,204.07,196.85,191.21,188.50,185.41,180.35,178.62,177.19,178.39,182.65,183.37,182.00,179.45,175.25,170.50,158.42
106.89,119.82,129.63,141.42,153.73,166.90,175.60,195.72,201.07,209.06,217.71,225.16,230.11,234.72,242.33,247.49,254.85,266.73,271.89,279.20,288.63,293.14,294.17,297.47,295.97,296.18,290.04,282.42,277.65,269.46,265.44,257.39,246.83,241.17,232.95,222.95,214.18,206.00,200.14,194.74,190.94,184.88,181.91,181.14,180.95,182.83,184.46,183.86,180.41,174.41,170.00,159.30
107.34,120.57,131.24,143.41,153.84,167.57,179.05,196.11,203.00,213.60,222.65,229.99,236.19,239.71,247.48,254.92,264.32,272.03,280.77,287.84,295.57,300.34,300.81,302.61,302.48,301.50,295.15,283.70,278.66,272.38,264.74,256.97,245.54,238.40,228.54,221.18,211.01,204.28,198.00,193.16,187.95,184.20,181.47,179.51,181.47,185.56,187.95,184.29,183.13,178.89,173.05,160.64
78.10,97.00,106.83,115.43,113.23,122.15,124.31,138.45,147.49,151.61,166.43,173.03,183.34,190.28,201.06,206.09,217.35,226.07,234.80,236.78,240.68,249.45,242.72,246.33,233.38,238.88,232.81,230.59,224.40,218.52,213.78,207.47,196.01,194.20,187.38,179.01,169.45,160.64,155.96,148.92,145.00,139.06,136.47,135.62,129.76,130.92,132.00,132.57,129.45,126.92,125.43,116.28
102.93,115.21,125.69,135.53,148.25,160.78,171.05,188.68,196.31,205.00,211.08,220.33,227.02,233.73,238.80,245.58,254.87,263.60,269.47,277.42,282.64,287.04,289.25,293.64,291.34,291.53,281.01,274.61,269.90,261.43,255.43,247.76,236.07,229.14,223.44,213.01,202.53,198.43,194.99,187.97,184.55,181.11,180.28,176.85,177.72,184.72,183.87,182.99,180.62,175.21,170.74,160.73
105.12,119.04,129.42,139.32,152.03,164.14,173.88,191.86,199.28,208.75,217.92,224.37,232.08,235.29,241.81,249.38,259.62,266.68,274.45,280.83,288.26,292.64,294.68,297.36,295.10,295.03,286.02,279.30,273.64,266.42,257.75,251.47,239.01,233.08,225.47,215.78,206.41,200.35,193.40,188.07,184.10,179.98,177.50,176.50,176.59,181.66,182.46,180.16,179.01,173.14,168.37,155.54
105.36,119.27,129.31,140.43,151.74,164.47,175.10,192.42,201.26,210.05,218.30,224.72,232.50,235.58,241.47,249.09,259.67,266.99,276.74,281.10,289.46,293.55,294.98,297.95,295.57,296.10,286.70,280.17,272.85,266.27,259.00,252.35,237.50,233.73,224.00,217.17,206.70,199.53,193.24,188.22,183.00,179.98,178.02,176.92,177.61,181.66,182.86,180.31,177.91,174.32,169.07,156.87
107.07,122.09,131.50,142.72,151.95,167.26,176.82,195.09,201.16,207.97,215.14,222.99,230.42,233.26,240.20,247.99,256.50,266.95,273.70,280.02,285.44,290.20,296.22,296.44,295.72,296.08,288.09,278.35,274.24,265.63,260.99,251.37,240.10,235.08,227.79,215.62,207.04,198.22,193.79,187.40,182.48,176.53,174.00,172.12,173.36,174.91,178.55,176.66,174.92,168.34,167.11,156.63
104.55,119.55,129.25,139.70,149.91,162.41,174.64,191.67,197.43,206.31,212.36,220.08,227.13,230.52,238.52,245.90,251.64,261.01,268.27,277.35,284.23,289.03,289.06,292.86,291.83,290.04,283.83,277.35,271.98,262.84,256.10,250.86,239.14,233.12,222.83,213.60,205.65,196.31,192.51,186.51,182.57,177.41,173.57,170.47,173.22,176.79,177.43,175.03,173.98,167.71,162.25,153.17
107.17,122.16,132.00,144.85,155.56,170.18,180.10,197.19,205.43,213.97,223.01,230.24,237.24,241.28,247.07,255.16,261.34,274.71,283.43,289.17,296.81,301.37,302.12,305.64,304.06,302.42,295.42,285.69,283.65,273.36,266.37,259.05,247.13,239.64,230.78,219.86,212.42,204.44,197.09,189.72,186.53,179.67,177.79,176.82,177.34,181.84,181.95,183.00,178.40,174.55,169.25,157.89
108.19,122.71,132.46,144.51,158.08,169.59,179.13,196.74,204.12,214.01,223.66,231.23,236.24,241.37,247.41,255.97,265.01,274.12,283.27,288.92,297.35,302.48,303.70,306.86,305.50,303.30,295.26,288.11,285.55,275.33,268.40,260.10,247.78,241.87,232.59,222.45,212.36,205.77,198.21,192.44,187.84,182.65,178.72,177.16,179.51,183.47,184.39,182.63,179.11,175.35,170.18,158.67
109.04,121.85,133.06,143.96,156.63,167.94,179.52,197.85,204.63,212.85,221.58,229.20,233.31,240.21,246.05,254.57,261.98,272.92,280.22,288.41,296.95,300.04,303.42,306.62,304.53,305.29,296.28,288.38,284.85,274.09,269.77,261.31,250.05,242.04,233.01,223.81,215.13,206.16,199.06,193.38,189.48,184.02,180.81,179.80,179.36,183.36,184.62,184.23,179.01,176.78,171.59,158.14
105.42,118.85,130.05,139.92,149.88,161.44,173.42,191.07,197.70,206.07,212.05,219.24,226.05,228.16,236.07,242.26,251.75,262.88,269.16,276.90,283.86,287.06,289.67,291.29,292.54,291.71,283.49,275.14,271.03,261.47,256.91,248.36,237.81,231.35,221.90,212.57,201.85,194.83,188.35,182.70,178.14,172.99,169.00,166.72,167.29,168.68,171.71,171.00,166.36,163.13,157.00,147.57
111.02,123.98,135.62,146.99,159.00,171.49,182.08,199.27,208.06,216.09,222.73,231.23,237.05,240.11,248.85,254.59,264.46,274.55,281.14,291.60,297.96,302.58,305.33,306.62,306.08,306.73,297.52,288.27,285.24,274.69,270.54,260.86,249.33,243.19,233.06,224.84,214.39,206.40,198.12,192.92,188.80,182.10,178.77,177.19,175.86,178.64,179.63,179.97,175.33,172.05,165.89,155.03
102.88,116.52,126.13,137.61,149.38,160.80,170.51,187.83,195.35,202.78,211.02,217.89,221.92,227.59,232.02,240.42,248.29,257.78,265.57,270.02,280.17,286.43,289.07,288.52,287.15,288.03,281.18,272.24,268.33,259.06,254.17,246.33,235.71,228.76,220.42,211.62,201.25,194.74,188.32,182.58,177.02,173.28,169.92,167.43,168.93,171.66,172.63,170.74,168.29,165.75,159.84,148.48
102.59,115.13,126.15,137.71,149.03,160.33,170.99,187.10,193.54,201.36,210.79,216.37,222.80,226.88,230.93,239.47,249.07,256.36,264.94,270.24,279.73,285.03,287.27,288.85,288.03,286.03,280.13,269.46,267.86,259.77,254.24,246.11,234.48,228.71,219.24,211.43,200.88,194.37,188.10,182.96,176.50,172.59,168.94,167.11,169.24,170.48,173.14,171.07,168.47,164.35,160.80,148.43
108.46,123.07,133.75,144.35,157.43,170.58,182.26,198.06,207.18,214.97,223.65,232.33,236.54,239.93,245.84,254.62,262.52,272.74,280.02,287.59,293.62,300.06,301.81,303.19,300.67,300.73,295.11,287.14,281.09,273.78,267.96,259.51,249.20,241.99,233.57,222.73,214.70,204.88,197.41,192.77,186.47,181.47,178.13,175.41,177.01,180.42,181.81,179.67,178.04,172.72,168.44,155.90
110.31,125.04,134.16,146.22,158.45,171.42,182.04,198.70,208.09,215.06,224.45,231.71,237.12,242.00,246.61,254.95,261.64,274.12,279.24,290.52,297.41,300.27,303.73,305.32,303.90,303.06,297.09,286.43,282.29,273.89,269.28,260.60,249.88,241.58,234.27,223.06,215.14,207.33,199.56,191.95,188.68,182.46,179.98,177.34,178.72,180.38,181.60,179.28,177.91,171.86,168.96,157.51
110.86,123.00,133.45,143.95,157.00,168.24,181.79,198.91,205.98,214.55,221.82,230.18,235.33,238.48,244.71,251.75,260.74,271.75,278.04,285.33,292.96,296.91,301.09,302.32,302.03,300.72,293.34,287.56,282.23,274.34,265.66,261.02,248.52,242.99,234.79,225.74,215.15,208.13,199.91,195.06,189.38,184.07,182.00,179.18,179.74,183.90,185.71,182.62,181.23,175.93,170.43,157.01
103.39,117.00,128.06,138.23,149.25,161.01,172.24,190.12,195.35,205.06,211.62,220.91,227.92,228.95,236.21,243.52,252.62,263.60,267.93,276.18,280.40,284.55,286.34,290.91,288.95,288.88,282.24,271.28,269.67,260.39,253.65,247.49,234.36,228.28,221.37,211.65,203.00,191.93,187.54,183.13,178.21,170.46,171.72,164.76,166.21,171.11,170.53,169.14,167.07,162.36,157.56,149.58
106.08,117.78,126.62,138.35,150.03,161.55,173.31,190.85,195.76,206.23,211.63,222.17,226.97,230.49,237.01,243.35,250.60,262.21,267.03,274.71,282.11,284.49,289.84,290.03,291.97,290.69,280.53,268.89,268.23,260.05,253.07,245.64,233.08,226.74,220.80,210.42,200.38,193.26,185.97,179.08,175.29,167.59,166.71,163.05,163.11,167.26,169.10,167.19,165.42,161.34,157.18,146.22
109.84,124.62,137.20,145.25,158.40,172.41,183.38,202.05,208.89,216.46,225.16,235.17,239.55,243.66,252.05,258.77,265.38,279.72,282.21,291.57,299.71,302.12,305.95,308.35,309.03,305.11,297.27,290.25,284.86,277.14,267.30,261.63,246.47,241.12,234.34,225.89,214.46,204.64,196.60,192.85,184.72,180.24,177.00,172.96,175.03,176.85,179.07,178.71,176.24,173.00,166.54,156.21
105.21,118.43,128.55,138.44,150.88,163.89,174.19,191.00,197.41,206.63,212.70,220.99,227.20,230.36,237.14,243.43,250.50,261.17,267.92,276.68,283.53,286.54,290.04,292.06,290.08,289.01,281.19,274.56,270.15,262.25,256.10,248.97,235.76,229.08,222.25,212.90,203.40,194.74,188.15,181.75,177.08,171.06,168.36,165.68,166.41,170.04,168.68,168.11,166.57,162.86,157.01,145.17
109.88,123.15,134.62,146.45,157.05,171.41,180.80,198.04,206.35,215.64,222.64,230.53,235.83,239.64,245.20,253.00,261.27,271.60,279.73,285.67,294.96,297.74,301.50,304.01,302.04,301.27,293.59,287.65,282.45,274.36,267.85,260.72,250.02,242.79,234.00,224.83,215.14,205.60,198.07,192.52,186.08,181.89,178.02,174.73,174.87,178.55,178.60,174.93,173.90,168.93,163.67,150.92
107.52,121.67,133.30,142.87,155.60,167.26,178.49,196.73,204.60,212.60,219.32,227.13,232.50,236.70,243.40,250.17,258.68,270.07,276.37,283.55,290.49,295.20,297.07,299.67,299.41,297.56,290.06,282.11,278.18,270.30,263.18,255.48,242.53,238.31,228.55,220.95,210.04,202.16,195.17,189.76,185.18,178.00,174.90,172.70,173.08,175.35,176.49,174.00,171.74,167.19,161.91,150.99
108.66,122.12,133.00,144.78,156.92,169.36,181.62,199.49,207.62,216.33,224.02,231.21,236.81,241.36,248.52,254.47,264.20,273.03,282.19,288.20,296.20,300.96,303.39,304.14,302.37,302.03,293.64,285.82,279.87,274.57,267.06,258.12,246.98,238.02,231.39,223.24,211.10,203.22,195.88,190.13,184.44,179.34,175.60,173.52,173.66,177.12,178.00,174.90,173.11,169.07,165.59,153.10
105.80,120.07,130.25,140.69,152.82,165.41,175.57,191.48,198.84,205.97,211.52,219.91,226.77,229.63,233.94,242.07,249.51,260.35,267.60,272.21,279.31,284.12,288.92,292.10,290.06,290.00,283.27,274.12,273.23,262.19,256.85,250.98,238.50,234.02,228.84,217.82,209.30,200.56,193.60,187.26,182.18,175.11,172.19,166.96,168.68,169.11,172.05,169.01,166.87,161.51,156.24,147.87
106.92,120.81,131.05,141.36,153.26,166.34,173.88,191.64,198.93,208.29,212.85,221.02,225.50,229.67,235.71,241.12,249.33,259.89,265.75,272.80,280.58,285.52,287.81,289.86,288.27,287.42,284.61,273.48,270.60,263.01,258.31,251.48,242.00,233.91,226.98,218.76,208.69,199.30,194.54,186.08,183.21,175.57,173.01,169.30,168.81,169.29,171.40,168.50,166.41,162.41,157.17,147.05
104.36,118.34,127.91,139.34,151.40,162.44,173.92,190.69,196.76,207.12,213.60,220.23,226.30,228.41,234.85,241.66,250.80,259.05,267.08,271.14,281.01,285.76,287.59,289.91,288.20,288.92,280.61,273.39,268.36,264.46,256.33,249.90,240.10,233.32,224.88,216.45,207.55,198.64,191.91,187.27,181.42,175.38,170.80,169.65,169.96,173.28,173.09,171.14,169.00,165.00,160.22,147.51
110.46,125.40,133.90,147.01,155.93,168.40,179.18,195.09,203.35,210.60,216.01,223.89,229.11,233.32,238.21,247.59,253.58,264.52,270.97,279.59,287.02,292.86,296.14,297.86,297.83,298.43,293.04,284.76,283.78,271.49,271.71,264.05,255.79,245.41,239.62,227.95,221.12,210.19,203.49,193.94,190.54,181.04,179.74,174.77,175.65,176.37,176.87,174.43,170.18,166.90,160.70,152.07
109.90,124.78,133.99,146.48,158.15,170.43,181.60,198.88,206.09,213.77,220.84,226.88,231.86,234.69,240.55,246.48,256.03,265.84,272.09,277.98,287.27,292.25,295.12,296.60,296.50,296.71,291.93,284.76,282.18,274.37,270.02,263.46,252.05,245.36,237.84,228.24,219.61,208.34,201.26,194.76,188.13,181.03,175.96,174.45,173.68,175.03,176.05,174.00,169.78,166.03,161.00,149.81
108.19,123.17,134.18,146.16,158.22,171.23,181.84,200.50,205.55,215.23,221.56,229.56,234.61,240.39,250.32,254.67,263.25,273.81,280.79,286.63,295.99,300.03,302.88,304.27,303.60,303.49,294.16,286.72,281.11,273.27,266.76,259.05,246.83,241.12,231.87,221.16,212.46,205.65,195.76,188.35,182.80,177.60,172.89,170.88,170.18,174.13,175.64,173.59,170.70,167.84,162.20,150.95
108.58,123.98,133.03,145.60,157.76,169.96,180.71,198.44,206.07,214.16,223.19,229.03,234.08,239.26,245.23,251.81,262.23,271.06,280.08,285.04,295.49,299.98,302.63,303.78,303.22,304.17,297.32,288.62,282.90,276.45,270.09,262.03,250.86,243.40,236.25,226.22,215.42,207.06,199.15,192.20,185.65,180.49,176.05,172.80,173.64,176.62,176.00,174.93,171.84,168.31,163.78,152.32
111.40,126.92,138.61,148.98,160.51,175.32,185.13,203.04,210.72,218.30,226.92,233.45,237.93,242.39,246.85,255.52,263.12,273.91,281.86,286.57,296.73,300.65,303.76,306.18,303.76,303.20,298.24,290.66,285.85,277.41,273.53,266.94,254.81,249.11,239.71,229.56,218.82,210.79,202.25,196.24,188.66,183.41,177.78,174.65,175.25,177.34,176.82,175.17,172.82,169.31,164.40,151.21
89.01,100.62,112.45,118.85,125.87,129.52,141.48,134.62,140.26,144.52,154.04,155.60,159.21,166.15,172.90,181.16,188.60,198.21,204.62,209.16,219.21,231.81,233.38,229.26,235.05,236.54,239.84,232.79,227.67,226.24,221.62,216.01,209.24,203.30,194.98,189.95,181.22,170.48,164.71,158.01,150.99,145.69,140.63,137.01,135.52,136.53,127.26,110.44,114.28,111.21,109.77,101.84
109.99,124.33,133.63,146.24,157.81,171.62,182.27,200.06,205.06,214.28,221.27,230.11,234.89,240.19,246.02,252.16,258.79,271.28,277.65,284.74,292.03,298.88,299.30,304.96,300.93,300.19,293.34,287.12,284.04,274.35,270.48,259.65,250.39,244.14,236.10,226.37,216.17,206.74,200.06,194.55,190.16,181.39,176.78,172.54,174.18,174.57,176.64,173.74,172.46,165.89,161.48,151.21
110.06,125.03,135.71,147.35,159.29,171.40,181.59,198.59,205.30,212.85,220.60,227.00,231.90,234.80,239.00,245.10,255.41,265.03,273.94,281.33,288.92,294.63,297.62,298.41,298.21,298.40,292.98,286.40,283.38,275.81,271.44,264.80,253.78,248.96,239.64,231.31,220.59,211.32,203.59,197.50,189.45,184.18,178.46,175.87,175.36,176.38,176.03,174.24,171.48,166.36,162.93,150.62
107.70,122.79,133.75,144.09,156.73,168.34,178.60,196.09,203.48,212.06,219.67,224.59,229.65,234.47,239.44,244.82,255.00,263.08,271.94,277.22,286.93,292.85,294.16,295.79,294.29,295.41,288.00,282.73,278.60,271.62,266.91,259.53,249.40,243.18,235.01,225.47,215.30,205.53,196.89,190.63,184.07,178.04,173.67,169.71,168.61,170.84,170.85,169.74,165.75,162.26,157.70,146.10
107.49,120.15,131.06,140.43,153.60,163.68,175.86,191.95,197.85,204.40,212.31,218.39,224.86,226.99,231.23,237.67,245.57,255.71,263.14,270.66,277.65,283.04,284.89,286.84,287.11,287.26,279.18,274.77,269.43,262.10,258.14,251.24,240.78,234.83,226.95,218.20,208.17,200.00,192.33,184.70,179.49,172.53,167.29,163.62,163.09,164.71,164.15,163.98,160.23,154.56,150.88,140.62
110.86,127.03,136.82,148.66,159.08,172.96,183.70,202.63,208.63,216.82,224.01,230.51,237.41,238.08,244.61,250.74,257.50,266.75,277.48,284.07,291.82,295.19,300.15,300.83,300.28,302.11,292.18,285.70,282.12,274.32,270.15,262.61,252.62,248.60,239.12,229.07,219.01,209.66,201.90,195.62,188.60,183.14,177.28,173.14,174.42,174.45,174.26,173.11,171.40,166.03,160.46,149.28
106.04,119.67,130.18,140.73,154.38,165.48,177.49,194.36,199.22,209.06,213.46,221.61,226.75,230.05,235.26,240.13,248.24,258.59,266.33,271.97,279.09,285.51,287.78,289.25,288.62,287.64,281.97,276.59,271.53,264.71,259.06,252.40,241.62,238.21,229.02,219.69,208.74,201.01,193.26,187.36,180.47,174.05,168.88,165.71,164.61,166.11,165.98,164.76,162.08,157.20,153.05,142.86
105.68,118.73,128.97,140.25,150.66,163.93,173.64,190.54,196.73,203.83,209.69,217.33,221.78,225.66,231.22,237.17,245.25,255.44,262.84,270.48,275.49,283.75,286.54,287.11,286.51,288.62,279.51,273.25,269.65,264.66,258.79,253.05,243.40,237.69,229.80,220.15,210.30,201.64,193.61,185.24,181.20,174.23,167.90,165.53,164.76,165.10,165.68,164.62,161.53,156.12,154.35,142.44
105.60,120.02,128.88,142.90,152.97,165.87,174.89,193.67,197.41,208.47,210.62,220.91,226.12,229.65,231.58,240.75,245.42,256.77,264.05,273.43,279.96,284.86,286.45,290.66,287.34,289.20,283.03,273.85,272.20,262.15,259.09,254.00,242.74,236.29,227.67,220.10,209.61,201.16,192.61,185.04,178.88,170.14,166.59,161.11,163.78,163.45,164.35,162.43,160.70,156.43,151.60,141.68
105.89,120.07,129.07,141.28,152.51,164.07,174.64,192.59,196.65,204.44,211.23,217.95,222.65,225.14,231.21,237.35,246.29,255.56,263.03,269.00,276.00,281.74,285.77,286.47,285.04,285.41,279.47,272.44,267.64,262.77,256.33,250.42,240.63,234.34,226.74,217.19,208.63,198.59,189.87,184.82,178.24,171.11,165.74,160.46,161.24,161.91,162.78,159.97,157.54,152.62,149.58,138.52
112.04,126.12,137.30,148.76,160.21,173.36,184.36,202.23,207.06,215.08,221.27,230.05,233.86,236.89,242.98,250.84,258.23,268.73,279.71,285.39,293.38,297.17,302.20,303.80,303.46,302.42,298.46,291.25,287.18,281.01,274.49,268.20,258.41,252.04,242.99,232.02,223.22,213.82,205.28,198.08,192.04,185.69,180.08,176.01,174.67,177.34,176.38,175.76,170.66,167.30,160.80,150.75
106.25,119.95,130.55,140.73,152.62,165.12,175.39,191.70,198.60,206.65,214.58,221.38,224.97,228.35,233.77,240.85,248.56,257.49,265.40,271.06,280.73,284.20,286.70,288.88,287.62,288.17,281.11,275.12,270.82,264.75,258.75,252.62,242.53,237.15,228.71,220.08,208.47,201.68,193.05,187.28,179.48,173.83,167.63,165.65,163.05,166.03,167.03,164.27,161.64,158.01,153.39,142.06
111.29,125.40,137.41,148.49,161.28,173.95,184.61,202.31,209.35,217.80,225.82,232.02,237.72,240.26,245.35,253.18,260.84,271.15,278.64,284.68,294.46,299.82,302.58,303.53,302.39,302.42,295.58,288.92,283.65,278.96,273.00,265.37,255.86,250.05,240.71,231.00,219.83,210.54,201.63,195.36,188.22,182.46,176.40,173.14,171.27,173.28,173.77,170.89,168.24,163.78,159.53,148.07
111.83,127.48,138.92,149.34,161.30,175.11,184.95,204.53,209.77,219.59,225.08,232.05,236.40,241.02,247.63,253.53,263.05,272.64,278.98,288.44,295.50,300.04,303.08,306.78,305.29,304.61,297.87,291.60,287.21,280.40,277.02,267.47,255.83,252.79,242.32,233.08,221.93,214.25,203.03,196.82,190.07,182.65,177.00,173.17,173.46,172.43,173.82,172.29,168.00,164.20,160.02,149.48
106.53,120.43,131.47,143.40,154.35,165.10,174.55,193.00,200.30,207.04,216.67,223.02,228.65,232.20,236.45,243.18,253.01,262.79,271.81,276.90,284.14,288.27,291.58,294.59,291.55,291.62,284.63,274.65,269.71,263.43,257.61,250.84,239.38,233.21,223.62,215.33,205.14,196.37,187.39,182.65,175.00,168.87,164.71,161.47,161.84,163.69,162.74,161.72,158.64,154.56,150.86,140.58
106.33,119.51,129.34,139.60,151.64,162.37,172.35,191.26,198.13,205.00,210.79,218.81,224.61,228.49,235.17,241.25,250.00,261.73,266.79,274.05,284.49,290.12,291.14,292.41,292.29,290.11,284.55,276.28,271.64,261.92,256.91,249.30,240.53,231.86,225.04,217.04,206.55,196.86,190.16,183.77,178.09,169.07,166.58,164.71,164.20,164.44,165.95,164.68,160.98,158.39,153.69,143.54
107.65,120.84,130.00,141.21,154.05,165.60,175.35,192.82,199.26,205.18,213.86,220.37,226.11,231.08,236.21,241.67,250.12,260.50,267.59,275.69,284.27,291.76,291.58,293.08,293.59,292.11,285.03,279.58,274.06,264.85,262.09,253.27,244.20,237.08,228.27,220.23,209.29,200.90,192.68,185.15,180.65,172.47,167.26,165.33,163.99,164.76,164.40,164.01,161.64,158.90,153.29,143.10
101.52,114.98,123.97,136.44,147.14,157.76,167.55,183.14,191.40,198.59,205.19,210.86,217.59,220.84,226.50,234.17,242.26,251.34,258.14,264.92,271.15,277.91,278.40,279.87,279.09,279.73,271.58,262.94,259.93,253.03,247.98,239.42,229.79,224.15,214.90,206.69,195.93,188.07,180.23,174.90,168.44,162.86,157.87,154.73,154.64,156.42,156.97,155.28,152.55,148.22,144.62,134.65
109.48,123.07,132.00,144.59,156.46,168.66,178.18,195.93,202.23,210.01,216.54,225.08,228.55,235.67,239.87,244.90,254.70,262.67,273.38,278.30,289.39,292.25,294.26,296.29,294.55,294.44,285.33,279.22,272.74,266.73,261.20,255.05,243.00,236.54,229.44,219.67,210.44,200.02,192.34,185.61,179.51,173.81,168.07,165.68,164.00,166.03,165.80,164.22,161.04,156.46,153.55,143.27
109.40,122.30,132.23,144.07,155.60,168.00,178.44,195.36,202.83,211.12,219.66,225.39,230.49,233.69,240.28,247.20,255.95,266.55,274.80,281.45,290.99,294.76,296.35,297.89,296.08,297.42,289.93,280.89,278.99,269.42,263.46,257.64,247.15,240.25,232.43,222.99,211.77,204.07,195.88,189.76,181.99,175.86,170.95,168.51,168.66,170.07,170.53,168.67,163.68,161.31,157.31,146.45
110.49,125.18,135.57,146.58,158.86,170.99,181.47,199.45,206.53,214.29,219.22,226.61,233.33,236.21,245.08,252.39,260.32,271.21,280.32,288.38,296.72,299.79,302.95,306.13,303.26,304.28,297.41,288.13,284.27,274.69,270.08,262.93,251.80,244.81,235.87,226.02,215.10,206.71,198.91,190.22,184.04,173.81,171.08,167.45,167.76,169.25,168.00,167.92,164.92,161.25,156.16,144.92
107.91,120.57,131.65,142.94,154.16,164.92,175.29,193.40,199.01,205.41,210.95,220.78,225.94,228.88,233.42,239.89,248.78,258.52,265.12,276.08,281.33,286.59,291.04,293.49,291.40,290.27,284.06,278.06,276.52,264.41,259.79,254.33,245.09,237.79,229.12,218.83,211.15,200.90,192.63,185.55,181.11,171.60,169.16,162.81,165.11,164.26,167.63,165.25,161.70,157.89,153.22,142.41
109.12,123.33,133.66,145.66,154.84,168.88,180.00,194.83,202.00,209.07,217.39,223.14,230.34,232.69,238.47,244.59,252.79,261.35,273.40,279.23,286.25,292.26,292.58,294.65,295.30,294.61,288.48,278.11,274.02,267.56,262.12,254.92,242.59,236.38,229.27,218.39,208.31,198.16,191.44,184.39,177.34,169.61,165.85,162.26,160.31,160.59,161.03,161.31,157.01,153.39,149.20,138.35
103.08,117.55,126.91,137.80,147.80,159.31,170.18,183.81,188.94,198.48,205.04,210.95,216.67,220.20,224.56,231.85,240.62,248.46,260.20,264.14,272.72,278.21,280.18,282.18,280.51,280.20,275.00,265.32,261.81,254.83,249.82,243.02,232.42,226.15,218.82,209.02,198.46,190.44,182.24,175.41,167.05,162.87,156.52,154.01,152.88,153.53,155.32,153.01,151.00,147.11,143.57,131.97
109.04,121.40,133.96,144.78,155.08,167.60,176.14,192.33,199.96,205.97,214.16,219.13,222.55,226.24,231.14,237.64,247.99,255.63,264.46,271.12,280.28,285.55,287.51,289.91,289.81,291.38,285.80,279.30,275.77,270.65,265.24,259.11,249.44,244.12,234.79,224.96,214.76,206.50,197.27,190.22,183.05,176.23,169.85,166.36,164.76,165.89,166.34,161.25,159.15,154.77,147.98,137.24
102.88,115.04,124.23,135.83,146.24,157.28,169.25,183.37,191.09,197.82,203.59,208.89,213.78,217.85,223.45,227.55,234.36,245.54,254.19,260.05,267.65,272.57,274.61,274.97,275.53,275.09,269.06,262.94,259.12,252.68,247.84,241.02,230.96,227.37,218.71,209.88,200.88,191.85,184.17,177.00,170.32,162.93,158.81,154.99,155.32,155.01,156.24,154.40,151.79,144.84,142.37,132.91
102.55,116.08,128.02,138.72,150.01,161.01,172.28,189.75,194.62,201.76,208.04,217.35,221.63,226.05,232.16,237.36,245.69,256.09,261.22,269.47,276.38,281.44,283.64,285.80,282.12,282.29,273.54,265.32,260.85,254.61,248.65,241.81,230.65,224.66,215.93,207.53,199.65,189.17,180.50,174.43,168.60,162.11,159.01,155.08,155.03,156.98,156.82,155.50,153.31,150.23,145.61,135.64
110.75,122.38,134.00,144.22,158.40,170.65,181.20,197.52,205.01,214.01,222.38,226.72,233.57,237.88,245.80,252.24,259.24,269.67,277.67,284.89,292.98,299.45,301.00,302.61,301.04,300.82,289.89,285.10,277.16,271.67,263.93,257.30,244.90,238.76,229.40,219.21,209.15,201.11,192.59,184.22,178.55,172.24,166.77,163.67,162.64,166.09,165.00,163.81,161.64,157.44,153.88,143.10
109.18,122.59,132.00,144.62,156.43,166.90,178.47,196.99,203.92,210.44,216.02,224.40,230.49,233.31,240.24,245.07,255.52,265.41,272.62,282.39,288.79,294.11,295.20,299.49,296.08,295.88,288.62,279.10,273.89,267.59,261.09,253.15,242.01,235.42,227.38,218.28,208.87,198.96,191.97,184.57,178.18,170.63,165.71,162.41,163.38,162.36,163.77,161.90,159.46,155.77,151.60,141.20
107.63,121.74,132.24,144.20,154.93,167.73,177.49,195.47,201.59,208.97,217.22,224.20,229.48,233.11,241.25,245.49,256.33,264.69,271.97,280.08,286.20,293.21,295.95,296.47,295.11,293.68,287.42,279.90,273.12,265.24,258.77,252.38,242.00,234.55,224.54,215.19,206.70,197.03,189.06,182.70,176.11,169.07,165.70,160.42,159.15,160.64,163.48,159.79,158.75,152.55,149.59,139.52
107.90,121.28,131.55,143.67,153.52,166.48,178.10,192.94,199.90,209.41,214.41,222.18,226.29,231.95,240.43,245.60,254.70,265.05,271.07,280.42,286.94,294.46,295.30,297.53,297.09,296.77,291.11,281.83,275.48,265.88,262.83,254.91,243.30,238.55,227.80,219.67,209.29,201.25,193.00,185.28,179.32,172.63,167.41,164.20,164.73,164.01,165.52,164.50,162.05,157.43,152.32,141.66
106.74,121.04,131.37,142.21,154.38,168.08,178.64,195.31,201.81,210.24,216.02,223.33,229.22,233.12,239.45,247.41,254.47,264.28,272.68,279.72,286.25,293.16,293.52,295.15,295.58,292.03,287.90,278.47,273.72,264.31,260.09,250.32,241.12,234.36,224.54,216.33,208.08,198.21,190.80,183.25,176.41,169.73,163.42,160.20,161.61,163.13,162.48,162.05,159.77,156.40,151.00,141.09
114.34,129.38,139.74,151.43,163.77,176.80,188.28,205.35,211.10,221.46,228.11,235.75,241.10,247.94,253.51,259.45,269.39,279.87,286.94,296.20,303.80,310.58,311.06,313.43,313.41,311.77,300.41,292.80,289.01,278.00,272.08,265.00,251.44,246.01,235.48,227.04,216.00,207.50,197.09,191.39,184.62,176.37,171.68,167.59,167.06,169.11,169.54,166.69,165.00,160.59,157.41,146.99
107.91,120.30,130.08,142.80,153.06,166.08,175.96,193.50,200.55,209.69,216.32,223.24,228.42,232.57,239.18,246.03,254.61,265.42,273.12,280.24,286.56,292.96,294.50,295.67,293.48,294.14,284.02,275.18,272.04,262.38,256.88,249.78,238.95,233.14,223.09,212.34,203.84,193.64,186.21,179.69,173.36,165.95,162.09,157.54,158.40,158.60,159.84,159.70,156.16,153.77,147.11,138.58
112.07,126.19,136.88,149.22,161.99,174.39,184.32,201.06,208.90,217.66,226.55,230.51,236.92,240.65,244.35,250.80,261.09,268.76,279.52,284.43,294.26,300.02,301.26,304.80,304.04,303.64,297.56,291.24,287.26,280.17,274.77,268.13,257.44,251.64,242.22,233.14,223.22,212.81,203.92,196.65,188.96,182.54,175.82,172.53,170.56,172.54,172.24,168.96,167.26,162.86,156.87,146.58
105.65,120.51,130.63,142.04,153.22,165.95,175.65,191.05,197.88,206.09,214.25,219.02,223.29,226.74,232.82,237.15,246.13,255.88,263.90,268.48,278.43,282.48,284.57,287.13,286.40,285.78,280.81,276.18,269.85,265.38,259.39,252.91,242.98,237.70,229.27,221.04,210.58,202.04,193.10,186.80,178.07,172.49,165.56,162.82,160.64,162.50,162.74,160.60,157.47,153.12,148.07,138.60
103.00,116.78,127.40,138.93,149.03,159.33,170.74,184.14,191.80,198.77,203.07,209.15,213.15,215.13,219.72,225.00,231.48,241.07,248.36,253.94,262.27,268.04,272.81,273.66,273.31,273.76,270.80,265.96,263.14,261.43,255.41,251.33,244.01,241.10,234.75,223.65,216.54,206.63,200.52,190.92,185.07,177.12,169.58,165.86,163.00,161.05,161.28,159.30,153.95,151.40,145.96,134.47
105.65,118.38,128.70,139.23,149.64,161.41,170.29,186.27,192.90,199.70,203.84,210.01,214.02,216.18,221.27,226.50,233.94,242.22,250.80,256.81,264.00,270.14,273.76,275.62,275.15,277.33,274.05,267.53,265.02,262.46,258.15,252.94,245.42,242.26,235.64,226.42,217.06,207.37,201.44,193.20,187.63,179.51,172.46,167.67,164.54,162.50,162.50,158.62,154.46,149.83,146.03,134.24
104.69,118.60,129.45,139.32,150.00,161.38,169.73,186.27,192.27,198.60,204.95,211.14,212.81,214.98,220.41,225.20,232.31,242.67,248.92,255.43,261.59,269.09,273.20,274.23,274.17,274.76,273.23,268.27,264.32,262.50,257.16,252.30,244.90,240.47,234.72,224.64,216.39,206.79,199.48,191.67,184.59,176.08,170.75,167.37,162.61,158.62,159.39,157.28,153.22,149.64,143.96,133.66
109.93,123.75,133.90,144.03,156.00,167.71,176.65,192.34,199.69,206.60,214.17,220.18,224.15,228.81,233.09,240.38,249.06,257.80,268.07,273.70,282.45,289.50,292.36,293.82,293.00,293.16,286.54,281.10,278.04,270.90,266.25,260.22,249.26,244.62,234.62,226.64,216.31,206.41,197.13,190.71,181.40,174.67,168.66,164.14,163.37,164.30,163.05,160.06,158.81,154.55,149.51,138.31
80.99,88.32,96.67,111.04,112.41,117.92,124.68,137.06,145.00,153.15,161.61,168.34,171.84,175.15,183.66,188.83,198.41,205.88,214.77,219.97,228.43,233.77,236.58,240.10,238.00,239.59,234.55,231.45,226.64,223.03,216.46,212.31,202.30,198.74,190.54,185.07,174.64,166.15,158.42,150.60,142.86,137.12,131.49,129.14,127.19,126.25,126.25,123.55,120.30,116.90,111.87,106.17
111.68,125.78,136.88,147.32,157.66,172.19,182.19,197.85,205.88,214.04,220.73,228.60,235.05,235.91,244.10,251.10,258.79,269.27,276.50,285.57,294.36,298.47,301.20,304.59,301.48,301.89,293.47,283.29,279.09,271.28,265.24,257.61,246.17,238.81,230.41,222.25,211.29,201.64,195.02,186.70,181.07,173.91,167.76,162.86,163.98,161.99,164.35,162.37,158.48,156.20,152.07,141.03
108.78,123.41,133.41,145.25,155.71,169.33,177.71,195.13,201.60,210.24,216.83,222.58,226.38,231.25,235.65,243.07,252.96,261.96,270.35,277.02,285.07,291.30,295.05,296.49,296.06,298.10,290.80,284.89,281.22,273.21,269.58,261.12,251.45,245.25,237.54,228.45,218.36,208.66,200.12,193.50,185.99,179.05,173.42,169.46,167.92,168.13,167.29,165.30,162.19,158.47,153.40,142.67
108.45,121.20,132.00,143.69,153.18,168.01,178.49,194.83,201.82,208.09,215.42,222.06,226.11,230.20,235.64,242.23,249.00,260.28,268.43,274.61,283.03,287.17,290.22,292.90,292.44,292.17,286.63,277.65,274.61,269.01,265.01,256.59,246.24,239.31,230.67,223.18,212.81,203.40,196.06,187.54,182.13,174.66,168.57,163.13,163.38,163.77,164.91,162.41,158.90,154.69,149.48,140.06
109.62,123.17,134.21,145.28,156.47,168.36,179.48,193.69,202.23,209.77,217.68,222.80,228.11,231.70,237.01,243.91,252.00,260.55,268.78,276.47,285.24,289.80,291.78,294.96,292.68,294.54,287.28,279.87,275.98,270.80,264.76,257.62,246.81,241.60,232.25,224.24,213.95,203.80,196.02,189.42,182.21,175.41,168.83,165.60,164.40,164.62,164.76,161.97,159.15,154.51,149.97,139.18
109.18,121.93,132.98,144.40,155.97,166.93,178.36,193.20,200.17,208.39,216.10,222.08,226.15,228.86,234.97,241.96,251.23,260.69,270.49,276.22,284.49,290.35,293.82,295.16,294.43,295.85,288.02,281.37,275.43,270.13,264.20,256.85,246.91,240.30,234.29,221.93,213.55,202.79,195.06,189.28,181.91,173.85,168.76,165.68,164.03,164.22,164.23,162.83,159.18,154.69,151.00,139.85
108.56,122.87,132.52,143.14,154.63,166.21,177.50,193.21,199.42,208.28,214.71,221.28,225.22,228.98,234.01,241.46,248.73,258.59,266.18,273.59,280.18,286.68,288.13,291.71,289.18,289.21,283.13,275.83,272.15,265.51,260.28,253.53,241.96,235.21,228.44,219.40,209.90,198.93,191.77,185.19,177.41,170.82,165.47,161.62,161.83,161.45,162.79,160.70,157.38,153.56,149.50,139.70
111.36,123.23,135.86,146.99,158.35,171.33,182.94,199.54,207.25,214.03,219.66,229.71,232.11,237.59,242.84,251.45,255.36,266.92,272.90,284.86,291.95,295.41,299.55,302.24,301.04,299.25,291.98,285.41,281.46,272.81,267.99,263.87,250.06,243.30,235.55,226.24,216.58,206.01,199.15,190.12,184.61,175.50,171.54,167.72,167.01,164.76,167.63,165.68,162.36,157.95,153.39,143.14
107.91,120.81,131.32,142.90,153.56,165.89,177.79,193.67,198.92,207.51,214.24,219.92,227.76,232.05,235.99,244.12,249.26,259.94,266.19,275.77,280.94,286.80,291.46,293.30,293.03,292.20,287.24,276.05,273.03,266.33,260.64,254.02,242.84,236.46,228.71,219.15,212.98,200.87,196.09,184.98,180.80,172.70,168.59,161.97,162.98,162.36,165.95,163.13,160.01,157.15,152.27,142.89
108.17,121.43,132.14,143.03,155.13,167.20,178.47,195.13,201.80,209.62,218.41,223.14,227.79,231.46,238.03,243.21,253.78,260.97,271.49,276.96,284.91,289.40,293.43,295.15,292.64,292.93,286.57,280.37,273.31,268.20,261.67,255.97,242.86,238.44,230.18,219.80,210.38,201.25,192.87,185.19,180.10,173.57,166.57,163.13,161.23,163.71,163.37,162.16,158.45,155.26,150.03,139.85
107.19,121.20,131.24,143.67,155.42,167.60,178.00,193.40,201.38,208.52,217.08,223.60,228.21,231.60,236.92,244.40,253.69,261.40,270.84,277.71,285.59,290.24,293.02,295.30,292.10,293.47,287.10,278.71,273.79,266.37,262.09,255.20,242.55,238.30,229.21,219.60,210.44,201.23,192.51,186.03,179.01,171.42,167.36,162.82,161.97,161.92,163.01,160.65,157.75,153.88,149.48,139.52
108.85,122.20,132.41,143.84,154.99,167.45,177.87,194.37,200.00,208.00,215.63,222.39,227.06,231.19,235.71,245.55,251.56,263.15,270.05,276.81,286.40,291.73,294.40,297.25,295.15,296.07,290.43,283.01,277.50,270.74,265.84,258.95,247.64,241.48,233.62,223.18,214.70,205.12,196.70,188.66,183.74,176.41,170.66,166.82,165.56,166.21,167.17,165.08,161.45,158.01,153.39,142.30
106.68,119.47,130.30,141.87,152.12,163.32,174.18,189.50,196.12,204.27,211.38,218.34,220.74,225.87,229.68,236.64,245.73,254.52,261.47,269.27,279.01,283.30,284.60,288.09,287.24,288.00,280.24,273.00,269.61,263.89,259.93,252.72,243.05,235.75,227.30,218.63,209.12,200.55,192.40,184.13,178.13,172.26,166.82,162.80,162.61,163.77,161.45,161.53,158.80,154.04,148.41,140.06
111.00,124.23,136.56,148.03,160.25,172.59,182.33,199.72,208.06,215.96,222.64,229.26,233.93,237.89,243.25,249.69,257.86,268.08,276.49,284.45,292.51,298.72,299.72,303.04,301.05,301.32,294.24,285.34,283.28,276.12,270.30,262.98,253.05,246.14,238.89,229.31,218.25,209.07,200.20,194.25,186.29,180.34,173.68,170.53,168.94,171.11,170.53,168.24,165.71,161.37,157.28,144.59
112.20,127.35,137.71,148.93,159.10,172.63,184.14,199.46,207.91,214.29,223.18,230.15,234.00,238.80,244.38,250.77,259.12,270.22,278.57,284.85,295.08,301.87,305.06,306.18,306.00,305.75,298.24,289.55,286.00,278.61,272.15,268.00,255.98,248.94,242.07,231.00,219.76,211.57,202.41,195.17,188.44,180.68,176.16,171.94,169.31,170.86,170.58,168.83,164.78,160.56,156.20,145.60
107.70,121.00,131.91,142.90,154.55,165.89,176.28,191.64,198.67,205.87,213.12,219.99,223.81,227.76,232.65,239.49,247.52,256.56,266.01,273.40,282.71,287.22,289.75,292.83,291.15,292.22,285.61,279.43,275.41,269.90,263.84,257.51,247.52,241.92,233.42,225.74,214.93,207.18,198.12,191.60,183.87,179.01,172.19,169.92,167.30,168.60,168.32,165.48,161.37,157.65,153.22,141.66
109.60,123.65,133.63,145.01,157.61,169.37,179.23,195.26,203.33,211.29,218.41,224.86,230.49,232.55,238.60,245.42,253.51,264.22,271.96,277.60,286.82,291.34,294.15,296.99,295.79,295.49,288.21,280.79,276.52,269.98,265.36,257.86,247.29,242.17,233.00,224.44,214.31,204.71,196.33,190.79,182.41,175.82,170.39,167.89,165.10,166.17,166.63,164.00,161.14,157.49,152.08,141.40
108.05,121.49,132.31,143.38,153.38,165.30,174.03,192.04,199.01,205.87,212.85,217.39,223.37,227.04,231.92,238.05,245.59,255.67,263.10,271.01,280.13,285.69,288.06,289.97,289.91,289.99,284.88,278.21,273.13,266.91,259.88,255.62,244.17,241.03,233.65,223.79,213.60,205.36,198.30,190.80,184.86,177.37,172.12,168.11,167.36,166.64,168.59,165.59,163.29,158.60,154.56,141.09
109.93,125.03,133.88,146.24,157.54,170.26,180.23,196.58,203.96,209.27,215.20,221.58,228.97,231.01,236.93,243.30,250.91,262.49,268.33,274.31,281.67,288.43,291.00,293.06,291.94,290.49,284.61,277.46,275.57,265.82,262.69,256.60,246.66,239.91,233.95,221.92,214.83,203.63,198.60,188.53,183.10,172.73,169.07,166.14,166.08,164.50,164.50,162.52,160.13,158.15,151.43,142.56
112.33,125.20,135.64,146.76,158.11,171.47,182.17,197.31,202.95,211.54,217.81,224.76,228.97,232.36,237.93,242.83,253.69,262.39,270.50,277.68,285.28,289.71,292.98,294.49,294.64,293.91,289.00,280.63,276.52,269.25,264.47,257.61,247.35,242.99,233.62,224.51,213.88,205.35,197.13,190.16,182.78,175.39,169.46,164.81,164.60,163.98,163.25,163.19,159.25,154.74,149.63,141.22
110.54,124.08,134.48,146.09,157.00,169.46,181.18,195.03,202.41,210.20,219.32,224.32,229.53,234.00,239.44,246.11,254.59,263.06,271.27,278.65,288.43,292.24,294.15,295.24,294.98,294.27,287.15,279.97,274.07,268.97,263.61,255.38,243.82,237.61,230.33,221.39,211.12,202.95,194.43,189.21,181.23,174.60,169.03,165.56,164.16,166.33,165.46,162.52,160.08,155.66,151.48,139.90
88.28,102.22,112.70,120.21,116.85,128.39,130.23,138.65,147.03,154.92,164.21,168.50,176.48,182.45,188.30,196.73,205.87,214.41,220.13,226.81,234.77,242.96,245.55,246.02,244.86,243.28,240.34,234.62,232.13,223.89,219.22,214.97,204.44,200.39,193.01,186.95,175.86,166.14,159.39,151.72,144.50,137.06,132.00,128.32,125.87,124.46,123.23,120.70,118.70,113.85,111.00,102.96
113.21,127.00,138.52,150.01,161.28,173.68,184.45,201.00,208.68,216.00,222.99,229.17,234.39,238.13,243.83,250.48,259.72,268.08,278.16,284.03,294.12,299.93,300.55,303.40,301.80,302.37,295.79,288.06,284.43,277.95,271.36,264.59,253.71,248.60,240.03,230.44,220.47,211.62,202.41,196.94,188.15,182.57,177.08,173.57,172.41,173.68,173.67,171.23,169.07,164.14,159.55,146.69
109.11,123.20,132.23,143.84,155.21,167.84,177.34,192.41,199.62,206.70,213.94,219.49,225.42,226.81,232.70,237.19,246.46,255.56,264.78,269.52,278.21,283.06,285.93,288.47,286.92,287.12,281.03,274.93,270.86,266.60,261.86,254.66,246.34,241.15,231.94,223.34,214.54,204.68,196.00,189.65,183.36,177.91,171.68,167.26,167.20,168.44,168.18,165.03,162.66,158.09,154.01,141.87
111.50,127.31,137.28,149.48,160.33,172.90,182.48,198.36,204.71,213.40,220.42,225.21,230.49,233.00,237.07,243.35,252.45,261.22,269.15,275.44,284.87,290.80,293.25,295.74,295.24,296.35,290.80,284.14,281.13,276.80,271.49,264.76,256.63,251.10,241.36,232.64,223.83,212.08,205.55,199.36,193.58,185.37,179.39,175.29,173.28,174.87,172.49,171.23,167.76,162.35,158.26,146.18
108.24,122.49,134.48,143.60,155.62,167.11,176.73,191.25,198.96,206.74,213.04,218.91,224.74,229.17,232.96,240.05,249.19,258.80,266.44,271.64,281.46,285.27,288.21,290.62,290.06,290.13,283.14,276.50,271.67,264.88,260.60,252.49,242.64,237.47,228.32,220.51,211.45,202.25,195.17,188.66,182.27,176.50,172.35,168.96,167.71,170.66,170.99,167.45,166.33,160.72,156.16,144.27
106.74,121.51,131.49,142.69,152.88,163.22,175.29,191.05,197.25,203.65,209.77,215.46,221.62,224.51,229.54,235.31,241.75,252.00,258.21,266.20,275.07,277.63,281.30,284.86,283.21,283.17,277.94,271.03,269.30,261.73,257.24,253.15,243.65,238.53,230.71,222.70,212.85,203.92,197.61,190.09,183.86,177.19,173.22,169.29,166.94,168.12,168.12,166.01,162.74,157.51,153.00,141.82
109.20,121.94,133.82,143.95,155.72,167.60,176.98,191.76,198.60,206.81,213.85,220.18,224.62,229.17,235.27,240.75,248.82,257.33,267.53,272.28,282.14,284.90,289.81,291.33,289.81,290.51,283.70,274.13,270.45,264.85,258.38,252.39,241.29,236.62,226.00,219.43,209.40,200.02,193.15,186.40,181.12,175.57,170.85,168.19,167.50,169.84,168.96,168.19,164.20,160.64,154.95,143.68
107.20,120.93,130.08,141.23,152.19,164.51,173.60,188.60,196.47,205.77,210.67,217.22,222.69,226.42,230.99,237.95,245.05,255.52,264.09,271.05,280.59,283.13,285.90,288.62,287.34,287.92,279.69,271.02,266.54,262.02,255.12,250.73,238.92,231.39,224.32,216.62,208.41,199.64,190.87,186.10,180.56,174.69,171.33,168.40,169.03,168.05,170.47,168.34,165.66,161.03,156.59,145.09
108.47,121.51,132.00,142.78,153.94,166.90,175.80,192.59,198.12,205.29,212.71,218.83,225.11,228.24,233.42,240.63,247.94,257.15,265.83,273.78,281.22,285.62,288.67,289.80,289.66,288.62,281.01,273.36,267.48,260.00,254.81,248.94,237.17,232.59,223.49,215.95,206.89,198.02,191.21,185.81,180.48,173.68,169.25,167.51,167.15,167.74,168.88,166.77,163.86,160.42,155.86,145.17
114.13,128.00,138.54,149.91,162.87,175.64,185.59,201.82,209.76,217.19,225.44,230.72,236.70,240.11,247.65,254.78,264.55,274.75,281.82,289.25,297.69,304.14,305.50,307.73,305.79,306.31,296.89,290.56,285.46,276.18,270.56,265.00,253.80,247.50,237.53,228.98,220.04,211.49,204.42,197.57,191.17,186.53,181.91,179.03,179.01,180.41,181.89,179.10,177.28,172.00,166.38,155.03
