98.35,108.46,114.02,121.08,128.04,134.61,139.92,153.42,161.38,171.97,184.59,196.50,205.22,215.59,224.64,234.16,244.10,251.41,257.86,259.31,260.93,263.22,266.07,267.22,268.48,268.84,270.84,266.23,261.71,257.70,253.33,250.45,245.07,241.60,237.61,234.34,227.91,223.08,219.32,217.08,211.63,206.20,196.31,190.06,184.44,172.19,166.14,156.47,146.01,137.46,127.06,113.57
70.94,78.64,83.26,87.20,93.65,98.43,102.73,111.16,115.97,122.64,126.30,132.98,137.30,146.29,150.56,154.15,162.05,164.28,166.31,166.48,163.05,162.50,161.99,164.51,159.41,159.62,163.62,164.92,159.14,157.54,157.61,152.78,154.38,152.19,150.22,145.84,141.99,139.47,140.12,138.51,137.93,138.03,135.71,132.19,133.30,129.69,126.25,120.22,114.48,109.66,101.65,90.71
71.85,78.55,84.53,89.38,94.92,101.27,102.62,113.07,118.33,125.18,132.77,140.01,148.14,152.62,160.33,166.63,172.35,179.01,182.10,185.00,185.02,186.04,189.17,190.95,190.79,191.40,192.11,189.61,188.07,185.22,181.71,178.55,176.67,174.29,171.74,166.21,162.03,161.25,159.51,158.00,156.06,153.88,149.27,148.12,143.18,139.40,133.02,127.88,121.61,113.64,108.23,96.80
100.69,114.34,121.64,127.57,134.89,141.82,147.00,157.05,164.15,173.97,184.20,194.73,203.42,212.34,222.17,231.62,240.35,248.02,255.02,257.41,260.99,264.88,267.90,271.13,272.24,275.88,274.85,270.19,269.25,265.18,260.58,257.24,252.87,249.15,244.95,239.92,235.34,232.02,229.40,227.62,224.11,220.34,214.03,208.00,202.76,193.00,186.81,176.77,166.24,156.39,145.77,130.59
61.74,68.25,72.86,77.28,82.46,86.84,91.44,99.20,101.79,109.38,113.57,120.42,125.14,128.28,131.23,138.00,141.66,143.18,145.06,145.65,144.28,141.48,140.63,142.27,141.87,143.00,141.11,139.17,139.99,134.11,136.13,134.03,131.80,129.42,128.08,126.85,122.59,121.00,119.27,119.62,120.22,118.09,116.90,115.95,113.74,112.07,110.86,105.91,100.45,94.11,88.60,80.92
70.01,78.10,83.52,91.29,94.83,101.79,103.47,111.88,116.48,121.25,128.97,135.34,141.28,144.92,150.34,156.02,159.62,164.20,164.54,165.30,162.63,161.28,161.31,162.66,157.17,166.05,159.73,156.26,156.25,152.82,152.08,149.82,146.99,147.26,144.05,141.60,139.47,137.90,133.93,137.54,135.28,132.85,133.00,128.69,127.02,126.02,121.64,118.04,113.74,109.29,101.49,91.00
72.80,79.56,86.28,90.52,96.32,100.42,104.69,112.73,118.19,125.92,134.03,139.86,147.92,153.63,162.03,166.37,172.61,177.10,180.08,183.53,186.45,186.59,188.68,188.52,189.48,189.62,187.28,187.02,186.13,181.89,178.93,176.82,173.31,170.50,166.11,164.44,162.59,158.15,158.67,156.92,156.04,151.01,148.14,144.68,142.06,136.18,133.78,126.76,120.07,114.04,106.61,96.88
69.38,80.62,86.35,92.01,93.65,101.71,108.46,115.43,119.40,126.10,134.10,142.13,149.40,155.05,161.48,167.80,174.77,179.12,184.57,185.00,185.80,187.88,189.26,190.38,190.77,192.00,190.54,187.02,185.43,182.83,180.00,175.64,170.00,171.68,166.09,167.03,162.60,159.71,156.12,156.77,155.65,153.16,148.38,144.03,142.59,139.20,133.63,129.27,123.48,114.21,108.56,98.01
67.23,75.45,81.22,86.93,90.27,94.15,99.46,107.35,112.87,118.60,126.25,130.10,135.71,139.06,143.81,148.12,155.21,157.85,159.29,159.40,154.49,154.18,155.46,155.62,154.56,154.26,151.49,148.33,147.65,146.40,142.70,143.13,143.21,140.17,138.22,136.01,133.22,133.20,132.46,132.44,130.77,130.12,128.16,125.17,123.99,123.32,120.80,116.73,111.07,104.32,97.35,87.37
69.30,77.47,82.86,88.39,92.44,96.88,99.81,109.17,114.16,117.69,124.42,130.75,136.40,140.36,144.59,148.08,155.24,160.21,158.15,159.77,159.18,157.92,156.46,157.65,158.05,155.18,152.95,153.77,150.86,147.14,147.38,146.58,144.37,141.43,139.56,138.51,134.54,134.08,133.00,132.91,132.03,133.36,129.02,128.32,126.29,124.08,120.42,116.76,110.94,105.00,98.01,89.04
99.64,112.38,117.99,126.25,132.77,139.61,144.18,155.43,162.86,171.17,182.58,193.34,202.36,210.94,218.89,228.64,238.37,244.63,250.35,253.48,256.10,258.36,261.12,263.47,264.32,265.66,264.15,258.14,256.01,251.10,248.76,243.35,239.18,236.33,231.04,228.60,223.62,221.33,217.79,217.68,214.56,209.75,203.84,199.32,195.04,186.40,179.25,169.84,161.05,150.28,140.62,125.21
98.72,111.00,119.02,125.59,132.44,138.40,143.29,153.39,160.08,168.91,179.61,188.61,199.25,205.79,215.56,224.51,234.23,239.93,246.91,248.45,252.20,255.42,259.00,261.05,261.84,265.20,264.43,258.63,256.98,253.24,248.21,245.10,239.93,238.03,232.22,230.02,225.82,222.70,220.38,219.10,216.69,212.01,206.71,201.69,197.25,188.44,180.89,172.41,163.15,153.79,142.80,127.86
81.71,91.21,95.90,101.71,105.99,111.52,117.07,123.71,126.44,129.81,133.21,136.86,139.61,142.30,144.46,146.41,151.16,151.21,150.85,147.61,141.42,142.44,142.09,139.83,140.07,139.72,137.44,140.73,140.58,143.00,145.42,144.47,146.05,146.17,142.86,145.00,141.68,140.25,141.38,141.35,136.82,135.53,135.59,132.74,129.83,126.18,119.97,113.14,108.23,103.08,97.02,88.20
86.33,94.58,101.08,107.35,112.41,118.53,122.80,129.28,133.30,137.09,139.20,142.17,146.37,149.72,150.89,153.63,157.08,157.47,157.05,154.87,147.92,148.19,147.57,144.51,146.99,145.17,143.06,145.91,147.96,148.73,152.51,150.96,154.35,153.00,148.95,151.16,147.98,146.89,146.22,148.07,143.96,142.14,142.62,137.53,136.49,131.03,125.61,118.31,112.75,107.42,101.53,91.00
70.60,78.77,83.95,90.14,96.21,99.98,105.12,111.65,117.34,122.92,130.74,134.95,140.52,146.10,151.40,154.21,159.01,160.61,162.12,161.31,161.83,161.05,162.74,157.18,158.62,155.60,160.15,149.57,148.61,147.01,146.63,144.75,143.18,141.51,139.09,137.77,136.46,133.24,133.72,134.53,132.46,133.72,129.80,129.25,128.80,126.25,123.91,117.07,113.64,108.08,100.90,91.24
69.57,79.03,84.38,89.16,95.21,98.73,105.34,111.95,117.52,123.07,130.73,133.93,140.43,146.44,150.95,155.12,158.34,160.80,163.25,161.61,161.07,161.55,163.13,158.60,157.84,155.42,160.80,150.86,149.12,147.80,147.76,143.02,144.05,141.40,138.46,136.69,136.62,132.98,133.79,134.77,133.65,134.35,130.97,129.69,128.89,127.14,124.08,116.90,114.49,107.81,101.00,91.08
72.01,79.18,84.15,90.44,94.43,100.40,103.73,113.16,117.18,121.63,129.81,135.18,140.55,144.52,151.33,154.73,160.96,163.78,165.25,165.46,165.33,163.89,160.46,165.06,160.08,161.76,162.37,160.01,156.20,154.18,154.28,153.44,149.05,146.78,145.09,143.27,142.76,138.45,139.36,138.65,137.20,139.00,134.24,133.33,132.97,130.97,127.28,122.49,117.05,110.63,102.59,93.41
69.84,77.82,84.38,90.43,95.63,100.28,102.80,112.07,116.73,122.29,129.28,134.54,141.40,145.34,150.08,157.44,160.88,163.11,166.83,165.02,164.28,164.40,163.99,164.40,163.81,163.78,160.61,159.03,155.55,156.12,154.39,150.66,147.65,149.80,146.41,145.28,141.45,141.22,139.46,139.95,139.04,137.80,132.61,133.00,131.76,129.76,126.82,121.49,116.10,109.79,105.00,92.89
101.87,113.64,120.33,128.81,134.79,141.21,146.34,157.63,164.66,174.43,183.41,195.16,204.98,213.33,221.46,232.33,241.17,249.32,253.65,256.81,260.03,263.15,263.78,264.97,266.73,266.33,266.28,259.02,255.71,253.67,247.52,242.54,238.80,238.30,230.78,229.48,224.36,224.24,220.81,219.86,217.52,210.30,206.82,203.25,197.85,186.56,181.55,170.01,162.69,153.72,142.30,126.78
104.40,116.28,123.24,130.60,135.59,143.02,149.83,160.01,168.19,175.51,187.11,198.40,206.19,214.22,224.19,233.54,243.58,250.45,254.58,258.04,262.03,264.20,265.52,266.54,268.07,269.41,265.77,260.10,257.07,255.31,247.68,243.88,239.27,239.73,232.00,230.96,226.07,223.08,219.65,222.08,217.69,213.01,208.09,200.32,198.91,193.24,180.42,150.81,167.06,149.94,144.37,131.06
102.42,116.11,121.49,130.10,134.94,142.68,149.59,159.45,166.88,175.29,185.21,196.74,206.19,214.45,223.44,235.03,242.40,250.25,253.51,258.59,261.69,264.12,264.33,265.93,267.27,268.60,266.99,259.26,257.39,255.03,247.92,243.25,238.42,237.54,231.40,229.38,224.15,224.27,219.92,218.39,216.83,212.88,208.04,200.12,197.29,188.18,181.62,171.03,161.91,153.00,141.43,126.78
99.36,110.17,115.97,124.39,127.56,135.35,140.12,155.72,165.20,175.87,188.61,200.14,211.08,219.49,229.87,241.42,254.95,260.77,265.22,268.21,271.88,275.36,275.77,277.77,278.29,280.50,277.32,268.78,265.35,259.62,254.16,247.89,242.22,239.53,232.72,229.94,224.38,221.62,218.67,214.85,209.42,202.81,195.16,188.80,181.57,170.07,161.99,152.64,145.23,136.36,124.28,111.68
99.72,111.72,118.11,125.40,130.77,137.01,143.93,152.97,159.00,168.08,175.80,185.07,195.06,202.47,211.60,221.12,231.22,238.47,242.54,246.52,250.19,252.30,255.03,257.31,258.25,261.63,260.13,253.64,252.48,249.61,244.07,241.58,234.79,234.91,229.79,226.27,221.38,219.01,216.98,216.39,215.10,211.26,205.76,198.98,196.01,185.69,173.97,163.37,172.82,144.85,142.34,125.00
100.04,110.92,118.11,125.00,132.19,139.01,142.36,152.59,158.52,167.24,174.11,185.32,194.25,203.20,210.62,221.20,230.63,237.59,241.30,246.01,249.47,250.53,253.21,256.39,257.03,261.98,257.26,252.07,251.15,247.34,244.70,239.12,234.39,234.80,226.95,223.99,221.62,218.84,217.04,215.82,214.01,207.63,203.22,199.02,194.37,186.10,178.00,167.93,159.15,151.16,139.52,125.67
100.02,111.61,117.60,125.93,133.09,137.75,143.09,153.08,157.71,166.74,175.23,186.10,194.61,203.95,212.00,222.41,230.85,236.24,240.79,246.45,249.88,253.27,254.68,257.11,258.52,259.89,258.69,252.20,250.17,248.79,243.23,241.34,233.75,233.32,225.80,224.22,221.78,219.32,217.85,215.03,213.74,208.21,203.63,198.08,194.33,184.95,178.49,169.07,160.33,150.08,138.76,125.13
104.39,117.44,125.25,133.09,138.65,146.24,150.79,160.86,166.97,173.83,185.56,194.88,204.16,213.04,220.86,231.14,239.97,248.23,252.61,256.78,259.94,264.02,266.27,268.75,269.16,274.17,269.08,264.05,262.29,259.45,255.42,250.68,246.10,244.36,240.47,236.08,233.44,230.36,227.71,227.50,225.04,221.33,215.78,211.01,205.20,194.99,189.28,180.21,170.58,160.42,147.80,132.74
72.34,82.49,88.14,91.92,97.31,103.12,106.71,115.95,119.15,125.71,135.21,141.79,147.96,155.56,160.85,167.36,174.66,179.98,182.96,183.90,186.90,186.27,190.43,190.34,189.40,191.51,190.18,186.60,183.83,180.89,177.29,175.50,171.09,168.36,167.00,163.92,163.48,160.29,160.64,157.89,156.54,154.63,150.40,148.22,145.79,140.09,135.03,128.79,122.38,116.30,107.91,98.81
110.63,123.94,131.69,137.91,146.82,153.69,159.01,169.19,175.55,182.99,193.57,204.30,214.41,222.42,232.14,242.54,250.88,259.73,264.49,269.22,272.90,276.03,278.40,280.77,281.30,286.23,283.35,274.59,273.25,271.31,265.37,262.32,255.38,255.03,250.20,246.13,241.93,241.60,239.08,238.20,236.24,230.26,227.11,221.55,217.34,208.06,199.46,188.81,178.71,167.15,154.95,141.01
103.48,114.95,121.34,128.57,135.99,143.01,148.19,158.46,163.11,172.98,182.06,192.20,201.64,209.31,217.67,226.50,238.46,243.65,249.24,252.00,254.37,256.30,258.84,259.62,259.67,263.83,259.72,252.83,251.37,247.78,241.96,239.72,232.81,233.57,227.25,226.06,221.00,219.66,218.05,218.05,215.52,211.62,206.00,201.12,197.80,189.17,181.02,172.03,164.61,154.26,142.30,127.04
102.73,115.26,121.20,129.38,135.06,143.13,147.68,156.89,164.25,172.35,181.81,191.86,199.62,209.00,217.34,226.89,234.91,243.31,247.50,251.72,254.01,257.26,257.44,258.16,259.48,262.67,259.66,252.00,252.06,246.81,241.85,238.67,232.02,232.95,226.02,224.41,220.95,218.72,217.18,216.09,214.03,210.04,204.96,199.44,196.70,188.47,180.42,171.82,163.51,153.01,141.35,126.82
104.09,116.42,122.59,131.03,137.23,143.42,149.25,158.80,165.41,174.43,182.69,194.31,202.70,211.70,219.74,230.53,240.03,246.40,251.27,254.28,257.19,259.86,261.30,262.09,263.50,265.83,263.60,255.82,252.44,250.00,243.85,239.85,233.42,233.42,229.18,226.81,224.02,221.45,218.40,219.15,217.26,212.70,206.89,202.41,198.28,189.53,181.14,173.67,164.40,152.69,143.63,128.55
104.22,114.69,121.74,128.27,134.81,142.62,149.20,157.94,165.42,175.03,183.33,195.00,203.48,211.65,221.01,230.71,239.29,246.83,251.62,255.00,258.94,261.09,262.76,264.01,264.55,268.82,264.15,256.22,253.21,251.34,245.49,241.01,236.22,235.60,230.54,227.11,222.80,222.99,219.44,220.63,217.39,211.99,207.47,203.97,199.09,190.16,182.33,172.68,164.58,152.74,142.41,127.46
102.22,113.60,121.12,129.10,134.63,143.18,149.24,159.18,165.22,174.07,183.76,194.08,203.67,211.10,219.60,229.44,240.17,247.99,252.18,255.49,257.93,259.62,263.23,263.21,265.60,266.31,263.21,256.02,253.79,250.71,244.29,240.14,235.21,233.79,228.37,226.77,223.34,219.97,219.49,219.51,215.87,212.53,206.79,202.61,198.20,188.68,181.47,172.41,163.99,152.97,140.89,128.04
102.53,114.95,122.10,128.58,135.07,142.90,148.49,159.00,165.74,174.24,184.44,194.47,204.43,211.97,221.11,230.49,239.43,247.49,250.69,254.18,258.04,261.09,262.86,262.21,263.62,268.25,264.02,256.10,252.20,249.32,244.71,239.02,233.03,234.03,228.65,226.60,221.72,220.38,219.16,216.93,215.23,210.24,206.90,200.80,196.60,187.95,181.66,171.30,162.63,153.40,141.57,127.68
101.97,114.16,122.12,128.71,134.81,142.86,148.10,158.96,165.30,173.95,183.33,194.06,202.81,210.61,220.24,229.80,240.00,246.14,250.51,255.00,257.39,259.42,261.44,262.72,263.59,265.32,262.25,256.14,251.41,249.10,244.50,237.84,232.71,233.03,228.00,225.00,221.38,218.83,217.75,217.55,213.60,209.88,205.80,199.46,197.46,188.04,174.23,174.39,166.21,152.83,150.23,128.23
101.41,114.49,121.70,127.68,135.83,142.13,148.06,159.01,165.42,174.43,184.20,195.02,203.49,211.22,219.58,229.31,239.61,247.00,250.00,253.64,256.63,258.94,261.66,262.62,263.05,267.69,262.88,255.71,250.58,248.56,242.84,238.21,232.31,233.21,228.74,224.41,220.79,219.24,216.75,217.31,214.46,209.48,204.02,199.99,196.94,186.72,180.62,170.56,162.79,151.75,142.21,126.67
101.83,113.60,120.93,128.46,134.97,142.13,147.14,157.16,163.75,172.71,181.69,192.20,200.38,209.62,217.67,227.34,235.85,244.04,248.36,251.34,254.80,257.98,259.09,262.05,263.49,265.97,263.46,257.13,254.49,250.51,246.86,242.46,236.81,236.86,232.11,228.88,225.46,222.74,220.99,221.00,217.31,213.84,208.90,203.75,199.90,190.24,182.92,174.52,164.15,155.21,144.05,130.30
102.42,112.61,120.81,127.04,134.83,142.41,147.41,156.92,163.23,171.82,179.47,192.38,199.70,208.83,216.28,225.79,234.83,242.62,246.98,250.10,252.67,257.69,257.85,259.16,261.30,265.41,263.91,256.32,252.72,251.77,245.02,240.47,234.40,235.75,229.96,228.48,224.06,220.69,219.54,218.33,217.04,213.40,209.25,202.98,198.76,189.93,182.54,173.18,165.13,154.20,143.39,129.07
100.85,115.21,120.02,129.50,135.96,142.77,146.37,157.27,163.40,174.64,179.07,191.32,199.86,208.09,215.84,226.74,236.48,242.79,246.04,250.06,252.39,256.19,256.84,258.60,261.89,265.37,264.59,255.81,254.14,253.30,245.80,242.14,236.60,238.07,230.60,227.77,224.04,221.92,220.00,221.37,218.32,211.03,208.21,202.79,199.46,190.66,182.98,173.46,166.01,155.32,143.40,128.89
107.97,122.48,129.00,136.65,144.22,152.08,156.54,168.24,174.13,182.78,192.26,203.36,213.56,222.27,230.71,240.75,250.54,256.86,261.28,266.39,268.51,270.41,273.22,275.06,275.23,278.68,274.27,270.01,266.51,263.29,257.62,251.72,247.86,247.99,242.00,239.08,235.19,234.83,232.60,231.70,229.13,225.09,219.17,215.46,210.64,202.23,193.06,184.36,175.55,163.48,153.06,136.56
103.97,115.66,123.31,131.21,138.06,143.78,149.72,158.78,165.59,173.44,183.22,192.34,203.20,210.54,217.79,228.63,237.07,243.02,248.94,250.14,254.64,257.11,259.42,258.37,261.54,263.53,259.79,253.74,250.28,247.63,242.85,237.95,233.08,233.85,229.09,226.68,222.14,221.35,218.40,218.51,216.04,213.24,207.23,202.85,199.65,189.61,182.82,173.00,164.94,155.80,144.06,128.00
98.67,109.12,115.88,119.68,128.89,134.65,140.72,153.16,160.20,172.13,182.00,191.60,204.12,211.70,220.74,234.08,242.67,247.52,251.46,255.95,257.77,263.90,260.92,262.27,263.50,263.88,262.82,253.16,251.41,247.23,242.64,235.00,230.29,227.77,222.17,219.32,216.06,214.20,211.55,209.77,207.10,198.73,191.85,186.17,180.89,170.47,162.79,152.74,144.94,135.28,127.39,113.07
99.64,110.68,117.64,125.16,131.46,137.88,143.18,156.24,164.30,174.11,186.72,197.25,207.41,216.62,227.01,236.55,247.00,252.94,259.08,261.38,263.79,265.69,266.92,269.78,267.42,267.37,265.37,259.73,256.68,250.40,244.20,239.08,233.53,230.71,228.23,224.24,220.81,216.52,214.87,211.99,209.27,203.44,195.83,189.17,183.45,173.00,166.21,155.97,147.65,138.18,129.29,115.38
99.98,110.28,117.80,123.08,129.25,136.69,142.64,154.64,163.37,173.12,185.81,194.91,206.46,215.36,226.02,235.30,245.51,250.80,258.07,259.11,261.77,263.87,265.59,267.81,267.09,265.60,264.07,258.12,254.68,248.87,243.35,238.10,232.69,229.03,227.53,223.73,218.69,215.84,212.92,211.21,208.03,202.24,194.28,188.92,181.95,171.30,164.48,156.20,146.73,137.13,128.16,113.86
98.90,109.66,116.00,122.19,127.78,135.52,140.66,153.64,161.93,171.94,183.36,193.91,205.29,213.12,222.12,233.49,244.00,251.31,255.08,256.48,260.05,261.43,262.10,264.20,262.91,264.19,262.55,254.91,251.21,247.15,241.65,236.07,230.01,229.46,223.02,221.96,217.18,213.40,211.98,209.48,205.97,199.90,193.29,185.61,181.64,169.61,163.05,153.59,145.12,136.47,124.92,113.18
103.25,115.21,121.02,128.50,135.42,143.75,149.34,158.32,164.01,174.04,181.66,192.63,200.60,207.91,217.25,224.88,233.42,241.66,244.46,246.98,249.09,252.72,254.47,257.24,255.95,259.63,256.70,250.96,248.71,245.07,239.89,234.37,228.79,231.82,224.54,222.28,219.43,218.81,218.33,217.80,215.33,210.15,206.70,199.81,195.18,186.21,179.08,170.11,162.43,149.70,139.28,125.16
103.94,116.50,123.43,130.74,138.52,146.33,150.48,160.56,166.88,175.57,182.89,193.84,200.49,208.93,216.45,225.74,233.83,240.01,244.09,246.62,247.97,252.00,254.05,255.86,255.45,259.42,256.94,249.83,247.31,244.70,239.38,233.94,230.34,229.46,225.20,223.29,219.66,217.19,218.63,217.35,215.24,210.92,206.24,201.54,197.23,189.24,182.47,172.63,164.35,154.15,142.02,127.91
106.53,119.08,125.51,134.18,141.06,148.00,152.80,163.17,171.19,179.40,187.66,197.84,206.60,213.24,222.17,230.23,239.93,246.56,250.27,252.20,255.08,256.94,259.27,260.95,259.86,264.58,261.20,254.65,250.97,248.36,242.98,239.44,234.03,233.08,230.05,228.43,223.65,223.11,220.63,221.30,219.43,214.65,209.77,204.71,200.26,190.43,183.71,174.90,166.18,155.64,144.01,128.58
108.30,121.04,127.76,136.09,142.44,150.66,155.00,166.09,172.80,181.60,191.44,200.42,208.72,216.23,225.14,233.21,240.57,247.14,252.05,255.00,257.19,259.33,262.10,262.43,261.54,263.80,261.62,255.16,252.44,249.37,243.35,240.02,236.84,234.79,231.14,229.48,224.59,225.47,222.23,222.47,219.37,216.46,210.15,205.94,200.06,191.85,184.20,175.76,165.61,155.24,145.00,128.95
107.34,121.07,128.46,135.12,142.17,149.83,156.95,167.17,174.42,182.73,191.31,201.78,209.46,217.12,225.79,233.89,244.44,250.87,252.91,257.67,259.79,262.10,264.68,265.07,265.41,268.75,266.15,258.38,257.15,252.98,248.00,243.18,239.07,240.00,234.14,231.32,228.18,226.49,227.08,225.49,223.76,218.19,213.38,208.06,203.42,194.58,186.08,177.34,168.76,157.50,145.77,131.05
107.70,118.07,126.27,134.35,142.02,147.73,154.01,166.63,173.93,182.02,190.79,201.60,210.68,215.47,223.64,233.45,245.58,249.90,255.37,258.38,258.99,262.73,267.61,266.99,267.15,272.03,268.07,258.52,258.28,257.39,248.56,244.86,240.35,241.37,233.11,230.85,227.32,226.37,224.47,224.24,222.00,215.08,212.25,204.89,201.44,190.07,182.06,172.59,164.20,154.39,142.17,126.82
107.80,119.47,126.48,134.89,142.30,149.40,154.31,166.31,172.54,181.22,190.54,201.33,210.40,217.70,224.44,234.65,242.04,249.16,253.67,257.42,260.16,261.23,264.07,266.72,266.19,270.30,266.85,259.09,256.16,255.44,248.36,243.96,238.35,239.10,232.70,231.87,227.37,227.37,223.81,223.96,221.05,214.15,210.38,204.36,200.53,191.09,183.40,173.42,164.55,154.56,144.27,129.27
104.01,114.83,122.81,130.00,135.59,143.00,149.97,160.60,166.29,174.98,184.01,192.82,201.30,209.50,215.64,223.81,232.42,239.28,244.27,245.12,246.09,248.40,248.77,252.68,251.05,252.00,250.70,245.51,242.66,237.50,234.55,229.44,226.13,225.49,222.52,218.45,214.90,213.89,212.51,211.00,209.24,205.92,199.54,194.25,188.14,181.08,174.75,165.08,157.00,146.18,135.91,122.38
104.10,115.28,121.20,128.95,135.33,143.00,149.09,159.20,166.94,174.89,183.92,193.04,201.00,208.70,215.60,223.23,230.89,237.93,243.53,244.17,245.74,248.03,249.05,251.58,250.54,253.27,248.74,244.03,240.30,237.63,233.57,227.95,225.06,223.79,220.06,217.75,214.28,213.08,210.79,210.04,208.19,205.20,198.04,192.94,189.69,180.70,174.63,164.44,156.42,147.38,137.06,121.70
106.10,115.97,124.39,132.14,138.76,146.10,151.85,162.25,168.76,176.87,185.88,195.78,203.86,210.61,218.83,226.88,235.10,240.65,246.98,249.16,250.91,253.93,256.30,258.70,258.77,261.48,259.33,254.31,251.02,249.19,243.66,240.20,235.08,234.20,230.20,228.95,224.32,222.90,221.27,221.65,217.18,214.24,208.03,203.86,199.48,189.71,182.58,174.73,164.92,153.72,142.52,127.14
104.66,116.04,124.34,131.21,137.46,145.77,149.77,161.25,167.93,176.82,184.20,193.54,201.41,208.69,216.21,224.83,234.03,239.01,243.71,248.22,248.85,252.05,253.06,257.11,256.74,259.33,256.53,252.44,250.46,247.81,241.13,237.12,232.00,232.11,227.26,224.90,222.71,221.38,219.71,218.28,216.34,212.61,206.04,201.69,198.49,188.69,180.28,171.13,162.78,151.33,141.32,127.29
104.86,117.09,125.03,132.10,139.70,146.44,152.61,162.27,166.81,176.05,185.00,194.47,203.08,209.75,217.59,226.06,235.65,241.08,244.40,246.74,248.82,250.59,254.28,255.77,255.16,260.22,257.05,250.00,249.16,246.11,242.03,236.91,232.14,232.69,228.37,227.48,222.41,221.69,221.29,219.33,218.77,211.85,208.54,203.69,199.10,190.51,182.92,174.07,164.47,154.56,143.54,129.25
107.06,117.99,126.37,135.25,141.69,148.30,154.83,167.06,173.30,180.62,189.39,199.21,207.56,213.66,222.31,230.03,239.84,246.59,248.82,252.22,253.05,255.89,260.68,260.00,259.77,263.66,261.44,255.64,251.34,250.28,244.00,241.05,237.00,235.48,232.20,229.31,225.27,224.88,222.99,222.04,219.97,215.38,210.77,206.65,202.14,193.54,187.10,174.86,165.89,155.98,145.44,131.21
106.30,119.44,125.40,134.20,141.40,149.05,153.05,164.79,172.04,181.23,189.07,198.40,207.02,215.76,222.72,231.37,239.04,245.12,248.91,254.03,255.27,258.06,260.22,262.07,261.84,265.86,264.20,257.56,255.71,251.86,248.24,242.79,238.45,238.03,232.38,230.44,227.04,226.99,223.56,222.39,219.01,214.89,209.78,204.88,199.70,189.99,183.81,173.76,164.51,153.87,143.63,129.10
107.78,120.88,127.13,135.37,142.24,150.23,154.55,167.01,171.99,181.25,189.51,199.53,207.71,213.94,223.09,232.45,240.28,246.71,249.69,254.52,256.83,258.60,259.92,261.96,262.61,265.71,263.87,256.96,254.91,251.72,248.65,242.07,236.08,236.91,232.71,229.83,227.52,226.17,224.51,223.73,220.63,215.00,210.22,204.56,200.36,189.71,183.00,173.42,165.13,153.95,143.96,129.53
110.49,122.20,128.41,136.03,144.52,152.01,157.81,168.91,173.66,183.01,192.04,199.83,208.21,215.98,224.11,231.94,239.27,246.01,250.19,253.81,255.41,256.60,259.77,260.32,260.53,263.83,261.19,254.37,253.30,249.97,244.77,241.76,236.78,237.40,232.80,231.39,227.86,226.04,225.06,223.38,221.94,216.45,211.94,207.50,203.18,194.98,187.11,175.73,168.22,157.28,144.89,130.60
107.00,120.07,127.57,134.33,142.44,149.63,153.94,166.15,171.49,180.27,186.60,196.54,203.95,211.03,219.00,228.04,236.33,242.54,246.11,248.65,251.51,252.54,254.56,255.55,257.51,260.11,258.15,250.80,251.29,247.46,242.33,239.43,233.65,235.21,229.99,229.01,224.40,225.16,223.01,221.45,219.97,214.44,211.29,205.20,201.65,191.67,184.40,174.65,165.89,157.31,144.31,128.41
106.63,119.21,126.63,134.38,141.83,149.33,155.21,163.72,171.40,179.40,188.35,196.22,205.04,211.62,220.07,227.07,234.96,241.63,246.00,248.21,251.10,252.25,254.76,257.12,257.23,259.56,257.39,253.24,251.60,247.75,243.99,240.07,236.14,234.78,230.78,229.84,226.05,224.51,223.45,222.73,219.65,215.86,211.59,205.83,201.73,193.38,185.81,176.14,166.52,156.63,145.52,129.85
106.48,119.81,126.40,134.73,141.80,149.16,154.80,166.03,171.66,179.36,188.45,199.61,207.04,214.41,222.23,229.97,239.14,246.22,252.77,254.04,256.40,260.46,262.27,263.29,265.09,267.09,266.96,260.32,260.25,256.01,251.38,246.98,241.10,241.60,236.96,234.45,230.77,228.41,227.44,226.72,224.45,217.62,212.76,207.62,203.08,192.59,184.62,174.18,165.72,155.42,145.26,129.71
106.90,118.34,127.12,134.06,139.79,147.68,152.47,165.85,171.14,179.74,189.17,196.74,205.55,214.57,221.05,229.96,237.43,246.07,248.58,252.01,253.46,258.01,259.20,262.00,263.14,265.19,264.51,259.23,256.04,252.16,248.60,243.81,237.84,238.43,232.03,231.80,228.00,225.20,224.83,222.80,220.11,214.02,210.30,204.02,200.88,189.02,181.53,172.63,164.84,155.28,143.17,127.95
105.55,117.17,124.26,131.70,139.94,146.51,152.07,163.25,168.96,175.28,185.27,195.51,202.77,209.01,216.63,224.19,233.86,240.26,243.12,248.08,249.10,251.94,254.47,257.03,257.90,261.20,259.12,253.34,252.05,249.58,244.39,240.05,236.02,235.54,229.96,229.59,224.96,222.75,221.42,219.54,217.59,212.76,207.20,203.97,197.25,189.27,178.02,180.51,157.54,148.48,145.25,127.76
106.94,120.27,126.87,133.21,141.03,148.48,153.18,165.61,169.61,178.04,188.07,196.06,203.91,211.60,218.52,228.02,234.79,240.98,245.61,248.93,249.11,253.86,254.58,258.85,259.09,262.24,259.75,255.56,254.06,251.28,245.54,241.62,236.68,237.23,230.82,230.15,228.21,225.68,223.40,222.30,219.00,213.78,208.54,203.06,198.31,189.13,182.00,172.54,163.48,152.03,141.32,127.28
104.92,115.94,122.64,128.84,135.00,142.64,148.41,161.06,168.32,179.04,190.47,199.91,209.42,217.19,225.18,235.03,242.67,249.39,254.53,256.42,258.69,261.62,262.23,265.75,264.20,266.09,263.15,257.24,253.31,249.72,244.90,238.90,233.44,231.49,228.04,225.02,220.06,215.52,213.10,209.61,205.73,200.48,193.50,186.57,180.10,169.33,163.37,153.58,146.54,137.01,126.25,113.03
107.21,117.41,124.08,132.03,139.79,148.05,152.01,163.01,168.83,178.02,185.27,194.65,201.43,209.62,216.09,223.46,231.66,236.33,239.71,245.46,245.42,247.07,250.14,249.97,252.68,256.04,252.86,247.01,246.59,243.13,239.10,235.67,232.36,231.22,228.33,226.38,223.22,220.77,218.01,219.87,219.15,211.47,208.43,203.49,199.12,188.50,182.96,173.93,163.77,154.30,144.37,129.55
111.80,121.84,131.06,138.16,147.41,153.83,159.66,171.13,176.96,187.02,193.20,203.39,209.38,219.42,226.56,234.57,241.85,246.33,250.57,255.44,258.09,262.84,264.26,265.32,266.99,271.83,270.86,263.17,262.38,261.54,257.03,251.03,248.46,246.61,242.33,240.67,236.58,236.38,232.81,233.05,230.71,222.03,220.08,215.06,211.15,200.80,193.66,183.81,174.29,163.37,151.85,136.93
97.98,109.04,117.63,127.29,132.10,141.40,146.00,157.50,163.22,171.06,178.47,188.09,194.44,199.32,205.68,215.23,219.92,227.27,228.46,236.46,238.21,244.25,248.13,252.51,254.68,265.15,266.33,257.11,260.00,256.44,250.49,248.00,243.30,241.01,234.05,229.17,224.96,221.53,218.28,212.73,213.21,202.77,199.81,195.07,189.59,182.27,171.45,166.23,145.77,146.03,132.64,122.54
94.63,105.02,109.55,117.20,122.58,130.51,135.44,145.99,153.24,161.01,170.70,180.94,188.96,193.96,202.32,209.42,216.52,221.42,224.20,228.27,234.65,241.20,247.95,248.16,255.83,263.58,267.87,259.15,261.72,259.27,252.72,246.94,242.00,240.35,230.36,225.20,219.39,215.86,211.48,203.93,199.45,188.96,183.33,177.49,168.67,158.86,148.85,140.29,132.28,123.37,112.00,100.09
101.67,113.23,119.27,128.55,135.28,143.27,148.93,161.41,166.93,175.86,183.83,194.62,202.31,208.48,214.95,222.93,229.99,235.55,235.59,242.16,246.62,251.64,257.60,261.28,267.41,274.61,278.38,271.71,275.96,274.64,266.39,263.23,257.42,255.28,248.31,242.91,237.92,233.35,228.98,223.57,223.00,212.36,206.78,202.68,195.93,185.33,179.40,168.60,158.93,149.40,137.36,123.57
94.18,106.02,113.53,120.83,127.26,135.06,139.29,150.34,154.39,162.93,171.17,183.14,189.31,193.96,198.46,207.65,216.75,220.41,222.99,227.85,229.21,234.88,242.66,243.98,251.41,263.29,267.61,262.36,263.07,265.44,259.03,255.04,249.66,250.01,243.19,239.64,233.26,230.20,224.61,223.38,219.82,211.48,207.10,201.00,195.06,186.13,177.05,166.51,156.00,145.91,135.83,120.67
95.01,108.27,115.43,123.47,129.87,137.10,145.12,157.54,164.16,173.37,183.22,194.65,203.27,209.99,216.07,225.28,234.03,238.47,241.01,242.20,245.03,250.86,256.67,258.80,266.60,275.31,279.70,276.14,280.14,280.49,275.26,273.88,271.00,271.43,266.07,259.24,254.85,255.00,249.36,244.88,243.81,232.17,229.27,224.21,218.00,207.14,199.36,189.40,178.90,163.48,150.33,133.81
93.41,104.31,110.94,119.47,125.16,132.97,138.20,150.59,158.66,170.14,176.92,187.13,198.49,203.92,208.68,221.12,227.11,229.89,233.69,237.05,239.11,243.29,246.89,251.15,258.16,265.94,269.92,265.34,267.30,269.03,265.13,264.91,263.84,264.68,256.44,253.62,250.16,247.08,243.96,240.67,238.08,228.18,225.50,220.49,215.10,206.90,198.44,187.97,177.10,165.47,152.47,134.74
91.22,101.27,110.64,116.93,123.13,131.14,136.80,149.31,156.85,166.71,177.40,186.90,197.09,204.02,211.08,219.21,226.64,229.96,235.15,237.49,239.35,242.79,248.47,252.83,258.99,264.49,269.45,268.00,270.25,269.88,268.99,267.53,266.60,267.25,259.28,256.63,252.21,249.82,246.27,242.03,238.77,232.13,227.06,221.06,218.39,207.95,198.82,188.22,178.35,167.24,154.28,136.44
94.05,105.48,113.00,120.54,128.82,136.85,142.86,154.73,163.98,172.74,184.74,195.17,205.53,213.56,221.38,228.48,235.83,239.27,242.99,243.77,245.12,249.07,253.34,258.66,262.09,267.08,271.33,269.56,271.83,269.14,268.15,265.99,265.96,265.32,261.96,258.10,252.01,249.39,245.73,243.32,238.77,233.93,226.77,223.43,217.30,208.69,201.12,190.59,179.36,167.15,154.51,138.13
91.00,102.46,109.79,117.95,124.68,133.72,139.34,152.55,158.08,168.51,177.71,189.20,198.81,205.57,212.12,221.21,229.08,230.97,236.24,236.58,236.48,240.97,243.25,248.17,252.45,258.94,262.82,259.86,259.39,260.69,257.73,258.04,256.04,259.94,253.06,250.00,246.59,245.08,240.83,238.83,239.21,227.77,229.12,222.17,220.15,213.10,205.27,196.47,186.78,173.68,158.90,143.56
86.28,97.41,104.89,114.93,121.41,128.58,135.62,147.73,156.22,164.61,175.35,184.69,195.53,202.94,210.95,218.19,225.14,229.65,233.81,234.03,236.43,240.36,243.99,247.42,252.05,256.05,258.14,255.50,256.39,255.29,253.16,251.16,251.21,251.48,246.95,244.01,237.62,235.23,232.02,228.71,226.95,222.62,217.31,213.56,208.72,202.76,196.31,186.99,176.96,165.53,155.19,137.30
87.01,99.81,106.40,112.90,122.98,129.88,136.97,149.38,155.44,166.76,175.00,187.84,197.63,202.87,210.95,219.45,227.52,231.35,235.60,236.25,237.19,239.02,243.56,243.56,247.65,253.74,252.76,245.90,250.32,251.22,246.56,243.26,240.16,242.24,238.08,231.01,227.11,224.74,218.72,218.44,216.90,210.20,208.20,204.02,202.30,195.89,189.39,181.66,172.80,160.02,148.35,132.91
86.21,97.49,107.17,113.65,121.62,128.04,135.45,148.11,155.62,166.00,176.82,187.10,197.03,205.23,212.85,221.64,227.86,233.08,236.29,237.17,237.93,241.87,245.22,248.20,251.11,254.29,256.44,252.72,251.92,248.78,247.10,244.75,242.39,243.01,238.61,234.36,229.92,225.72,222.83,220.06,217.80,213.56,209.12,205.12,202.55,197.57,191.71,182.01,173.53,161.84,152.11,134.13
92.62,103.75,111.07,120.70,128.72,136.69,144.17,157.63,166.07,175.38,188.10,199.33,209.47,217.18,226.75,234.69,241.21,247.00,251.25,252.41,253.66,257.00,259.79,264.33,266.92,271.45,273.79,269.45,266.91,265.75,263.39,260.19,258.12,257.86,253.79,249.10,243.35,239.94,235.47,232.69,229.31,226.74,221.02,217.59,214.56,208.06,203.25,192.01,183.98,172.03,160.20,141.85
88.59,101.67,109.20,115.12,124.53,134.06,140.12,153.58,161.55,172.80,182.73,197.49,206.64,215.93,222.43,233.41,244.31,249.26,250.34,254.33,253.66,259.16,264.09,265.20,268.49,273.13,272.42,266.33,265.73,267.02,260.07,257.39,252.17,254.42,248.56,243.52,236.71,235.76,228.27,224.89,226.53,216.92,214.22,213.85,208.41,204.85,200.12,189.69,180.54,169.05,158.15,141.65
87.97,100.90,107.91,116.61,123.08,132.00,140.19,153.15,162.05,171.29,182.43,195.13,205.76,214.22,220.32,231.04,240.71,243.02,245.75,251.43,250.02,254.95,260.11,263.70,265.19,270.74,268.27,263.83,263.21,262.67,254.69,252.24,249.10,249.35,240.11,237.47,232.02,229.84,222.64,221.62,220.05,213.78,212.87,207.07,204.98,198.96,195.90,186.25,179.40,168.88,155.19,139.45
86.15,99.30,104.85,112.79,121.02,130.51,137.13,148.79,156.16,166.97,177.34,189.18,200.03,206.29,214.22,223.81,233.95,236.43,242.07,244.13,244.62,248.65,253.79,254.52,258.09,264.50,262.55,255.50,254.33,254.20,247.70,244.66,241.90,243.00,237.95,232.45,226.76,224.11,217.91,217.83,215.78,208.01,207.24,205.83,202.77,197.96,193.21,186.08,176.71,166.33,154.35,137.93
87.56,97.67,107.34,113.99,123.00,130.39,136.95,149.59,157.43,167.19,178.47,189.65,200.82,209.30,216.95,225.34,232.90,238.66,241.81,245.02,245.23,248.23,254.18,257.99,258.96,265.58,262.00,256.82,256.22,253.13,248.97,247.41,241.81,244.30,235.80,236.04,227.98,222.80,219.49,218.36,215.42,209.55,209.31,204.79,202.80,199.11,194.12,186.08,177.40,166.43,155.23,139.28
92.31,104.39,113.23,121.79,129.87,139.71,146.73,160.37,168.43,178.89,191.42,203.09,213.22,223.61,233.00,242.33,250.84,255.83,260.19,263.15,263.41,268.90,271.84,276.20,277.14,282.99,280.63,275.09,272.42,270.21,265.63,261.20,258.07,256.81,251.79,248.07,242.44,236.76,233.48,231.86,227.37,223.66,219.82,216.01,214.16,210.44,204.09,196.47,188.09,177.69,165.30,148.66
87.32,97.80,106.23,113.60,122.11,129.32,137.30,150.37,160.10,170.74,180.31,193.54,205.09,211.30,218.66,229.47,238.21,245.13,245.33,249.29,250.34,255.43,259.86,260.95,264.92,267.68,268.64,260.35,261.03,259.48,253.99,251.02,247.07,247.31,240.09,236.07,232.03,227.48,224.15,220.34,217.06,210.34,209.42,206.17,204.35,198.84,193.99,185.33,177.39,165.71,153.81,139.86
63.25,70.21,77.62,82.10,89.59,95.75,101.97,112.40,119.27,127.42,135.83,145.22,151.18,156.77,163.00,168.76,171.83,175.48,175.89,174.64,175.93,177.72,180.24,179.74,182.20,183.17,182.02,180.62,177.00,172.63,172.00,168.57,163.40,166.15,161.04,156.67,153.57,152.03,146.89,146.01,142.84,139.01,138.45,139.28,137.79,141.90,140.89,137.71,131.10,123.71,116.78,107.52
87.73,99.25,107.21,115.26,122.80,131.21,138.92,151.03,159.93,169.50,181.03,191.26,203.07,211.90,219.11,228.62,237.76,243.07,245.42,247.81,248.82,253.03,255.88,258.86,262.99,267.17,265.32,259.56,258.19,253.05,249.51,245.41,243.30,243.39,237.02,233.36,227.84,223.50,218.96,219.24,214.39,211.07,208.03,204.47,202.63,201.09,195.75,187.41,178.68,167.93,157.03,141.99
93.23,103.83,112.29,121.12,129.19,137.83,144.84,157.08,167.26,177.73,189.77,199.83,212.72,221.85,230.59,240.30,249.23,253.50,258.59,261.04,263.19,267.03,271.53,274.20,275.86,280.46,279.31,272.46,270.53,267.62,263.82,261.20,256.35,257.79,250.42,245.49,240.41,234.83,231.90,228.65,226.27,220.15,216.49,213.55,213.01,207.33,202.65,193.49,184.35,173.77,162.05,145.00
88.28,100.17,108.85,117.18,124.54,133.41,138.96,154.32,161.91,172.26,182.78,195.00,206.62,216.12,223.90,233.32,240.24,246.66,250.11,251.77,253.14,257.60,259.94,263.21,266.73,270.93,269.01,263.66,262.09,256.63,253.48,248.21,246.61,246.29,240.52,235.79,229.12,227.00,221.20,219.49,215.29,208.33,206.90,204.36,200.06,198.12,191.02,182.54,174.84,165.52,154.39,138.29
88.57,98.48,107.19,114.53,123.33,131.37,136.47,151.25,158.32,169.18,180.62,189.71,203.35,211.70,220.32,230.36,236.04,242.10,247.13,249.01,250.34,254.24,258.80,261.86,264.32,270.09,267.90,262.92,260.63,257.74,254.06,248.97,246.47,245.59,239.75,235.91,230.29,224.98,222.14,217.70,214.31,209.17,206.02,202.36,198.91,196.16,192.01,183.14,173.85,164.30,153.05,137.38
89.87,100.85,109.04,116.28,123.98,133.73,140.47,153.16,161.82,171.74,184.45,195.26,206.17,215.93,224.64,233.85,242.20,247.80,252.58,253.95,255.36,259.67,263.25,265.82,269.74,271.68,273.27,268.25,264.68,260.16,256.85,253.14,249.16,247.46,243.35,238.42,232.80,226.56,223.02,219.66,216.54,210.34,207.56,202.04,199.73,195.21,187.75,180.69,172.28,162.93,152.64,135.79
92.36,105.68,113.74,120.80,127.78,138.13,143.96,159.20,166.83,176.82,186.04,200.09,211.85,219.97,229.47,240.44,247.70,257.56,257.69,259.82,260.28,262.43,266.38,268.02,271.54,275.73,273.27,266.12,267.68,263.07,259.33,253.43,249.32,249.34,243.85,239.34,233.12,230.67,225.94,221.42,220.23,209.86,210.00,204.30,203.07,196.23,191.05,183.48,175.82,166.14,150.87,135.06
94.89,107.62,116.62,124.95,131.69,141.42,149.28,161.81,171.00,181.25,192.75,204.89,216.91,225.28,235.01,244.53,255.18,260.77,263.59,266.02,266.66,269.15,274.05,276.51,276.80,282.85,281.09,274.77,273.99,268.80,265.17,259.83,255.74,255.54,248.93,244.75,239.10,235.29,230.23,226.34,224.64,217.33,213.32,208.61,204.09,201.56,193.66,185.40,177.92,166.33,154.72,138.64
94.89,107.70,115.80,123.94,132.37,140.47,148.07,161.64,170.18,180.36,193.31,205.37,216.01,225.40,235.67,243.82,252.60,258.49,262.82,263.01,263.14,267.76,269.97,273.73,275.48,279.63,276.52,271.83,269.43,264.27,261.87,257.00,253.39,251.29,246.43,242.22,235.00,231.02,226.81,224.50,220.15,215.68,211.40,207.15,203.97,199.62,193.19,185.69,176.65,166.17,155.42,139.06
94.49,105.99,115.28,123.03,131.05,139.53,146.87,159.88,168.29,178.19,191.38,203.09,215.67,223.99,234.91,243.10,253.10,259.09,263.07,263.43,265.07,267.93,272.08,275.94,277.50,280.63,280.40,274.85,272.07,269.63,265.38,260.73,256.89,256.60,251.96,247.13,240.83,237.45,232.03,229.20,225.01,221.07,216.00,210.34,207.62,201.59,196.31,188.27,178.16,167.80,157.11,139.86
94.92,105.99,113.81,123.66,131.24,138.25,146.48,158.76,168.30,178.08,190.55,202.73,214.23,223.39,234.02,242.00,251.25,256.43,261.73,263.06,263.91,267.65,269.90,273.64,276.33,280.13,278.34,273.83,270.84,267.59,264.07,259.62,256.29,254.50,250.15,245.70,240.24,235.44,231.19,227.80,224.66,218.98,214.44,209.25,206.93,200.90,195.00,186.04,176.51,166.05,155.77,139.52
63.01,72.12,77.16,84.05,90.01,96.52,101.77,112.45,118.31,125.26,134.63,140.80,149.03,155.71,160.61,167.03,170.88,175.33,177.81,177.41,174.11,174.64,178.35,178.77,178.21,181.41,178.92,178.04,172.89,170.00,170.00,166.51,162.54,164.01,160.31,156.06,153.45,149.78,149.28,145.78,142.44,141.48,139.00,136.74,136.86,135.07,131.40,127.95,123.00,117.52,110.07,99.30
90.80,102.77,109.86,119.47,127.32,135.42,142.86,154.73,164.00,173.18,184.57,196.33,207.51,215.96,226.24,234.47,242.55,248.07,253.31,253.16,254.16,257.62,260.92,263.93,265.02,270.01,267.96,263.09,260.86,256.36,253.30,249.80,246.76,244.01,239.20,236.03,229.17,226.42,221.02,218.82,214.24,211.12,205.77,201.00,197.65,192.42,187.26,180.36,169.85,159.66,149.91,134.46
67.01,76.84,81.94,88.96,95.78,101.51,105.91,116.78,123.00,129.47,139.34,146.11,154.06,160.91,165.36,172.14,176.66,181.60,182.01,181.20,178.73,179.07,181.95,182.39,182.89,187.04,184.53,181.96,178.00,175.35,176.12,170.84,170.58,169.05,167.30,163.37,159.25,156.72,156.24,153.52,150.08,147.80,145.40,144.01,143.40,142.39,139.05,136.70,129.40,124.04,116.30,105.00
95.08,106.67,114.73,124.62,132.31,141.74,148.28,161.91,170.74,181.69,192.90,204.16,215.86,225.57,235.05,243.52,252.00,258.68,261.28,263.49,263.10,267.15,270.84,275.12,275.96,280.64,280.23,272.90,271.83,267.68,263.30,259.51,257.12,255.05,251.64,245.49,239.43,235.99,231.89,228.16,224.59,219.89,214.28,211.26,208.15,202.41,196.43,188.31,178.91,167.72,156.70,139.90
92.42,104.39,110.94,121.26,127.14,137.01,141.99,155.88,163.77,176.11,184.39,198.60,211.51,217.25,228.60,239.37,244.09,251.62,253.14,257.48,255.67,260.23,264.09,262.10,265.50,270.75,271.19,259.05,261.28,258.19,253.16,246.29,247.20,245.41,238.01,233.38,228.65,225.76,221.49,216.92,216.17,206.52,205.73,200.69,197.73,192.75,184.89,178.13,170.84,160.10,147.87,132.59
90.25,103.00,110.63,118.07,126.30,134.06,140.69,152.82,162.80,171.90,183.63,195.56,206.79,215.13,225.94,234.14,241.27,247.94,250.91,253.00,252.41,256.39,257.15,259.93,261.50,264.84,263.50,257.38,254.95,250.68,247.65,243.85,239.59,239.21,234.47,231.77,225.23,220.18,216.37,214.22,210.38,205.23,201.36,196.33,194.00,186.85,181.66,173.24,165.08,153.94,144.64,128.47
61.98,69.35,74.46,79.56,82.73,91.22,96.84,104.40,110.29,117.83,127.06,133.36,138.51,143.53,150.38,156.16,161.62,163.37,164.88,165.50,163.05,166.31,166.48,166.63,168.67,171.68,169.05,165.85,163.11,162.03,160.59,157.00,154.78,156.72,152.40,149.40,145.66,142.43,140.46,137.88,135.37,134.62,130.63,127.19,126.13,125.10,122.09,116.76,112.45,107.02,101.41,90.03
62.13,70.29,76.66,81.61,89.38,93.38,99.02,108.42,116.10,123.00,129.38,138.36,145.96,151.56,156.47,162.05,166.60,170.47,171.94,170.29,170.07,171.29,174.03,173.53,171.59,175.55,173.95,171.70,170.04,165.70,161.52,160.82,160.11,161.01,156.87,154.03,149.78,145.40,144.63,142.02,138.80,139.27,134.24,133.72,130.70,129.87,126.40,121.00,117.24,111.52,105.48,94.37
98.01,109.20,116.66,125.78,133.73,142.17,149.26,163.53,172.24,182.82,195.15,206.93,218.84,228.63,239.01,247.61,256.22,262.62,267.22,267.09,267.93,270.84,273.58,276.05,276.70,280.22,278.76,274.24,271.49,267.53,262.77,259.19,255.50,254.33,249.90,244.56,239.45,235.00,230.77,227.88,223.61,219.49,214.54,211.01,206.49,200.80,195.24,186.78,176.71,166.64,155.24,139.09
62.59,71.59,73.82,80.62,84.22,90.47,95.52,104.09,111.07,118.19,124.04,129.84,135.59,141.15,144.68,148.39,152.43,155.91,155.79,154.64,147.87,146.75,145.52,145.00,145.91,148.06,145.50,141.52,143.59,142.59,140.60,139.18,142.21,140.89,138.40,135.91,130.00,130.36,126.85,128.65,125.16,124.34,121.46,122.33,122.10,122.78,122.25,120.24,116.50,108.85,102.30,91.44
63.79,70.21,73.93,78.10,81.61,86.54,91.08,94.81,98.00,102.46,105.00,108.24,110.48,110.68,112.25,114.00,113.18,113.46,108.66,104.55,95.80,92.89,92.02,90.82,87.48,93.35,103.58,108.21,116.18,122.00,125.87,129.69,134.62,135.35,132.20,133.30,129.97,128.46,127.56,125.87,126.50,128.08,126.13,126.83,124.08,123.86,121.82,115.85,110.31,103.23,95.35,84.77
83.20,92.57,99.30,105.12,110.42,118.53,124.04,138.22,146.51,156.54,169.19,181.11,191.25,200.53,208.75,219.49,228.12,232.67,237.92,236.24,235.31,237.06,237.78,241.42,241.99,245.08,242.01,237.43,234.31,230.78,227.42,223.90,219.49,219.57,215.18,210.01,206.20,201.36,195.42,193.40,187.86,182.47,175.50,171.03,166.01,158.26,152.32,145.72,136.19,128.44,118.34,105.69
59.77,67.01,72.06,78.03,83.26,89.94,92.20,103.58,108.41,115.38,123.00,131.05,138.00,143.54,149.00,155.32,160.03,162.54,166.29,164.68,161.94,164.28,165.42,166.29,167.72,170.51,170.75,165.08,163.78,161.28,161.00,156.40,156.98,155.93,154.00,149.79,145.84,143.14,141.35,138.19,135.82,133.00,130.05,128.69,128.46,125.03,122.12,116.16,112.89,106.45,100.24,90.14
58.69,67.91,73.00,78.41,83.19,88.68,95.19,104.69,109.11,115.10,124.81,130.86,138.35,144.17,150.81,156.54,160.11,163.96,166.65,165.01,162.93,166.97,165.20,165.42,168.58,169.06,168.22,165.68,164.13,160.70,160.00,155.93,156.82,154.46,151.49,148.68,144.31,140.25,138.54,137.88,135.09,133.26,128.81,127.14,126.81,125.28,122.58,118.87,114.02,106.61,102.49,90.87
64.13,73.36,77.83,84.85,89.20,96.32,100.90,111.16,115.88,124.08,133.88,140.92,148.66,153.71,160.23,165.76,171.45,175.85,175.39,174.45,171.83,174.63,175.96,176.92,176.31,178.84,178.55,173.59,172.79,168.24,167.41,163.41,163.38,162.81,160.46,156.01,152.12,150.75,146.70,144.26,143.09,138.75,136.01,136.01,135.13,132.42,130.12,126.25,119.25,113.51,107.48,96.54
60.41,69.84,74.71,78.52,83.87,91.39,95.34,104.40,110.65,116.11,123.71,130.70,135.72,140.76,144.84,148.12,151.65,156.26,156.39,154.55,147.12,144.46,145.09,144.78,147.33,143.60,146.32,142.87,142.51,140.87,138.68,139.18,138.23,139.00,135.33,134.24,131.14,130.36,124.81,125.67,124.81,122.20,122.38,121.66,121.75,122.58,121.82,119.04,114.34,109.66,102.46,92.02
98.81,109.66,118.95,127.20,135.25,143.74,151.80,164.15,173.11,184.74,196.85,209.16,220.91,229.27,240.84,249.74,258.54,264.61,270.19,269.71,269.25,272.07,275.80,277.68,278.49,283.32,280.88,275.11,273.13,267.75,264.70,261.44,257.82,256.76,253.14,247.15,242.17,238.00,233.85,230.29,226.77,222.19,215.67,212.20,207.02,200.57,196.22,186.56,177.55,166.19,154.81,138.22
98.23,111.52,118.51,127.04,135.00,143.63,150.71,165.39,172.71,183.98,196.66,208.71,220.27,230.17,241.30,248.93,258.86,264.61,269.47,270.63,271.31,273.47,274.87,277.91,280.20,283.92,281.15,276.48,274.69,269.60,266.48,262.20,259.68,258.28,253.66,248.65,242.72,237.84,234.79,231.47,227.18,223.06,217.59,212.14,208.78,201.47,195.02,185.71,177.77,166.72,155.24,138.62
93.60,104.81,112.29,119.62,127.99,135.25,142.43,156.16,163.81,174.61,186.00,196.98,208.94,217.86,225.42,236.33,245.57,250.27,255.56,255.03,256.82,259.46,260.71,262.43,265.28,268.34,267.03,261.00,260.19,254.81,251.79,248.89,244.26,245.10,238.30,235.51,230.00,226.74,221.47,218.28,216.01,210.95,205.35,199.61,197.00,190.22,185.37,176.12,168.44,157.00,145.34,130.68
96.54,108.68,116.76,125.20,133.09,142.77,149.04,162.69,171.29,182.39,193.21,205.65,217.17,226.45,237.00,245.71,254.61,260.52,265.05,266.02,266.81,269.12,271.16,274.18,276.34,280.82,279.16,274.77,272.52,267.37,264.68,261.12,257.58,255.82,251.06,246.02,241.40,237.23,233.00,228.71,224.19,219.61,212.96,207.51,204.95,197.36,191.26,181.86,173.28,161.90,151.80,135.48
64.78,71.55,77.41,83.60,89.27,96.57,100.28,110.86,117.88,123.99,132.77,139.29,146.81,153.18,159.00,165.71,171.68,173.00,176.39,174.07,173.12,175.33,175.14,174.94,177.51,178.03,178.44,173.93,174.62,168.31,168.27,166.24,166.03,164.02,159.26,156.98,153.83,150.05,148.12,146.54,143.20,140.07,136.56,134.48,135.21,132.59,130.18,124.26,118.22,113.32,105.57,95.80
95.08,108.23,115.41,124.26,132.61,140.80,147.14,161.41,169.81,180.32,191.94,204.25,214.53,224.88,233.67,243.38,251.44,257.87,262.09,262.35,263.08,264.78,267.88,271.12,272.90,277.18,275.11,269.39,268.37,264.05,261.20,256.52,254.66,252.62,248.89,243.31,237.76,234.14,228.56,226.32,222.60,216.62,210.54,208.14,203.50,197.77,192.21,182.46,174.00,163.05,151.53,136.09
90.80,101.24,109.04,116.84,123.37,132.92,139.39,151.95,161.25,171.08,181.42,193.50,204.16,213.60,221.05,230.46,238.77,245.51,248.32,248.43,248.28,249.28,252.10,253.29,254.26,258.05,257.86,251.77,248.85,246.95,242.02,237.50,234.93,234.06,229.96,225.62,219.26,216.02,212.60,209.17,205.88,202.41,196.37,193.22,189.17,183.52,178.01,170.24,162.19,152.01,141.36,125.96
61.07,69.53,73.76,79.71,85.09,90.35,95.27,105.02,111.87,118.93,125.16,134.03,140.46,144.42,150.43,155.62,161.94,166.71,167.29,165.95,164.01,165.80,167.17,165.39,169.00,170.58,168.66,165.60,164.23,162.73,161.53,159.18,158.11,156.25,154.43,149.46,147.08,143.38,141.44,137.91,137.18,133.41,130.65,130.29,128.41,127.62,123.48,120.35,113.22,108.67,103.16,92.02
66.71,74.43,80.06,84.60,90.09,97.49,102.63,112.36,118.80,126.85,135.00,141.32,148.52,155.59,161.64,164.76,172.90,175.35,177.92,177.99,175.14,174.81,174.90,178.04,177.75,181.40,181.34,177.43,173.28,171.08,170.66,166.63,164.79,164.17,162.81,160.03,156.54,152.59,150.45,149.70,146.81,143.06,141.15,138.60,135.87,135.07,131.40,127.12,122.20,115.25,107.07,97.51
67.23,74.33,79.91,86.12,91.39,97.84,103.16,110.32,117.95,124.40,135.12,142.44,149.68,155.23,162.11,167.43,173.29,175.79,178.72,174.65,173.00,175.85,175.60,176.18,176.14,179.69,175.48,174.66,169.01,167.69,169.19,166.82,162.69,161.24,159.82,158.03,152.00,150.62,149.63,145.87,142.09,142.04,139.70,135.35,135.15,135.44,131.47,126.62,120.81,116.10,109.02,97.58
85.09,96.77,104.24,112.61,117.89,125.54,132.38,145.38,153.29,162.69,171.76,183.50,192.85,200.84,209.12,219.54,226.74,231.16,234.62,235.69,236.58,238.05,239.94,241.01,242.16,247.34,246.20,239.40,238.61,235.05,232.09,229.49,226.05,225.18,218.77,215.57,211.46,208.06,204.38,201.38,198.36,193.50,189.78,184.17,181.84,176.51,170.00,162.11,155.00,144.18,132.92,120.62
89.87,102.70,108.78,117.39,125.59,133.30,140.87,153.94,161.45,172.20,182.13,193.93,204.38,213.35,222.46,231.33,238.21,244.17,247.34,249.48,248.20,251.35,254.44,255.86,257.70,260.28,259.37,253.56,250.89,248.17,245.05,241.15,239.38,237.00,232.94,229.26,222.64,219.66,215.19,213.06,210.23,205.10,199.58,196.57,191.94,185.32,180.60,171.17,163.40,152.88,141.35,126.14
89.89,102.04,109.38,117.41,125.22,133.96,139.83,152.16,160.03,170.66,181.03,191.07,202.34,211.36,219.20,228.11,237.95,242.03,245.12,247.51,246.86,247.70,252.14,253.48,255.05,259.88,259.16,253.06,251.45,250.46,245.33,242.30,240.35,239.38,234.31,231.05,225.61,222.10,216.46,215.70,212.43,205.53,202.73,197.59,194.09,188.10,180.80,170.46,164.08,153.29,141.66,127.40
91.09,101.87,109.29,116.56,124.46,132.10,138.29,151.65,159.81,168.24,179.18,190.39,200.82,208.63,217.81,226.43,234.62,240.10,243.99,244.46,243.60,246.68,249.19,251.00,253.30,255.84,254.91,250.06,248.29,245.38,242.44,238.21,235.48,235.42,230.50,226.72,221.42,217.09,212.32,210.19,207.45,201.94,195.36,191.21,187.32,181.60,175.00,168.24,157.31,147.25,140.43,123.97
85.38,97.42,103.75,111.02,118.07,126.29,133.18,143.09,150.95,160.35,168.24,180.04,190.44,198.86,204.50,213.81,221.82,228.27,231.40,231.81,230.08,232.05,236.76,236.13,238.32,242.06,241.13,233.90,235.52,234.00,229.01,225.28,226.31,224.06,217.68,213.79,208.20,204.24,201.20,199.09,197.33,190.07,186.78,182.89,178.36,172.54,165.47,158.68,149.64,140.89,130.18,116.47
90.52,101.27,108.17,116.21,124.15,132.77,138.13,151.22,159.31,169.55,179.82,191.73,200.66,209.62,216.23,228.12,233.67,239.92,242.44,244.74,244.49,247.20,248.74,249.90,252.66,257.74,258.02,251.25,249.78,248.65,243.74,240.13,237.70,238.38,231.68,229.14,222.19,219.66,216.12,213.30,209.15,201.85,196.79,191.44,189.49,181.02,175.14,166.19,157.80,148.12,136.69,121.66
86.83,98.15,104.92,112.65,119.67,127.63,133.52,145.06,153.58,163.05,172.75,183.36,194.20,202.83,210.44,220.27,226.93,231.90,233.34,234.21,234.20,234.30,236.92,236.69,238.56,242.30,242.30,236.25,235.79,233.21,230.05,226.74,225.14,224.72,218.96,215.72,211.77,208.00,205.10,200.24,199.02,192.11,187.83,183.99,181.02,173.22,166.00,158.27,150.88,141.48,128.69,115.12
98.49,109.73,119.02,126.46,134.47,143.18,151.43,163.62,171.82,180.71,191.94,203.16,214.34,222.80,231.81,242.12,250.52,255.88,258.50,260.84,259.67,261.20,263.66,265.09,268.16,272.20,271.96,267.00,265.63,265.80,259.94,257.96,257.96,258.51,252.49,247.20,241.99,236.13,234.08,231.40,227.64,219.27,215.54,210.06,206.73,197.39,191.66,179.82,170.43,159.66,146.74,130.12
99.99,112.64,118.30,126.91,136.08,143.14,149.40,162.61,172.07,181.62,190.52,203.77,213.33,222.41,232.23,240.88,249.56,255.36,257.40,259.62,259.21,259.33,261.27,263.61,265.35,269.31,272.08,266.31,266.03,266.29,261.14,259.85,258.12,258.21,252.41,247.70,241.85,238.08,234.02,230.93,226.86,219.71,215.37,210.64,206.97,197.08,189.43,179.14,171.62,159.14,145.41,130.38
98.23,108.60,115.68,125.00,131.86,140.43,146.37,160.56,168.00,178.76,184.71,198.60,208.12,216.06,224.36,234.02,242.54,247.33,248.92,249.87,249.01,250.14,251.59,253.40,256.72,259.65,262.18,256.04,257.62,256.54,251.43,249.72,247.04,250.88,242.79,240.76,233.40,230.85,224.11,223.22,221.27,211.85,209.94,203.39,200.48,191.84,185.02,175.19,164.81,153.65,141.21,125.57
99.76,111.88,119.64,128.70,134.81,142.95,149.08,162.25,169.71,179.25,190.54,202.28,211.06,220.08,227.16,236.35,245.66,251.96,253.21,252.01,250.53,252.72,254.72,256.04,258.01,262.19,266.02,260.66,261.12,261.12,255.72,255.23,252.24,254.40,248.56,244.83,238.12,235.00,229.99,226.77,224.51,217.82,212.36,207.53,203.65,195.24,188.51,177.02,168.37,156.02,143.17,126.38
99.13,111.40,118.85,126.89,135.09,142.13,146.70,159.14,168.34,177.43,185.54,197.67,207.69,215.15,222.62,232.12,238.30,243.81,246.07,247.52,244.77,245.38,247.49,248.68,249.58,254.58,255.38,252.58,253.21,254.03,252.51,250.35,248.89,249.20,243.82,241.24,235.61,233.06,228.22,224.15,221.02,216.41,211.85,205.35,202.67,193.04,186.23,174.89,165.77,154.74,142.13,125.67
101.07,112.11,118.47,127.29,134.74,142.23,147.68,162.29,168.83,178.03,186.97,198.96,208.69,215.59,223.49,234.08,238.80,241.92,244.62,247.43,243.13,242.69,244.20,245.42,247.20,256.85,257.66,248.81,250.96,255.23,250.43,248.92,248.51,249.07,243.20,237.74,232.71,230.87,225.39,222.62,219.97,209.72,208.08,204.75,199.99,190.43,182.78,172.28,164.21,151.61,138.46,125.20
107.28,118.61,126.59,135.83,143.00,150.48,156.92,170.59,179.41,188.69,197.57,208.50,217.92,226.29,233.81,240.98,249.20,251.23,251.29,254.02,252.46,251.48,252.21,253.79,255.39,257.78,262.01,258.98,261.17,262.35,258.96,257.75,258.45,258.94,252.68,249.10,243.10,241.12,237.67,233.94,231.23,224.15,218.96,214.09,211.04,201.97,194.65,182.86,173.77,162.75,148.82,132.10
103.31,114.40,121.56,129.02,137.06,145.77,151.16,163.92,171.43,180.38,190.56,200.87,210.65,218.06,224.20,231.67,238.10,242.69,242.98,243.91,239.43,239.11,240.63,241.30,244.23,249.90,253.48,248.36,253.12,253.54,253.87,251.00,249.23,253.57,245.74,242.92,238.17,233.94,230.96,227.50,224.24,217.75,212.43,207.50,204.13,195.56,188.40,177.75,168.88,155.60,143.13,127.24
104.12,115.26,123.15,130.36,138.29,145.83,151.27,165.64,174.41,183.39,194.26,202.36,213.08,219.02,225.73,232.35,238.88,243.43,243.40,242.98,239.17,240.60,239.68,240.47,243.98,249.02,254.66,252.19,255.89,257.49,255.22,255.18,254.63,256.91,250.88,247.84,242.16,238.30,233.81,232.40,229.42,222.32,217.35,212.90,207.62,199.54,190.43,178.35,168.36,156.98,144.28,128.16
99.92,111.52,120.44,127.14,133.56,143.03,149.68,163.36,170.30,181.89,193.13,201.22,209.47,215.75,224.51,229.01,234.02,238.17,238.82,238.67,233.93,233.02,234.97,237.61,240.47,245.20,253.15,250.38,253.43,254.33,254.91,256.45,255.56,257.29,251.18,248.39,243.52,239.03,236.23,232.14,229.42,223.29,217.34,212.04,207.77,200.11,192.31,181.76,169.16,157.62,144.37,127.00
90.80,100.65,107.12,113.30,121.83,131.59,138.13,152.55,160.96,169.58,179.08,188.07,194.99,201.16,206.46,212.08,216.71,218.22,217.71,218.82,213.78,214.24,214.18,215.60,220.41,225.14,230.84,228.74,232.95,234.64,233.77,232.17,233.27,233.38,229.92,227.02,223.79,220.10,216.95,214.39,211.53,206.01,202.61,196.73,193.79,186.27,180.19,169.10,159.01,147.80,137.44,121.20
96.25,107.69,116.56,125.67,133.65,143.56,152.61,169.64,177.75,188.35,198.84,209.06,217.35,222.80,227.02,233.38,236.21,239.68,241.12,239.14,238.17,238.17,240.63,240.57,244.25,250.80,257.77,256.09,259.05,262.32,259.76,261.67,259.68,261.05,255.97,251.75,248.89,244.73,242.10,239.93,237.01,231.77,227.71,222.45,219.32,210.72,200.56,188.57,178.90,165.56,153.17,134.48
87.66,99.40,106.89,115.57,125.03,135.83,143.13,162.31,171.45,181.71,191.80,201.73,209.55,216.04,218.52,225.00,229.32,230.78,230.93,230.96,228.12,228.40,227.66,229.53,232.59,236.84,239.71,239.30,239.77,241.21,238.83,237.84,239.83,240.47,235.05,234.06,230.36,227.30,225.08,222.01,220.51,214.87,212.13,207.18,203.59,195.85,188.79,178.00,167.92,155.42,144.84,127.88
85.49,97.31,103.85,112.15,121.31,131.37,141.06,158.14,167.73,178.39,188.77,200.66,206.70,213.74,217.42,223.04,226.38,229.24,229.53,229.09,225.36,226.29,224.89,226.85,226.99,232.31,233.69,229.96,231.46,231.95,229.92,227.85,229.09,230.67,227.75,225.84,221.84,219.91,219.15,216.84,215.13,210.01,207.08,202.25,198.71,189.84,182.04,171.97,160.56,150.21,140.22,124.45
87.66,98.48,105.99,116.25,125.10,134.62,145.00,164.15,172.79,185.95,195.43,207.88,216.47,222.48,229.65,234.09,239.25,241.66,241.59,240.62,236.01,237.02,234.76,235.48,232.86,235.92,234.00,229.63,230.59,228.02,226.92,224.51,224.96,226.00,222.99,220.86,217.82,216.72,214.05,213.59,209.88,206.70,203.00,197.03,194.13,183.41,176.92,166.11,158.62,146.73,136.31,123.00
94.70,106.07,113.81,122.54,132.38,142.95,151.33,169.14,180.28,191.60,202.27,213.80,225.04,231.56,238.66,246.62,249.28,254.28,252.23,251.75,245.96,246.91,247.99,243.81,243.76,243.98,241.35,232.79,236.35,235.78,233.94,229.01,229.20,230.71,229.26,226.75,224.74,224.50,222.18,221.56,220.62,212.85,210.04,205.51,200.90,191.04,184.02,173.36,164.58,153.39,143.14,128.89
89.68,103.46,109.60,116.62,123.15,132.20,140.09,154.54,165.25,173.00,181.80,193.07,202.81,211.75,219.08,227.06,231.35,237.89,236.70,238.38,236.21,234.10,236.58,234.09,232.36,233.79,231.08,222.93,224.36,223.65,223.56,219.57,224.54,223.65,220.91,220.84,219.06,218.76,218.16,219.31,215.11,212.26,210.00,204.42,200.59,192.39,183.10,172.04,163.71,152.05,140.69,125.20
88.12,99.85,106.40,114.28,121.08,129.50,136.62,151.00,159.97,170.06,180.69,192.30,202.20,210.87,218.45,225.62,233.03,236.50,239.73,239.41,235.92,237.02,234.78,235.64,233.00,232.85,232.17,227.69,225.39,224.18,222.17,221.36,221.30,221.17,219.18,217.89,214.25,212.19,209.88,208.39,204.13,201.54,194.73,188.45,184.09,175.65,169.19,160.59,150.80,140.72,129.63,116.62
84.76,92.35,100.72,106.78,114.06,118.95,125.72,138.62,145.26,152.61,161.11,171.64,179.39,185.56,193.75,200.34,208.46,212.60,214.93,217.89,217.08,217.46,218.40,221.04,221.56,223.34,224.88,219.28,219.79,221.88,217.80,217.57,216.09,216.93,211.82,210.61,207.02,206.50,203.22,203.30,198.92,196.37,194.62,188.52,186.30,177.91,171.74,161.28,154.35,142.02,131.03,117.18
92.01,102.59,110.16,115.52,124.39,131.03,136.70,151.16,160.80,169.78,182.78,193.83,204.02,212.24,220.74,230.49,238.30,244.97,250.30,252.03,253.02,257.19,258.21,262.09,263.19,267.76,271.45,268.26,268.41,267.60,265.96,263.01,261.43,262.47,257.78,254.92,250.57,248.94,246.08,244.77,241.91,237.45,231.37,225.36,219.48,210.83,203.30,191.97,180.51,169.05,156.01,138.57
82.02,90.44,97.16,102.34,108.23,115.26,121.51,132.85,141.99,151.33,161.45,170.48,180.75,187.81,195.87,203.68,210.54,216.33,222.00,223.38,223.30,226.28,228.12,231.66,233.64,236.41,238.76,236.41,235.68,235.85,234.70,230.49,230.05,228.98,226.50,224.50,219.97,219.83,217.02,214.85,212.42,208.83,204.68,200.26,193.87,186.34,179.03,168.94,158.15,149.04,137.13,122.12
73.50,80.78,85.99,90.96,98.23,103.73,109.88,123.07,131.05,139.94,149.40,159.20,169.54,177.79,184.95,192.75,199.47,205.35,209.99,210.95,211.68,216.00,221.00,221.47,226.38,231.92,237.08,233.48,238.25,241.58,237.67,235.59,237.59,242.10,238.46,235.31,232.12,232.62,227.18,226.53,224.75,217.79,213.71,207.34,204.30,192.41,184.72,173.67,163.88,151.61,140.19,124.79
79.26,87.05,93.52,98.23,104.56,111.20,116.83,132.77,139.45,149.38,160.70,171.08,181.02,189.11,198.40,205.88,210.94,218.01,222.00,223.66,222.65,227.97,230.63,232.33,236.93,242.99,249.90,246.76,253.41,255.02,252.88,252.24,255.41,258.57,253.82,256.76,251.56,252.61,247.24,245.65,241.91,233.69,231.04,222.28,219.08,205.83,193.94,184.02,172.41,162.00,148.95,133.45
85.23,94.34,99.96,104.00,109.66,116.11,120.49,131.03,138.29,145.58,156.00,164.78,173.07,178.73,187.04,193.57,200.66,205.24,209.75,208.49,208.93,209.83,212.56,214.56,216.69,220.79,227.17,225.63,229.65,230.59,231.74,232.69,236.75,239.71,239.64,239.71,236.43,237.02,235.30,234.44,231.21,226.38,219.86,213.70,209.01,196.37,188.45,176.80,165.53,153.33,142.64,125.50
86.12,94.49,99.74,105.00,109.77,115.97,122.56,131.58,138.54,146.29,156.20,164.51,172.15,180.92,186.10,193.40,200.04,206.83,208.66,209.44,207.70,209.26,212.44,214.28,214.85,219.66,224.80,224.29,226.90,229.34,231.31,229.22,234.35,239.10,236.86,236.76,236.91,233.64,232.88,231.04,229.14,223.86,217.08,211.74,204.90,194.66,184.27,172.59,161.93,151.00,138.92,124.52
89.90,97.62,102.88,108.05,114.53,119.85,126.53,136.62,145.09,154.62,167.60,177.10,186.51,196.10,205.14,215.08,224.72,233.02,238.17,240.39,241.81,245.06,245.00,247.80,248.04,250.99,253.05,251.32,251.96,250.70,248.85,249.24,252.49,254.47,254.12,253.44,250.93,249.73,247.31,245.84,242.32,237.41,231.01,225.84,220.00,206.65,198.70,186.02,175.23,161.62,149.88,132.97
82.76,92.31,97.12,104.31,111.36,118.93,126.49,140.22,149.46,159.15,169.86,179.34,189.61,197.63,205.76,214.71,221.72,227.64,231.37,233.38,234.29,235.21,237.36,238.92,238.67,241.66,242.08,239.01,239.14,239.35,238.81,236.68,239.01,239.72,237.61,235.42,231.52,229.27,227.25,225.73,222.03,216.89,211.07,207.50,201.07,189.49,180.27,169.67,158.38,146.17,134.54,118.66
84.48,93.64,99.01,105.48,115.02,121.08,129.42,143.68,153.29,163.37,175.70,185.52,197.02,204.68,211.51,220.49,229.11,235.64,240.63,239.10,234.20,236.95,236.92,238.89,235.05,237.03,233.32,230.55,232.79,232.80,229.61,228.79,229.00,232.12,227.17,226.74,221.73,220.60,215.68,214.72,215.96,208.34,206.60,200.83,197.85,185.85,182.12,171.49,157.80,147.32,136.97,122.07
81.10,90.92,98.74,106.21,113.05,123.23,130.36,147.22,157.55,169.50,181.32,191.26,203.08,211.69,219.66,226.31,234.89,241.10,244.99,244.98,242.33,244.35,244.25,245.05,243.33,246.29,245.35,242.16,243.19,240.80,241.37,238.42,239.58,239.56,236.33,233.69,230.05,227.07,224.02,222.43,220.06,214.77,210.44,205.20,201.56,192.27,184.62,174.93,163.20,152.53,141.82,124.19
43.57,48.33,51.62,58.01,63.51,70.21,76.11,88.19,97.02,105.99,116.83,126.50,137.87,146.12,156.31,161.90,166.69,169.96,169.71,165.34,153.53,150.63,142.80,137.75,136.18,133.60,127.19,124.39,127.41,126.02,122.56,124.84,124.92,125.18,122.00,119.11,118.11,115.13,112.81,115.43,111.32,109.88,106.79,107.20,105.00,106.37,103.08,99.40,96.19,91.24,87.66,79.00
74.71,84.01,89.96,98.35,105.34,113.07,122.25,137.74,146.51,158.07,169.31,180.31,189.34,195.72,204.71,211.02,217.99,223.09,226.02,226.15,224.74,224.66,223.91,224.27,223.77,226.63,224.15,221.27,221.89,221.82,219.36,219.82,218.63,218.39,214.02,212.31,209.69,205.73,203.89,202.88,200.23,196.37,191.77,187.26,183.40,175.51,168.40,158.67,148.61,138.92,127.61,113.07
84.20,94.73,100.42,108.85,118.53,127.66,137.09,155.08,166.17,177.50,189.64,199.15,211.12,220.19,227.30,235.75,243.60,249.35,251.08,251.37,249.20,250.42,250.06,250.06,250.26,249.71,250.49,246.59,246.91,248.92,244.77,243.05,242.99,241.96,238.02,235.05,233.95,227.75,227.26,224.12,221.82,220.91,212.73,207.13,205.20,196.73,188.22,178.22,167.57,154.18,144.81,128.41
79.63,90.25,97.59,105.95,115.28,124.33,134.83,153.12,163.60,174.98,188.30,198.71,209.24,216.52,222.95,232.31,239.23,243.50,247.10,246.91,247.01,247.42,247.50,249.21,245.60,247.70,247.31,243.66,242.98,241.07,237.93,236.18,234.05,232.33,229.21,226.43,221.11,218.98,215.81,213.94,211.09,207.42,202.24,197.59,194.09,185.70,177.78,168.86,158.90,148.40,136.82,121.06
80.06,90.74,97.08,105.80,114.98,126.04,133.30,153.39,163.48,174.26,187.24,198.09,208.28,215.14,224.00,230.36,237.61,243.02,246.88,246.27,245.62,245.28,245.96,246.91,244.83,246.52,246.33,242.04,242.13,239.12,238.32,234.72,234.00,233.35,228.04,226.02,219.82,217.11,215.82,213.19,211.57,206.30,202.41,196.35,193.63,186.70,177.34,168.60,157.28,147.87,136.40,120.74
82.46,93.61,101.64,110.02,120.15,129.42,139.20,155.72,166.14,176.07,187.11,198.01,206.40,211.92,220.06,227.77,234.55,237.54,241.93,240.67,238.25,241.85,239.77,241.00,238.85,241.25,242.74,238.84,238.95,239.44,237.04,235.65,234.18,234.18,230.64,228.62,224.29,222.34,219.57,218.82,215.02,211.93,207.53,202.48,199.97,190.82,183.18,173.22,162.29,150.21,139.18,123.15
83.60,94.92,103.59,112.87,122.81,133.54,143.54,161.25,171.49,182.63,194.00,204.73,214.04,221.31,229.34,234.83,241.85,246.44,249.69,248.50,244.81,246.84,246.02,246.07,245.84,249.06,248.50,244.12,244.80,243.96,241.91,241.11,239.77,239.03,234.70,231.70,226.74,223.19,220.06,218.60,216.45,212.08,207.71,203.09,200.25,191.69,186.30,175.55,165.15,155.46,143.95,128.04
83.73,95.80,104.01,112.93,120.75,131.40,139.09,155.80,164.48,174.52,186.56,195.47,204.71,211.00,218.40,223.34,229.99,233.90,236.08,236.18,233.77,236.33,235.75,236.69,236.23,238.41,241.24,238.42,238.40,236.24,235.30,233.64,231.37,229.26,225.72,221.73,215.62,212.46,209.27,208.73,204.00,201.47,196.31,192.82,189.93,182.73,177.61,168.40,158.40,148.43,137.30,122.18
81.30,92.01,99.46,107.23,115.88,126.25,134.24,150.47,159.38,169.80,182.53,191.11,198.77,206.20,211.85,219.66,225.82,229.90,231.66,231.42,229.96,231.87,233.01,235.38,236.13,237.67,237.46,235.53,236.30,234.83,232.50,228.84,225.47,224.50,220.15,215.76,210.77,209.02,205.99,202.73,199.94,197.23,193.06,188.44,185.00,178.47,171.03,163.44,154.30,144.09,133.09,119.05
80.45,90.80,97.67,106.17,115.36,125.00,132.97,148.63,158.29,167.84,179.74,188.22,198.43,204.71,211.08,217.00,223.93,228.01,230.59,228.67,228.67,230.82,232.24,232.55,233.50,236.01,236.38,234.83,234.62,232.77,230.67,227.11,224.20,223.57,219.40,214.00,209.61,206.16,203.83,201.16,198.43,196.35,191.00,187.55,183.02,176.40,169.84,162.48,151.85,143.54,131.95,118.11
80.01,90.48,97.62,106.00,114.76,124.78,133.27,148.40,158.82,168.57,178.00,188.74,196.74,202.57,209.86,216.02,222.04,227.42,228.56,227.56,227.18,229.32,229.54,231.11,231.20,234.31,233.57,232.42,232.61,231.53,229.51,224.96,223.32,221.49,216.53,212.66,207.00,205.50,202.20,201.26,197.84,195.43,190.17,186.21,182.44,176.03,169.45,161.45,151.56,142.28,131.73,118.11
82.08,92.02,99.96,108.85,116.50,127.02,136.13,151.79,161.90,172.53,185.31,195.53,205.08,213.02,221.05,227.20,235.21,240.14,242.35,241.08,241.00,243.58,244.38,247.32,248.36,251.85,252.67,249.44,251.64,250.25,249.61,245.74,242.74,242.00,237.01,234.62,228.59,225.14,221.82,219.21,217.42,213.46,207.12,203.54,198.40,189.66,183.07,172.80,162.61,152.03,140.94,126.29
76.49,86.02,92.61,99.33,108.06,116.25,125.67,143.78,155.16,165.03,178.76,189.28,198.16,206.82,213.62,221.61,229.16,235.16,237.05,237.39,238.05,241.58,243.21,247.76,249.10,252.29,258.79,256.10,259.53,256.55,256.46,253.03,252.48,250.45,246.13,241.62,235.26,230.23,226.50,224.29,218.29,214.23,207.21,200.88,194.74,182.79,174.18,163.09,152.09,140.80,129.69,115.21
82.02,91.68,99.36,108.07,115.26,123.94,131.73,147.57,156.04,166.48,176.96,187.00,195.76,203.00,210.61,217.80,224.72,229.51,231.82,233.00,231.40,233.86,234.62,237.26,237.69,242.05,244.30,242.53,244.18,245.13,243.85,241.90,239.60,238.80,233.32,229.34,224.15,219.76,215.50,211.94,209.80,203.80,198.34,193.35,187.86,178.08,171.59,160.52,151.12,141.00,129.54,115.76
85.80,97.19,104.14,112.79,121.93,131.73,140.06,155.79,165.92,174.77,187.95,198.60,207.56,216.31,222.38,230.90,238.32,242.27,247.10,246.74,246.87,249.06,250.57,251.75,253.41,257.87,260.56,257.15,257.56,258.71,256.96,254.65,252.00,249.62,244.27,239.30,234.80,229.19,224.61,221.65,218.18,212.04,205.55,200.24,196.70,185.78,177.69,167.06,156.97,145.03,134.54,119.11
83.49,93.62,101.40,108.27,115.94,125.25,132.46,148.35,156.95,165.53,177.14,187.64,198.04,205.97,212.00,219.97,228.25,232.59,237.01,237.90,238.41,241.60,241.76,245.75,246.20,250.45,251.64,250.31,252.41,251.45,250.02,246.11,244.18,242.55,237.99,234.01,227.37,223.02,218.89,215.23,210.95,206.32,199.83,193.66,188.96,178.91,171.02,161.45,150.07,139.52,129.03,114.02
86.02,95.38,102.62,110.05,117.02,125.42,132.85,148.73,158.29,167.60,179.34,189.42,198.77,206.93,215.39,224.04,230.53,237.08,242.33,243.82,244.56,246.63,247.03,247.73,248.21,252.13,252.39,249.62,249.16,248.96,246.16,243.07,239.94,240.03,235.05,232.73,226.24,221.08,218.41,215.76,212.08,207.09,201.36,196.82,192.60,183.90,175.39,165.11,154.64,142.13,131.55,116.21
84.72,96.69,101.24,107.00,114.48,122.07,129.28,144.36,152.63,161.91,172.80,181.89,190.95,201.44,208.63,218.63,226.32,232.81,236.33,237.17,238.32,237.69,240.71,239.02,239.70,245.86,247.29,239.01,240.65,239.80,236.58,235.58,233.42,234.07,228.47,225.34,218.51,216.00,215.00,211.14,207.96,201.79,197.75,195.41,193.29,185.16,173.23,163.98,155.71,143.42,131.24,117.20
86.35,96.08,103.82,111.02,118.70,126.02,132.50,144.27,151.82,161.01,171.27,181.14,188.35,196.47,203.68,212.40,221.08,226.92,231.01,232.09,232.82,233.68,233.98,234.83,234.80,236.66,239.38,236.60,237.69,235.92,235.76,233.77,233.00,232.12,229.21,225.42,221.65,218.58,216.30,215.08,211.44,208.60,202.51,199.18,194.99,187.22,180.00,169.80,160.80,149.82,139.30,123.57
85.70,96.75,103.94,109.29,117.69,125.77,132.23,144.31,151.48,160.85,169.94,179.00,189.02,198.41,204.52,212.46,220.13,226.95,230.12,231.69,231.95,233.03,233.41,234.80,235.05,237.69,240.21,235.75,238.44,239.52,235.21,234.01,232.31,232.67,230.08,226.01,221.72,220.05,216.58,214.46,212.51,207.06,203.48,198.49,194.81,187.84,180.11,170.33,161.60,149.57,139.49,123.47
80.32,90.20,96.18,104.00,109.56,116.00,123.02,134.95,141.03,150.76,160.61,170.50,179.82,189.91,195.49,205.12,212.72,219.87,222.04,225.06,224.61,226.63,227.84,228.12,229.17,235.26,237.03,233.21,235.15,235.93,233.62,231.10,232.36,232.47,227.55,224.27,220.02,216.62,214.80,210.80,207.62,203.71,199.12,193.07,190.98,181.46,172.57,163.67,154.65,144.00,132.82,118.23
81.22,91.21,97.95,105.10,111.29,118.60,125.25,137.67,144.26,153.52,163.89,172.86,182.36,190.22,198.16,206.65,214.28,220.06,224.74,224.52,225.08,228.04,227.55,229.17,229.51,231.70,234.97,233.42,235.03,232.81,233.54,230.10,230.27,229.65,227.26,223.86,218.67,216.12,214.98,210.62,208.15,203.27,198.71,194.24,189.00,181.11,174.05,164.25,155.27,144.05,133.46,119.36
79.25,88.60,94.89,101.49,108.67,116.83,123.71,140.17,149.70,159.46,173.10,185.74,196.35,203.80,214.28,221.47,230.72,236.02,240.62,237.51,231.62,232.94,230.12,229.27,225.50,226.37,224.38,221.82,221.94,221.58,222.80,220.06,219.24,219.33,216.31,213.60,209.75,207.62,204.63,204.09,200.03,199.45,194.64,192.02,190.28,183.17,178.02,167.90,158.69,148.95,138.92,124.33
78.89,87.37,93.06,100.42,106.61,114.28,122.02,137.80,147.83,158.42,170.84,184.13,194.25,202.71,212.29,220.23,229.89,233.63,239.17,236.41,231.49,231.31,228.57,227.37,225.32,225.75,223.09,220.60,222.25,220.91,222.17,219.26,219.21,219.32,215.42,213.90,209.15,207.33,204.36,203.03,199.97,198.67,193.96,190.26,188.06,181.66,175.82,165.52,157.31,147.00,137.32,121.82
84.20,95.90,102.20,110.48,119.15,128.41,138.19,153.33,164.47,176.39,189.24,200.21,209.35,218.00,227.79,236.76,243.99,249.58,255.16,254.76,254.33,255.00,255.55,255.24,253.16,253.56,253.65,250.23,250.45,250.80,249.24,247.54,245.84,245.23,241.60,237.02,232.65,229.51,226.93,224.96,223.61,220.74,217.20,213.10,210.86,206.55,200.93,192.17,182.33,171.51,159.53,143.39
65.92,73.39,78.52,84.65,92.20,98.86,105.99,121.33,129.50,139.56,151.46,160.59,170.88,179.89,189.01,197.65,206.58,212.72,219.27,220.51,222.74,226.06,227.06,230.12,232.13,235.02,235.70,233.42,234.83,232.25,232.11,228.19,226.05,225.06,220.24,216.30,212.00,207.09,203.39,203.15,198.37,194.33,188.67,185.61,182.07,174.20,170.32,161.61,152.74,143.96,133.56,119.75
76.56,85.48,92.01,99.72,107.23,117.18,124.26,138.58,148.52,158.03,169.76,178.53,187.77,195.47,205.94,214.44,220.68,229.11,233.57,234.47,236.14,236.58,238.61,241.01,242.33,245.96,251.21,246.98,249.24,247.14,247.50,245.16,245.33,246.33,242.84,236.54,233.08,229.44,226.42,224.63,221.46,216.81,211.48,207.89,202.28,195.06,187.84,178.47,168.19,157.70,146.69,130.82
66.10,71.70,75.39,80.62,85.80,91.71,97.02,109.84,119.27,128.55,139.01,148.95,160.98,168.44,176.77,185.43,193.28,201.70,208.28,211.42,212.22,217.01,219.32,223.40,224.51,230.23,234.47,234.16,236.52,237.92,238.30,238.81,240.14,240.39,238.32,235.34,229.16,224.96,223.23,219.46,216.23,208.91,202.47,199.58,193.26,185.26,178.47,169.65,161.05,151.01,141.69,126.06
81.84,90.21,94.59,100.45,104.29,112.07,117.44,131.31,140.72,152.41,164.45,176.66,188.09,197.31,206.55,217.34,228.27,234.71,243.40,245.66,250.71,254.19,260.10,263.70,267.79,275.29,285.02,284.95,288.77,289.70,289.50,288.51,290.08,290.71,285.45,280.26,274.01,269.31,264.14,259.74,253.58,244.12,238.46,231.22,224.24,212.04,204.30,193.37,183.56,170.84,159.86,143.59
78.23,89.36,95.82,103.08,109.60,114.73,124.40,139.27,148.60,157.05,165.95,174.03,179.47,186.90,192.94,198.60,204.85,208.54,208.84,208.61,205.23,205.35,206.69,206.71,209.82,214.11,223.66,220.22,226.51,231.66,232.82,234.95,240.01,242.89,236.38,236.18,230.36,226.53,221.88,220.20,215.24,206.35,204.19,196.62,190.97,181.02,168.60,157.29,146.29,131.47,123.02,108.08
90.09,101.77,109.66,116.46,127.04,136.49,145.17,162.79,171.17,181.66,193.83,203.30,213.06,220.95,228.35,235.00,242.17,246.56,249.23,247.92,244.38,244.27,244.12,244.25,243.34,246.95,247.51,244.88,246.03,249.07,246.62,246.56,246.95,245.79,241.14,238.95,233.38,230.11,227.31,224.34,222.32,216.75,211.01,205.68,200.32,189.84,180.85,171.47,158.38,147.23,136.40,119.52
83.67,93.01,100.65,109.22,117.32,127.19,135.15,152.07,161.79,172.45,184.44,195.00,204.98,212.24,220.99,227.56,235.05,239.76,244.26,244.26,242.84,244.12,245.06,245.77,245.07,248.31,248.65,246.22,245.84,244.88,244.44,242.21,239.79,237.03,233.94,228.16,222.61,218.68,215.74,211.27,209.25,203.00,196.94,194.03,187.63,178.76,171.69,161.90,152.20,141.40,130.98,116.36
75.13,84.02,89.44,95.60,103.85,115.12,122.80,140.80,150.48,162.35,176.18,186.63,197.00,205.41,214.67,221.84,227.27,233.65,238.03,243.38,239.71,244.75,248.21,251.64,250.35,251.88,251.10,247.17,252.30,246.22,246.66,242.19,239.02,233.81,228.35,224.41,219.67,212.25,211.75,203.81,202.05,197.02,191.32,188.80,186.27,179.74,172.53,164.00,158.26,149.89,137.77,125.32
74.97,84.12,91.24,98.81,106.89,118.02,126.72,146.44,158.08,169.58,182.12,192.63,204.41,212.72,220.60,229.20,234.63,243.06,247.68,249.27,251.00,252.96,256.35,258.81,258.21,260.98,262.84,257.86,258.57,255.00,253.33,250.23,243.67,242.14,237.02,230.71,224.21,218.59,214.85,209.24,206.71,199.83,193.50,190.07,188.83,183.21,175.97,166.82,161.68,153.06,142.13,129.42
65.76,75.00,79.25,85.70,92.96,102.96,111.13,129.00,139.45,150.81,160.91,170.65,180.49,190.07,195.00,204.12,210.34,215.52,220.99,223.52,226.02,226.49,228.97,232.11,232.05,235.44,234.30,231.37,231.14,228.43,227.26,221.62,218.22,215.33,211.26,206.04,200.25,196.33,192.51,187.84,183.25,177.79,174.07,170.39,167.60,164.61,159.88,152.04,144.63,137.90,129.20,116.52
65.79,73.98,78.82,85.59,93.54,101.83,110.63,128.00,137.53,149.01,159.85,170.16,179.74,188.35,194.70,203.05,208.63,214.58,219.74,222.04,222.75,225.62,227.69,230.00,230.83,233.50,232.48,230.22,229.63,228.55,225.72,220.10,216.52,215.19,209.29,205.14,198.93,193.00,191.71,186.70,182.83,178.55,173.67,168.81,166.51,162.41,158.38,150.22,144.54,137.88,127.53,116.30
68.51,75.66,80.01,87.68,96.57,106.00,115.55,137.23,149.12,161.28,174.14,184.26,197.02,205.19,211.45,221.33,225.94,235.47,240.01,244.70,248.02,252.93,256.29,262.12,262.83,267.59,267.55,265.35,265.75,262.67,259.37,253.60,251.03,245.64,239.18,234.10,226.95,221.01,217.55,210.30,203.94,198.21,192.98,190.82,185.88,179.87,173.77,165.05,158.84,150.33,137.57,127.99
69.31,80.78,87.82,95.00,104.66,114.21,123.65,141.35,150.08,161.30,173.36,184.49,194.28,201.99,210.64,218.50,226.29,232.81,238.10,241.50,245.54,251.06,253.72,258.85,261.60,265.71,267.93,265.05,263.77,259.07,256.83,251.48,244.75,241.10,234.64,228.95,222.43,216.54,211.75,207.39,201.53,196.70,190.17,186.72,183.15,176.73,173.17,166.58,159.29,150.60,142.69,127.39
81.99,90.21,96.02,102.22,111.65,119.42,129.45,146.78,156.32,167.72,181.47,191.76,204.66,212.14,218.40,229.40,237.90,245.65,253.01,257.09,257.24,265.21,268.92,274.12,277.86,280.24,283.30,281.73,284.43,283.38,280.18,272.71,267.65,263.07,259.24,253.15,246.05,243.00,237.80,229.26,225.89,218.33,210.24,207.94,201.56,195.23,186.64,180.95,172.24,161.64,152.74,137.84
80.95,88.48,95.26,103.35,110.39,119.82,129.65,146.89,157.16,167.71,179.77,189.56,204.66,212.14,218.40,230.77,236.32,245.96,252.86,257.18,256.27,263.59,267.93,273.07,277.19,280.77,283.14,280.49,283.87,281.18,279.40,272.37,268.17,262.84,258.59,251.61,245.23,241.87,238.56,229.24,226.59,218.08,211.69,207.87,201.00,195.69,186.20,181.84,172.17,163.17,152.12,140.04
77.67,84.72,92.27,97.69,106.22,113.55,121.04,137.24,147.14,157.15,168.12,179.05,189.62,197.70,206.20,214.97,224.40,231.46,238.54,239.25,243.59,246.87,251.72,255.33,259.68,265.19,271.54,269.82,268.25,266.84,264.91,261.48,257.96,256.02,250.80,246.34,238.03,234.36,229.44,226.10,220.47,215.13,207.15,201.54,196.82,188.47,183.48,174.00,165.32,155.19,146.18,131.03
84.60,94.05,99.85,104.81,111.04,118.53,125.73,139.59,149.04,159.26,170.26,182.10,190.97,197.50,207.24,214.23,221.16,227.26,230.42,231.82,232.14,233.82,236.03,239.64,243.09,247.95,254.02,253.66,255.67,254.34,256.40,254.31,256.46,258.37,253.65,249.33,244.59,240.30,236.92,234.33,230.05,225.81,219.49,214.71,209.02,200.48,193.75,184.07,172.96,163.01,151.65,135.07
83.57,91.61,96.42,101.97,107.38,115.35,122.56,138.52,148.35,160.02,173.40,185.07,196.35,204.47,213.18,222.28,230.14,237.55,243.66,243.81,244.05,245.33,247.73,249.93,251.08,255.78,261.20,262.38,264.51,266.05,265.01,263.60,263.66,262.76,260.54,253.97,247.32,243.39,240.26,237.36,232.54,223.27,217.11,210.02,206.21,197.50,185.31,178.47,168.58,157.00,146.45,130.46
52.17,57.45,60.17,63.13,67.36,71.51,77.52,87.69,95.35,103.37,112.68,120.15,128.00,132.03,139.64,145.77,150.42,155.71,161.23,158.93,156.40,156.54,156.52,158.52,158.40,164.48,162.56,164.98,165.60,169.00,170.56,173.22,171.30,171.83,169.52,166.51,160.64,157.28,154.50,153.46,149.40,142.64,139.95,136.47,132.10,128.56,125.80,120.21,116.11,109.44,103.39,91.24
85.73,94.11,98.01,103.04,111.21,117.64,124.45,141.15,153.26,165.48,178.10,188.49,200.30,211.21,218.50,228.09,238.44,245.12,248.21,249.10,247.42,251.02,250.19,251.64,253.71,258.14,263.90,261.62,263.83,266.24,265.02,264.46,264.47,263.87,260.50,256.63,250.20,246.95,244.81,241.20,237.69,231.93,225.84,220.74,215.02,207.20,198.67,189.84,176.56,166.37,154.74,137.89
85.44,92.62,97.02,102.30,108.93,117.05,121.61,140.09,150.75,162.16,174.01,186.68,199.48,207.65,214.60,225.33,235.48,240.84,245.31,245.99,246.01,246.14,248.70,249.35,250.24,256.46,261.81,258.05,262.12,264.46,263.88,261.60,263.02,263.76,257.69,255.99,247.63,244.59,243.18,240.09,236.24,229.17,224.96,219.35,213.82,206.41,196.22,187.66,176.83,165.60,153.81,137.06
83.19,90.02,95.19,102.00,107.04,115.97,122.59,139.17,151.21,162.79,175.33,187.56,199.12,208.34,214.29,226.00,234.10,241.59,245.73,245.84,245.36,246.98,247.99,248.02,249.69,256.22,261.44,256.10,261.63,264.32,267.25,262.45,262.55,261.63,260.02,252.48,249.93,246.22,240.41,235.70,235.37,226.00,220.23,219.13,211.30,203.53,195.21,185.69,176.10,165.06,152.43,138.97
83.53,91.59,96.21,100.40,107.56,115.10,120.70,137.57,146.87,159.33,172.00,182.65,194.54,203.49,210.66,221.00,228.84,235.23,241.36,241.81,240.61,243.25,244.20,246.09,248.93,251.64,257.47,256.56,259.05,261.00,262.57,259.03,260.40,258.63,256.33,253.30,248.07,245.59,240.01,237.36,234.89,228.47,222.41,218.68,209.75,205.20,193.61,185.57,173.76,162.12,152.33,136.62
84.08,91.21,95.80,102.07,107.91,115.75,119.27,137.38,147.36,159.40,173.83,183.84,194.09,202.97,210.07,222.32,229.63,235.72,242.03,242.41,241.10,242.90,246.02,245.77,248.76,255.50,261.27,255.88,260.23,261.96,261.82,261.22,263.49,262.12,259.36,253.16,247.02,243.46,239.21,234.34,233.86,226.65,221.30,217.19,211.00,201.94,192.61,184.11,173.14,162.93,150.05,137.06
84.15,90.25,95.71,102.16,107.86,117.32,120.60,137.84,147.98,158.96,173.25,186.60,196.82,205.65,214.01,224.04,232.46,240.16,242.71,243.99,242.59,243.79,245.00,245.08,247.00,253.67,256.22,253.03,259.30,261.20,264.20,258.14,259.38,260.60,255.97,252.03,246.08,243.35,237.97,234.55,236.55,224.32,219.60,215.84,208.73,205.12,193.19,186.19,175.38,163.53,151.09,137.19
85.28,91.42,95.82,101.24,108.56,115.26,119.64,137.21,147.41,160.25,170.82,183.40,194.28,203.54,211.48,221.50,229.53,236.00,240.33,241.68,239.23,241.21,242.79,242.33,242.76,246.98,251.75,249.90,252.42,253.62,253.10,252.00,255.26,255.64,250.64,248.07,242.25,240.17,234.00,230.93,230.38,223.02,219.06,214.44,207.47,204.30,192.01,184.48,174.19,162.74,151.40,136.09
84.29,92.13,95.69,100.04,106.89,114.28,119.94,135.92,147.61,157.66,170.95,183.45,193.31,204.16,211.29,218.93,228.63,235.67,238.68,242.64,239.42,240.07,241.36,242.13,240.95,247.42,252.56,250.86,254.47,255.50,254.80,253.80,256.53,256.32,250.79,248.29,244.17,241.91,236.58,230.23,231.31,223.60,220.99,215.78,208.61,202.47,193.61,185.78,174.41,165.42,150.99,136.46
85.59,90.80,95.29,101.60,108.06,116.73,119.10,138.66,147.68,159.71,172.79,184.13,196.45,204.79,214.22,222.74,230.77,236.46,243.20,243.82,240.24,242.22,244.59,242.57,244.62,248.43,253.01,249.51,252.61,255.77,256.89,253.16,255.44,256.40,252.23,247.63,242.47,240.43,236.28,232.86,231.39,225.21,221.23,216.76,210.69,204.14,196.02,185.44,176.01,164.56,152.64,138.06
82.10,88.89,93.05,98.74,104.92,112.70,119.08,134.85,145.50,157.85,171.59,183.93,193.34,203.86,212.53,220.95,229.09,234.93,241.10,240.85,240.68,242.55,243.29,244.38,244.81,248.89,254.12,254.33,256.73,257.19,257.77,257.16,256.73,258.86,254.01,251.08,246.08,242.67,240.05,235.49,233.50,226.43,222.06,216.16,211.43,202.20,193.85,184.81,173.68,163.32,150.48,135.09
83.93,90.97,95.26,98.99,105.17,112.80,116.48,133.66,145.88,155.56,167.52,180.09,189.55,199.12,207.80,216.67,223.38,232.65,236.24,239.34,237.61,237.70,241.02,238.32,242.24,249.00,253.31,248.50,251.43,255.81,255.04,253.31,256.50,254.09,253.18,250.01,244.05,238.47,234.07,231.77,230.47,221.21,217.25,214.22,207.18,200.81,188.22,180.89,172.03,161.91,148.22,134.53
72.80,79.31,82.42,87.14,93.30,98.39,106.08,125.00,139.52,151.60,166.74,178.24,191.32,200.66,208.41,219.39,226.75,233.03,236.50,236.78,235.26,238.32,236.13,237.17,236.91,241.48,248.87,245.13,248.47,251.10,249.15,246.73,247.80,246.13,244.18,241.23,236.07,233.00,230.23,225.39,221.00,213.46,207.14,203.48,195.43,186.85,178.28,168.32,158.47,146.75,135.77,121.20
81.27,87.80,92.05,96.83,104.74,110.91,116.73,131.83,142.30,153.26,164.56,177.52,187.62,196.16,202.77,212.13,220.86,227.27,230.36,233.57,229.92,235.02,236.54,236.21,237.69,244.72,246.55,243.98,246.97,250.72,248.94,248.40,251.43,249.28,247.31,242.70,237.55,235.31,232.23,227.69,225.46,218.19,215.13,208.87,203.93,196.73,186.13,178.83,168.57,158.15,145.77,131.40
81.02,89.20,92.35,97.86,104.65,112.59,114.69,131.67,141.53,153.44,165.47,176.41,186.66,194.99,202.62,211.68,221.69,227.52,231.78,233.73,233.12,233.28,234.78,237.03,236.28,243.99,247.52,243.40,247.97,248.50,248.57,246.83,250.79,249.65,245.15,243.25,236.77,234.17,230.26,226.26,225.42,216.69,210.72,209.27,203.30,196.54,186.99,177.23,168.80,158.38,146.99,131.83
77.82,85.59,88.57,94.05,99.98,106.40,109.88,126.48,136.47,148.43,158.26,170.39,180.01,189.08,195.90,205.39,213.08,221.17,225.30,223.71,225.73,228.18,229.90,230.36,231.86,238.05,242.74,240.11,246.09,247.89,245.46,244.79,245.22,248.22,243.85,240.07,233.62,231.61,226.74,222.99,223.59,211.78,210.66,206.87,200.50,192.77,181.84,175.09,164.13,152.03,142.67,129.87
82.49,88.59,93.47,99.92,104.55,114.14,118.87,136.95,147.41,159.59,171.27,182.80,196.33,204.24,213.25,222.19,229.79,238.25,242.56,243.48,243.76,247.59,248.72,248.94,251.92,258.77,263.00,258.12,263.41,266.73,265.16,264.46,266.18,266.34,260.84,258.92,252.04,248.29,244.29,237.81,238.92,226.77,225.22,221.45,212.36,204.24,192.66,185.04,174.24,164.40,149.62,135.09
81.84,90.44,94.09,99.72,106.30,113.72,118.07,134.72,145.91,157.17,168.08,179.81,190.54,199.12,208.10,216.62,225.20,233.14,236.14,238.30,236.92,240.40,241.25,242.39,242.25,250.06,256.64,252.25,255.98,258.71,258.50,257.42,258.77,258.31,256.13,251.80,245.66,242.92,239.10,234.65,232.77,223.89,220.05,214.67,209.15,201.92,191.21,183.77,173.22,160.08,150.22,135.24
85.15,92.14,96.54,101.20,109.57,116.83,122.41,139.34,148.66,158.81,173.08,185.27,195.79,204.41,214.35,224.21,232.18,239.20,245.10,246.91,244.74,247.15,247.46,249.30,251.45,256.44,261.05,260.32,264.26,266.26,265.58,263.69,266.11,265.71,261.24,259.42,254.19,252.72,247.39,242.67,240.93,231.35,228.32,222.95,213.85,207.62,198.60,189.56,179.00,167.17,153.50,139.63
85.23,93.77,97.69,102.90,111.00,118.21,123.17,140.03,149.58,161.72,174.52,186.32,196.73,207.17,216.67,225.89,233.38,238.25,244.77,245.25,244.66,246.68,247.49,248.79,250.34,254.89,259.41,258.63,263.44,264.62,263.83,262.41,264.52,261.43,259.89,256.83,251.55,248.21,244.10,241.23,237.17,229.97,225.63,219.37,213.28,206.98,198.04,189.26,177.79,167.22,154.30,139.01
83.73,90.55,95.19,100.34,107.70,114.28,119.10,136.34,148.00,158.15,172.17,183.52,193.98,200.96,210.15,219.99,230.48,240.20,242.87,244.05,243.03,246.85,249.61,250.10,252.39,259.88,262.94,258.63,267.44,271.66,270.39,266.68,268.60,267.98,266.17,262.62,254.67,249.90,245.69,242.07,244.27,230.60,226.82,223.03,213.93,207.00,196.70,189.10,176.38,166.01,153.64,138.93
81.22,87.98,91.55,97.80,104.40,110.00,115.66,132.85,141.76,154.16,165.60,175.26,188.32,193.44,203.87,211.49,221.00,228.35,235.27,235.13,233.42,239.48,239.40,241.22,247.30,250.05,256.59,254.80,260.26,262.09,261.12,256.75,262.27,261.09,258.49,255.27,247.81,243.85,240.38,235.54,234.44,225.16,219.11,213.74,206.04,200.04,190.16,181.80,171.03,160.00,147.83,133.02
81.39,89.44,94.11,99.25,105.44,110.68,118.14,133.15,143.03,153.94,166.35,178.39,188.45,197.31,207.28,215.36,223.44,229.53,234.65,235.41,238.05,240.52,242.40,242.86,247.08,252.10,258.07,256.91,261.01,262.01,263.10,260.97,263.49,261.94,259.60,255.63,250.96,245.52,240.84,237.63,233.93,226.88,221.02,215.42,209.70,198.12,191.71,182.22,170.58,160.06,149.00,133.54
80.52,88.73,94.05,98.41,104.35,110.98,117.14,132.40,142.13,153.44,166.30,176.65,187.32,196.06,205.48,214.44,222.74,227.65,232.69,234.18,235.37,239.24,240.92,242.79,245.28,249.57,257.03,256.46,259.42,259.49,261.08,260.57,262.09,261.22,258.07,254.40,247.81,243.31,239.76,236.48,231.61,227.18,219.99,213.97,208.54,197.22,190.32,181.66,169.96,159.96,148.98,133.38
81.39,90.02,94.87,99.92,105.12,113.02,118.85,135.48,145.56,157.11,170.07,180.01,192.51,201.80,210.30,218.28,227.84,232.64,238.03,238.76,240.19,241.60,243.58,246.20,248.31,252.96,259.86,259.76,262.73,263.77,263.39,263.05,263.80,264.43,259.62,256.43,250.57,246.35,242.30,240.20,234.23,228.46,223.08,216.09,212.21,203.04,194.49,184.20,175.01,162.09,152.12,135.38
80.89,87.46,92.65,97.74,105.00,111.66,118.21,136.33,145.91,157.61,172.79,182.36,194.83,203.80,212.23,219.69,229.73,236.76,242.06,242.30,241.10,244.24,246.84,247.87,249.95,255.31,260.73,260.58,266.00,266.58,266.00,263.43,265.10,265.19,261.52,257.26,250.72,247.16,242.40,240.00,235.10,228.97,223.26,216.12,208.87,200.80,188.92,181.16,171.06,158.69,146.82,132.57
79.98,87.66,91.44,98.01,102.65,111.20,118.23,135.06,145.99,158.14,171.05,183.20,193.26,203.40,212.60,221.06,229.05,236.14,240.03,242.99,241.75,244.75,245.20,248.42,250.73,255.00,260.62,260.43,261.96,263.01,264.07,261.87,263.87,262.25,259.62,255.57,249.57,246.63,241.86,238.30,236.10,229.17,221.49,214.08,209.77,198.60,190.65,181.79,171.70,158.64,148.03,130.65
79.81,88.19,93.05,97.86,103.48,111.97,118.15,136.24,147.00,158.43,171.57,183.47,194.47,203.67,213.71,221.76,229.75,235.95,241.00,241.55,243.30,245.46,247.07,250.35,251.67,257.26,263.03,262.71,265.37,264.32,266.19,265.05,264.70,264.33,261.49,257.09,250.95,247.26,243.98,240.76,235.47,230.85,223.04,214.98,209.97,200.21,192.26,180.97,170.70,159.48,147.65,131.06
39.12,43.10,45.61,48.76,52.92,58.87,63.95,71.61,77.03,86.83,94.11,102.88,112.61,117.11,123.60,125.87,131.22,131.71,132.67,130.39,124.26,122.59,122.30,125.02,123.98,128.04,130.48,131.90,133.41,138.03,143.20,144.85,149.01,148.19,147.17,146.37,143.18,140.25,137.57,136.50,132.74,131.53,128.36,125.16,123.24,120.90,120.10,119.21,115.04,102.08,95.13,83.87
80.16,88.06,92.54,98.74,104.20,110.82,118.26,134.38,145.26,155.98,168.03,180.49,191.93,200.00,209.03,217.31,225.55,231.23,236.10,238.65,237.93,238.73,241.62,244.12,245.20,250.48,255.88,254.28,258.37,259.62,259.39,259.79,259.42,260.34,254.54,250.45,245.45,242.08,239.38,234.05,230.78,225.32,217.50,212.04,206.81,196.01,188.40,180.31,169.45,158.81,145.91,131.22
83.74,91.00,95.02,100.85,106.94,113.77,120.54,137.00,148.38,159.31,172.99,185.61,196.66,205.42,213.00,221.12,230.22,237.69,243.40,244.38,243.89,244.31,247.68,249.16,248.73,254.80,260.84,258.80,262.35,263.80,264.28,263.49,264.82,263.96,259.70,256.58,249.47,246.05,243.30,237.97,235.23,227.27,223.62,214.67,210.06,200.55,191.67,184.20,172.59,161.74,148.56,135.33
83.05,90.38,95.67,99.46,105.62,114.20,120.93,136.94,147.73,159.23,171.68,184.05,195.50,204.68,212.46,222.04,230.79,236.17,241.46,243.02,242.32,245.12,247.10,248.32,249.48,254.68,260.09,258.23,262.19,262.99,266.20,263.69,263.75,262.19,259.51,255.83,250.57,245.60,242.84,237.80,234.55,229.05,223.39,215.56,210.52,200.41,191.67,183.00,172.00,160.80,148.96,132.88
80.50,89.00,92.91,100.04,105.12,112.26,119.34,135.60,146.76,158.47,170.34,183.22,194.37,202.56,211.29,220.73,228.65,235.54,239.53,241.62,242.17,243.50,246.16,247.15,249.06,254.02,258.66,258.60,260.77,263.06,263.86,261.92,263.01,263.08,257.62,254.02,248.87,246.33,241.42,236.88,232.95,227.98,219.94,214.01,209.35,198.08,189.99,179.21,168.60,158.07,147.34,131.47
76.06,84.22,87.64,93.94,99.49,106.89,113.22,132.88,143.41,154.87,168.86,179.52,190.60,199.75,208.22,215.68,224.76,231.00,236.52,237.32,235.03,238.21,238.38,239.84,241.51,244.90,252.30,251.13,254.42,254.49,253.94,253.24,253.85,252.98,249.78,243.73,239.10,234.94,229.97,228.98,223.88,218.52,209.91,205.93,200.64,188.82,181.97,170.84,162.27,151.17,141.69,124.95
82.28,90.44,94.02,100.21,106.23,112.79,121.17,138.45,150.63,160.86,175.58,187.26,197.80,207.17,216.68,225.74,234.80,240.84,246.40,246.10,246.29,249.01,251.11,253.10,256.22,260.28,267.44,266.54,270.23,269.56,271.01,270.28,271.28,270.00,266.37,262.43,253.84,251.14,248.65,242.40,239.63,232.85,225.21,221.27,213.12,203.04,193.26,183.85,171.69,161.55,151.56,133.36
81.05,89.11,94.54,99.81,105.12,113.04,120.93,137.44,149.35,160.55,174.00,185.07,196.57,206.49,215.47,224.22,233.73,239.02,244.08,246.16,246.03,249.80,249.95,252.70,255.03,260.27,265.16,266.79,268.26,269.27,270.12,269.32,268.75,267.66,264.24,260.85,254.87,251.10,246.83,242.84,238.21,232.16,223.43,218.00,211.75,200.87,193.15,182.83,171.23,159.08,149.27,133.06
79.61,88.20,92.63,99.25,105.21,111.63,117.18,134.85,145.28,156.08,168.34,179.18,191.00,201.02,208.34,217.01,226.21,231.81,237.95,239.42,241.01,243.33,246.00,246.84,250.05,257.15,264.17,260.69,264.89,267.99,268.17,265.20,266.68,266.92,262.61,258.14,253.10,248.49,244.68,240.69,236.02,226.52,223.73,215.71,210.15,198.72,189.17,180.14,170.07,159.23,147.14,131.55
79.51,87.10,91.71,98.43,104.06,110.11,117.02,133.46,144.09,155.26,167.74,179.29,190.47,200.41,209.51,217.92,226.15,232.90,237.67,238.03,240.53,244.08,246.68,248.94,252.36,257.24,263.76,263.87,266.72,267.91,268.46,266.72,267.86,267.57,264.11,259.82,254.47,250.26,244.91,242.40,236.41,230.65,223.22,216.02,209.54,199.36,191.41,179.35,169.54,159.48,148.22,131.22
80.06,87.28,92.20,97.86,104.29,113.23,118.71,136.82,148.79,159.62,173.11,184.71,195.31,204.36,212.51,222.30,230.15,237.20,243.52,243.03,244.01,244.46,247.86,249.06,252.48,256.13,262.34,262.27,263.62,264.46,265.66,264.62,263.97,264.15,260.00,254.80,250.06,244.18,240.62,236.21,233.00,226.18,219.28,213.03,206.24,197.25,187.52,177.79,166.30,156.37,145.58,128.89
79.93,87.00,91.59,97.94,103.58,111.87,118.87,135.72,146.32,158.47,172.43,182.60,193.84,203.02,212.29,221.55,228.72,235.51,239.92,242.07,242.00,244.18,246.13,248.27,251.32,254.77,260.31,261.85,264.09,264.09,265.20,263.53,263.15,263.07,257.95,254.37,248.41,243.53,239.44,235.72,232.05,226.31,218.56,210.92,206.29,195.16,187.41,177.37,166.72,154.83,143.68,127.22
80.00,87.13,91.35,96.57,103.46,109.93,118.02,136.42,146.00,158.40,170.55,181.20,193.19,201.41,210.87,220.47,229.11,234.96,240.36,240.48,240.71,242.20,245.18,246.20,249.26,254.95,260.13,258.28,261.52,263.25,264.01,260.97,262.41,262.25,257.15,252.99,247.43,242.26,238.90,235.33,231.21,226.21,217.08,211.99,204.29,195.44,187.10,176.62,166.48,154.24,144.07,128.72
79.26,86.82,91.09,96.46,104.65,111.32,118.34,135.76,146.29,157.89,170.03,181.66,191.89,202.18,210.85,219.58,228.30,233.94,238.68,240.68,240.79,241.48,245.81,246.29,248.97,252.72,260.20,259.62,261.17,263.40,264.17,262.91,262.91,261.19,256.64,253.33,247.49,242.59,239.38,235.28,231.48,225.14,218.52,212.47,205.60,196.21,186.46,176.57,167.20,155.03,144.84,128.88
75.93,83.77,87.46,93.23,98.41,106.12,112.61,129.87,142.39,151.85,164.92,176.64,187.63,196.09,204.07,212.94,222.00,227.75,233.03,234.62,232.28,233.86,235.03,236.68,238.42,245.51,248.77,247.25,249.45,252.35,251.08,248.24,250.43,250.57,246.66,241.85,236.02,232.14,229.94,224.01,220.49,214.46,208.68,202.77,196.81,188.35,179.32,171.69,159.05,149.83,138.24,124.26
81.02,88.51,92.70,97.08,103.95,110.86,117.72,135.77,147.41,159.67,172.47,184.36,194.58,206.25,214.26,223.18,232.46,238.30,242.74,244.76,243.15,244.24,246.13,249.90,250.22,255.15,261.85,259.36,262.95,265.15,264.60,262.07,262.61,261.61,257.61,254.94,248.65,243.58,240.01,236.22,230.67,224.72,219.66,213.12,207.12,197.25,187.11,178.62,167.55,156.34,145.43,129.12
79.00,88.48,92.11,96.57,103.39,110.82,117.65,135.72,148.64,158.47,172.63,184.09,196.62,205.15,212.93,222.05,231.00,237.17,243.21,243.60,242.13,243.56,245.51,247.63,249.77,253.05,260.02,257.74,261.12,264.12,262.49,261.60,260.75,260.02,256.89,252.52,245.97,243.25,240.05,233.75,230.99,222.66,218.06,211.51,204.80,195.92,186.97,176.78,166.82,155.43,144.56,129.02
78.75,86.13,91.71,96.40,102.49,109.66,117.07,134.20,146.00,158.76,171.29,182.78,193.08,202.81,211.44,219.49,229.61,234.23,239.73,241.27,239.73,241.50,242.85,245.23,246.34,251.18,255.63,257.12,259.05,261.87,262.07,259.88,259.62,257.77,254.47,250.93,245.54,241.99,237.03,235.47,230.79,223.40,218.56,213.38,205.68,195.26,187.01,176.71,165.49,154.18,144.81,128.39
79.08,86.01,92.13,97.58,102.18,109.29,119.01,135.57,147.31,159.25,172.35,183.17,195.17,203.10,212.66,220.30,230.00,235.77,239.74,242.06,241.15,242.84,245.59,246.03,249.10,255.10,259.38,256.73,260.60,261.94,262.05,261.64,260.05,260.74,256.32,253.82,245.73,241.46,239.73,234.09,231.35,222.81,219.64,211.59,204.28,195.89,187.64,178.16,168.02,155.08,144.42,129.03
78.16,84.39,89.45,94.37,101.02,108.04,114.49,131.03,142.58,153.45,167.54,180.71,189.79,200.48,207.94,218.01,225.38,233.32,236.70,237.93,238.42,241.85,244.64,245.73,246.79,253.45,262.21,255.56,260.23,264.14,262.39,260.13,263.22,264.04,256.68,252.25,246.09,243.74,238.77,231.61,231.01,222.27,215.13,210.00,203.65,194.02,181.52,174.35,164.98,153.00,140.76,126.56
79.12,83.95,88.62,94.54,100.85,108.41,115.41,131.64,144.51,155.00,168.43,181.16,190.96,199.01,207.28,214.67,224.40,233.70,236.05,238.74,239.58,239.55,243.39,244.46,245.52,252.44,259.75,256.30,260.74,263.14,260.03,259.86,260.16,262.09,256.82,252.29,247.41,243.43,238.66,232.18,230.31,222.85,215.86,211.12,204.36,194.10,183.85,174.27,163.71,153.16,141.04,125.42
77.37,85.09,88.20,93.05,100.34,108.41,112.04,131.65,144.92,153.73,166.09,179.45,190.72,198.43,206.74,216.49,223.71,232.47,237.31,237.61,237.04,243.83,242.46,245.12,246.40,253.55,259.02,255.22,260.41,262.39,262.19,259.62,261.43,260.42,255.18,249.76,246.94,243.45,240.84,232.05,230.23,221.33,213.81,208.52,203.35,195.39,181.69,172.70,163.01,153.57,141.32,125.61
78.23,84.22,88.24,94.20,100.66,108.47,113.77,131.93,142.28,154.31,167.03,179.01,190.32,200.50,206.01,216.98,224.41,234.56,237.61,240.83,240.47,241.20,244.01,246.81,247.95,253.30,260.55,258.51,263.30,266.17,265.45,261.63,263.89,264.19,256.60,253.56,247.24,243.81,241.05,235.72,231.25,224.15,217.67,212.20,204.08,194.62,183.46,174.35,163.29,153.44,142.39,126.59
78.10,87.11,89.27,94.89,101.07,108.37,114.28,135.00,145.41,155.71,170.88,183.21,194.26,202.43,209.09,218.92,227.19,236.21,240.20,242.62,244.44,244.10,247.91,247.58,249.18,261.34,266.20,260.77,264.09,269.41,266.83,262.69,266.60,265.00,260.45,257.53,248.57,244.81,241.63,235.10,233.86,222.14,218.33,213.34,204.92,195.27,185.06,175.35,163.78,153.53,142.00,126.91
76.84,84.10,87.32,94.92,99.25,107.56,114.56,133.06,144.94,154.64,167.60,180.71,191.43,198.82,205.23,216.62,226.60,233.24,237.05,237.19,238.00,240.97,244.07,244.92,247.68,257.07,260.02,258.05,264.43,269.86,268.56,264.19,265.17,265.70,262.50,256.60,249.07,246.21,240.71,233.14,234.92,222.25,216.90,211.37,203.00,190.85,180.28,173.35,161.30,151.33,140.72,125.72
78.41,84.90,89.20,94.85,101.36,109.00,116.28,132.19,144.10,154.87,168.80,180.02,190.79,199.40,207.23,217.45,225.41,231.60,237.62,238.14,240.35,243.21,245.20,248.24,251.01,257.41,264.61,262.67,268.26,269.74,270.13,267.08,268.75,267.97,264.94,259.08,253.95,250.53,244.66,241.59,237.61,229.12,222.80,215.60,209.06,197.71,188.14,178.01,166.54,156.04,146.01,129.45
78.72,83.68,88.81,95.08,101.02,109.56,114.13,132.92,144.17,155.80,167.59,179.94,191.09,200.12,207.18,217.00,224.89,234.35,235.53,237.61,237.00,240.97,240.20,241.60,244.36,250.45,257.19,253.24,258.80,261.03,260.17,259.01,260.56,260.45,254.56,248.78,243.59,241.21,239.80,233.31,229.65,221.94,216.98,211.81,205.08,196.57,186.13,177.51,167.15,155.82,142.62,129.50
75.03,81.69,87.56,93.06,96.61,106.61,114.02,130.78,142.44,153.45,165.71,177.50,188.86,198.37,205.83,215.23,220.37,228.74,230.26,232.47,231.95,234.48,236.28,237.70,239.21,247.07,250.46,246.95,253.39,252.98,253.25,251.68,251.03,252.00,246.33,244.00,236.71,233.79,230.49,225.62,220.79,215.47,208.87,204.02,197.52,188.06,178.47,170.42,160.38,149.56,137.09,123.49
80.32,87.37,92.66,97.94,104.17,110.72,118.70,135.34,147.14,158.34,171.49,183.05,193.87,203.71,212.42,221.35,229.71,236.21,239.24,240.61,241.91,243.91,245.94,249.20,249.70,255.99,261.47,261.63,264.02,264.98,265.41,265.41,264.97,265.00,261.73,257.22,251.45,247.97,243.74,240.00,237.19,229.86,222.02,217.82,210.24,198.31,190.06,181.08,169.54,158.03,148.17,132.44
81.58,90.61,95.02,101.55,106.02,114.23,120.93,138.10,150.08,161.93,174.81,186.95,198.21,208.08,216.08,225.83,233.50,240.80,244.18,245.20,245.70,247.52,250.15,252.61,254.05,258.65,264.91,265.00,267.81,268.09,268.50,267.08,269.33,266.43,263.44,258.31,254.77,250.15,246.97,242.91,238.66,232.02,225.75,219.15,214.40,203.60,193.93,183.88,172.31,161.82,148.66,132.85
76.66,82.81,87.92,92.23,98.81,106.55,113.28,131.03,143.18,153.63,167.19,177.63,189.26,199.42,207.91,216.36,223.79,230.50,234.00,236.52,235.67,237.12,237.35,240.30,241.96,246.34,255.55,252.55,256.02,256.69,255.73,253.48,254.07,253.95,250.53,249.40,241.67,237.40,232.77,229.26,224.08,220.74,214.55,206.52,201.64,190.82,181.07,172.54,162.56,151.61,140.09,125.32
82.00,89.02,94.02,100.26,105.77,113.85,121.25,139.56,151.60,162.26,175.82,187.45,198.98,209.86,218.18,227.62,236.03,243.65,248.89,248.81,249.81,253.18,256.53,258.10,261.19,268.06,274.12,273.22,276.59,278.29,278.63,277.72,277.71,277.61,272.39,267.71,262.84,258.70,251.81,247.99,244.56,238.03,228.06,221.65,214.35,202.83,192.67,181.14,171.84,160.06,148.05,132.83
