81.27,92.65,100.13,109.60,122.32,135.15,144.73,163.81,173.49,183.70,198.21,207.91,218.10,225.18,232.77,239.01,243.79,244.64,246.02,243.83,235.77,237.65,237.12,238.84,240.38,247.13,256.44,258.21,259.95,259.16,259.20,254.61,248.02,244.66,236.23,231.87,226.63,222.80,219.67,219.32,216.70,215.34,213.93,212.40,212.64,209.83,204.69,196.25,187.24,176.08,164.16,148.08
80.36,92.44,101.97,112.93,122.72,135.15,146.29,166.76,177.91,186.94,199.72,211.03,220.06,228.47,233.50,240.60,245.84,246.52,248.21,243.84,237.02,237.64,238.11,238.77,241.23,249.72,259.68,259.02,261.84,262.80,262.10,256.46,251.07,250.06,241.60,233.65,228.32,224.61,222.08,222.16,220.47,218.92,217.91,216.37,216.52,212.96,208.29,198.09,188.94,179.89,166.87,150.60
82.57,94.53,103.77,114.48,126.37,138.46,147.87,168.32,177.63,189.31,203.34,213.80,222.65,232.12,238.35,242.92,248.29,249.61,251.77,248.20,240.10,241.81,241.00,243.61,245.65,251.77,261.82,262.21,266.56,265.21,264.75,261.49,254.77,253.46,244.40,238.65,233.00,229.22,225.14,225.72,225.57,223.22,220.87,219.40,219.26,217.79,211.45,203.39,192.17,182.00,169.73,155.44
77.90,89.14,98.23,109.66,118.27,129.56,140.55,159.62,170.30,180.47,192.26,203.84,212.25,220.19,227.14,233.06,237.08,239.23,239.80,235.84,229.71,229.79,230.10,231.28,235.80,241.01,251.05,251.78,255.34,253.56,254.58,250.06,244.72,241.66,233.14,229.30,222.61,218.34,215.97,216.11,214.41,213.69,212.35,210.30,209.67,206.40,202.48,192.75,183.37,171.83,162.09,147.31
77.16,88.02,98.13,107.42,118.22,129.25,138.51,158.52,168.19,179.12,191.17,201.26,211.53,217.88,222.99,229.87,235.33,235.80,236.84,234.78,228.71,228.19,230.18,231.17,233.57,240.80,249.00,250.84,253.39,253.03,252.04,249.66,243.32,240.35,234.01,227.43,221.00,217.97,214.95,214.71,213.71,213.34,210.05,208.78,207.95,205.77,201.01,191.27,182.44,172.17,161.45,143.89
56.22,63.01,67.23,73.68,80.28,89.20,93.56,105.95,112.45,119.63,126.46,131.24,140.00,142.35,146.77,152.55,160.18,159.25,163.41,162.00,158.68,157.99,155.65,153.26,153.44,155.29,157.29,158.15,162.64,163.53,163.98,163.60,161.70,160.38,158.43,152.76,146.89,146.49,146.12,145.89,146.87,146.54,146.00,144.37,145.07,144.56,141.28,135.80,128.55,120.81,113.85,101.51
81.71,93.02,103.62,113.22,123.91,135.45,146.45,165.08,175.28,185.27,198.52,207.56,216.67,223.89,229.96,236.62,239.43,239.47,240.44,237.23,229.49,229.30,231.40,234.30,236.52,242.80,251.59,253.44,257.75,256.40,256.60,253.67,249.90,246.06,239.89,233.75,228.73,225.04,223.89,223.51,222.83,222.72,220.34,218.51,217.81,215.23,209.57,199.72,189.36,178.97,168.16,150.33
75.47,86.05,95.21,105.68,115.39,125.94,136.31,153.69,164.01,174.18,186.29,195.43,204.31,212.98,218.36,224.41,228.97,230.71,230.64,227.07,222.27,222.00,221.82,225.00,226.81,231.71,241.15,242.33,245.03,243.82,241.36,238.19,233.12,229.16,224.54,218.22,212.20,207.42,205.97,205.54,204.88,204.36,202.59,200.57,201.40,196.62,192.90,183.98,175.25,166.58,155.71,138.88
53.46,59.09,65.73,75.06,79.32,86.01,93.38,105.36,108.42,115.26,123.98,130.92,136.24,141.42,146.15,151.60,157.92,157.47,160.64,159.70,157.18,154.87,151.21,153.05,151.00,150.45,152.08,151.98,155.86,155.39,156.16,156.67,155.18,154.62,148.35,147.05,142.90,139.28,139.06,137.77,138.35,138.31,139.46,136.86,138.45,137.62,136.07,128.23,122.09,115.95,107.52,97.32
75.61,87.32,96.18,105.22,115.21,127.32,136.21,155.05,166.09,174.61,186.23,195.79,206.00,212.84,220.00,224.47,229.27,229.63,231.81,229.05,221.93,222.27,223.73,224.66,227.11,232.69,241.60,242.84,244.57,245.72,243.67,239.76,233.03,232.00,221.92,216.68,211.15,208.81,206.46,205.53,204.08,201.21,200.04,198.60,198.70,195.78,190.59,183.31,174.41,164.64,153.17,140.25
75.80,86.68,95.51,104.08,114.63,125.21,135.51,154.04,164.60,174.04,185.30,195.24,203.96,211.63,218.08,223.89,228.84,228.84,230.34,227.26,220.00,221.46,221.78,223.77,226.21,232.86,239.63,240.75,244.18,244.17,242.53,239.41,232.40,230.90,222.10,216.59,209.35,207.18,205.46,204.39,203.53,201.56,200.94,199.90,199.49,196.02,189.74,183.60,173.10,164.47,154.16,138.80
78.52,89.99,98.81,109.08,119.05,131.03,141.66,161.76,171.01,182.83,193.35,205.01,212.96,222.00,229.79,234.97,239.27,242.54,241.25,237.45,232.07,233.21,232.67,235.42,238.08,244.90,253.31,253.94,256.81,255.62,255.38,252.21,244.68,243.35,236.03,229.37,222.95,218.01,217.04,215.36,214.46,213.38,210.87,208.74,209.33,206.49,200.80,193.04,183.41,172.65,161.40,146.03
51.74,59.48,64.56,71.70,76.66,84.58,88.20,101.60,108.30,113.22,122.07,127.05,131.55,139.01,142.47,146.66,152.27,154.55,153.64,151.82,151.82,154.00,151.16,149.97,147.47,152.95,149.57,150.65,153.79,155.13,157.18,159.83,156.26,154.57,153.45,148.03,146.00,141.78,140.66,140.04,140.94,140.87,138.76,137.99,138.54,137.57,134.62,129.25,122.20,113.81,109.17,96.90
81.88,93.62,103.23,113.37,124.79,136.01,146.03,166.21,176.31,188.15,200.23,210.64,219.23,227.44,233.38,237.92,242.54,243.25,242.39,239.02,232.43,233.50,235.16,236.36,240.63,246.42,257.26,259.12,261.93,262.39,262.09,259.39,253.44,250.94,244.44,238.08,232.43,228.05,226.92,226.88,226.02,226.11,222.01,220.17,219.11,216.34,211.95,201.73,193.07,180.69,170.00,153.24
53.34,60.83,65.37,73.33,79.40,87.56,92.66,105.57,112.25,119.71,126.04,133.96,140.12,144.68,149.04,150.53,156.73,157.38,157.10,157.20,153.57,152.64,152.00,153.94,153.53,154.78,161.97,162.26,162.98,165.42,165.28,166.60,162.16,162.69,156.43,154.77,150.05,147.73,148.72,149.08,147.18,149.04,146.01,145.12,145.50,145.65,139.54,135.53,129.20,120.81,114.73,103.71
82.01,94.02,103.28,113.84,123.79,136.00,147.00,167.20,176.30,187.45,199.54,210.24,218.50,226.99,232.94,238.35,243.00,244.62,243.29,240.60,233.94,233.69,234.80,238.07,241.17,246.97,257.03,259.33,261.27,262.46,261.23,257.99,253.14,250.45,242.99,238.05,232.11,227.69,225.85,225.28,224.36,224.66,221.14,221.36,219.02,214.87,210.98,201.25,191.13,180.07,170.66,152.19
54.13,62.10,67.48,73.06,80.16,87.85,92.18,107.06,110.07,118.34,123.04,128.60,137.30,144.81,149.28,152.41,158.03,159.62,162.43,161.30,156.67,155.93,154.40,152.11,147.72,150.47,151.00,153.83,155.90,159.73,156.72,156.82,154.18,155.00,152.71,146.99,145.43,142.27,139.81,141.61,141.32,142.04,138.77,139.98,140.52,139.09,135.93,130.92,124.04,116.76,108.17,93.30
77.23,88.02,97.95,107.35,117.52,128.84,138.60,157.00,166.15,177.41,189.40,198.44,208.71,216.01,223.29,229.96,233.48,236.23,236.91,233.11,227.90,227.11,227.95,230.24,231.25,238.52,246.73,248.74,249.69,250.45,247.99,245.12,239.27,236.60,229.08,224.47,216.54,213.84,211.86,211.70,209.60,209.98,207.78,206.04,206.20,203.89,198.12,189.39,179.87,169.20,158.80,143.38
54.04,61.40,67.54,74.43,81.57,87.93,93.68,107.35,111.23,117.41,126.40,134.18,139.79,145.09,150.33,154.74,159.71,160.59,164.48,161.79,159.20,158.38,154.56,153.57,152.00,153.00,153.39,156.82,158.15,161.92,159.29,160.56,157.81,156.54,151.75,147.20,147.14,144.06,143.76,143.21,141.09,143.18,140.46,143.03,142.78,144.00,139.67,137.83,130.06,120.21,111.33,97.53
84.39,96.17,104.69,115.76,127.41,139.27,149.05,170.02,179.08,191.69,203.23,215.41,225.57,231.15,239.77,246.00,249.21,250.34,252.00,247.36,239.18,240.96,240.67,242.16,245.38,252.77,261.27,261.81,264.32,263.50,264.34,258.79,253.24,251.60,242.99,236.33,230.71,227.88,224.29,223.66,224.59,221.33,220.64,218.59,220.00,216.19,212.62,202.36,192.42,182.18,171.23,154.21
79.93,90.82,101.12,110.94,120.80,132.44,142.77,161.99,173.17,183.56,196.64,206.35,216.91,222.80,231.04,235.78,240.11,242.83,243.46,238.81,232.18,232.48,231.70,234.56,235.70,241.63,250.58,252.16,254.23,254.37,252.83,249.23,243.61,239.21,233.73,227.79,220.97,217.30,215.23,214.54,214.01,212.81,210.89,209.30,209.16,205.55,200.55,192.85,183.81,172.51,161.15,145.12
86.12,98.49,108.72,119.82,130.42,144.01,153.94,171.84,185.46,195.56,207.89,219.61,227.79,236.97,242.80,250.73,250.41,252.24,253.65,251.08,241.02,240.44,242.27,243.20,246.40,254.31,264.34,263.69,266.93,267.32,268.37,263.75,260.46,256.43,247.78,240.84,236.30,232.85,232.00,228.06,230.53,226.81,226.81,224.14,223.79,221.43,214.98,205.65,196.33,186.27,172.07,158.53
86.01,98.49,106.89,119.27,131.03,143.01,153.38,173.63,184.56,194.74,208.35,219.78,230.51,237.67,242.40,249.07,250.73,252.30,254.58,249.85,240.83,241.92,243.77,243.53,248.31,254.34,263.91,264.82,267.66,267.99,268.46,262.41,259.72,257.66,247.35,242.49,235.69,232.65,231.85,230.05,230.38,227.66,227.90,224.93,222.44,221.11,216.45,207.16,197.12,185.61,173.23,157.70
86.45,98.25,107.52,119.00,131.10,143.28,152.64,173.52,185.87,194.92,209.01,219.53,230.85,236.35,242.40,248.00,253.36,253.07,253.31,250.06,240.53,241.07,243.50,243.39,248.24,253.67,264.47,265.82,267.61,267.96,267.48,264.28,259.93,258.16,247.63,242.21,235.51,233.48,229.99,230.36,230.34,227.34,226.99,224.08,223.61,222.44,215.52,206.40,196.74,185.78,173.67,158.22
83.73,94.34,104.36,115.31,126.21,139.01,149.56,169.00,181.04,191.48,204.56,214.24,225.64,234.09,242.24,247.99,251.62,254.89,253.43,250.84,242.74,243.24,244.38,244.90,248.36,254.80,263.49,264.09,266.30,267.62,266.09,262.92,255.38,251.61,244.66,237.70,231.55,227.11,224.96,223.99,222.40,222.46,219.71,218.34,217.11,215.03,210.52,200.69,191.06,179.98,168.83,153.39
83.01,94.92,104.56,115.42,126.27,138.71,148.95,169.05,179.63,191.02,203.20,214.77,224.51,232.86,241.01,247.19,251.44,253.78,253.84,249.10,242.06,243.18,243.39,244.84,247.00,254.80,264.28,265.23,267.96,266.72,266.19,261.82,255.81,252.46,244.20,237.90,231.61,227.61,225.30,225.46,222.18,221.36,219.89,218.32,217.52,214.58,210.38,200.50,189.45,180.71,167.89,153.06
85.00,96.18,103.31,115.32,127.31,138.72,148.22,170.18,181.20,192.67,203.96,216.09,225.82,233.77,241.05,246.22,249.95,252.24,254.91,250.80,241.40,242.87,242.05,246.02,246.72,255.16,263.32,264.12,267.91,267.61,267.64,261.96,256.26,252.44,245.98,239.02,233.57,228.78,227.02,225.08,224.00,223.43,220.41,219.18,220.20,216.01,210.79,203.38,191.23,181.39,170.82,153.64
80.62,91.93,100.62,111.63,120.83,132.85,143.22,163.00,172.68,185.07,198.03,205.92,215.67,223.38,229.99,234.80,240.61,240.10,243.13,238.81,231.35,231.14,232.47,233.62,237.56,243.35,250.17,250.64,252.23,254.20,253.05,248.85,244.20,240.10,232.14,226.57,221.14,217.55,213.90,213.51,213.28,211.49,210.10,207.71,209.70,207.51,202.18,193.05,182.08,172.94,161.30,145.80
80.65,93.26,101.55,110.98,122.59,133.46,142.27,162.01,174.05,184.04,194.81,205.35,216.91,225.40,230.53,237.54,238.81,241.83,243.31,240.15,230.67,232.49,232.17,232.45,235.05,241.40,249.95,248.60,251.15,255.13,252.63,249.63,243.09,238.90,230.49,223.40,218.29,216.15,215.36,210.95,213.34,207.41,209.04,207.42,205.83,202.53,198.44,190.38,181.66,169.80,160.21,147.47
79.63,92.14,101.24,110.86,122.00,131.58,144.20,160.59,173.14,183.66,196.31,206.63,215.13,223.02,229.58,233.89,238.48,242.16,242.85,239.25,228.02,230.93,232.54,233.42,234.14,242.69,251.45,248.08,252.12,255.23,251.60,246.98,241.01,240.69,230.80,226.00,218.41,213.59,214.03,212.84,213.66,210.41,211.51,208.87,209.26,202.97,199.82,192.42,182.62,172.41,163.36,149.16
78.57,91.07,100.98,110.86,121.49,132.00,143.96,162.26,173.44,183.60,196.09,208.15,216.90,224.51,231.90,237.29,240.88,242.40,243.21,239.26,232.08,233.36,235.05,236.54,238.12,245.28,254.03,254.61,257.87,258.57,255.99,253.05,246.59,243.08,236.14,229.96,224.06,220.49,218.68,216.39,216.81,215.87,212.29,210.62,210.06,207.08,202.55,193.02,183.83,174.69,163.48,148.03
83.49,95.04,105.54,115.43,126.05,138.76,149.91,170.58,181.25,193.89,205.43,216.51,227.71,235.01,241.96,248.56,252.30,254.69,254.02,248.87,242.14,242.20,242.66,245.25,248.08,255.05,263.10,263.59,266.43,265.09,264.22,259.86,252.83,249.06,243.48,237.02,229.17,226.12,224.76,222.19,222.87,221.38,219.13,216.69,217.50,213.18,208.66,199.64,190.38,179.88,168.19,152.21
80.08,91.55,101.12,111.54,122.70,133.66,143.96,164.15,174.16,184.68,197.50,207.95,217.04,223.65,229.71,235.83,236.48,237.72,239.60,234.36,226.32,226.38,227.44,229.05,230.22,238.21,245.60,247.03,250.24,251.62,249.78,246.43,242.32,238.80,232.80,225.50,221.18,218.01,217.28,214.77,214.46,213.48,212.20,209.25,210.11,208.57,204.73,195.03,185.15,174.75,164.12,149.41
79.88,91.84,101.24,112.07,122.38,134.36,145.10,164.71,175.01,184.61,196.45,207.12,216.90,224.74,230.10,235.95,239.15,239.77,237.62,233.56,227.18,227.31,228.11,230.08,232.44,239.71,248.52,248.36,252.01,252.07,252.18,248.82,243.25,239.87,235.31,228.32,221.89,219.83,217.00,218.13,216.61,215.68,212.91,212.12,212.36,210.06,204.71,197.06,186.26,176.32,165.85,150.21
79.81,92.36,102.30,111.43,123.00,134.48,144.17,163.71,175.29,185.16,198.07,209.70,219.79,226.18,233.38,239.02,242.86,243.99,244.50,242.13,234.48,233.57,234.44,236.71,239.27,245.98,254.76,254.33,258.80,257.70,256.11,253.71,247.01,242.86,236.65,229.26,223.01,219.34,216.12,215.86,214.71,214.77,212.22,211.55,210.00,207.02,202.41,194.59,184.70,173.57,162.75,146.03
82.01,93.64,103.86,115.00,125.67,135.59,148.22,165.42,175.56,187.13,201.00,210.38,220.30,227.20,232.82,237.74,241.51,240.44,241.47,237.69,227.48,230.87,230.79,231.81,235.31,243.48,250.71,251.22,253.48,255.70,254.44,250.64,246.14,244.04,234.35,229.00,225.41,221.76,220.10,219.58,218.82,216.53,216.00,213.55,214.25,210.74,206.67,198.04,187.56,179.20,167.37,151.60
83.86,96.18,106.30,116.21,127.53,138.71,150.57,169.20,180.74,191.13,203.59,213.58,223.38,230.10,236.80,243.18,243.82,246.73,246.13,242.57,234.08,233.82,233.60,236.28,239.01,245.33,255.05,255.92,257.86,259.51,260.87,255.83,252.20,247.95,241.30,234.44,230.08,225.64,223.14,223.13,224.11,220.73,220.04,218.94,218.25,214.39,210.11,199.97,190.91,180.89,170.06,152.98
84.01,94.87,104.64,116.62,127.28,139.59,151.24,170.43,182.58,193.76,207.59,217.81,228.55,237.23,243.67,249.58,251.64,254.61,254.75,250.84,243.25,243.40,244.81,246.34,247.83,256.01,265.65,267.61,269.67,268.97,266.45,263.93,257.87,255.69,247.14,241.63,234.95,229.44,227.69,226.32,226.43,225.29,222.70,221.72,220.74,220.04,214.35,204.29,194.37,183.32,172.63,155.72
84.72,96.43,105.11,115.00,127.22,138.29,150.46,170.18,182.08,192.35,206.31,217.30,228.16,236.28,242.03,248.70,250.58,254.02,254.95,251.53,241.02,241.76,244.70,245.28,247.16,255.31,264.09,265.15,268.78,269.71,265.58,262.00,257.79,256.22,248.21,240.15,235.00,228.98,228.74,227.07,226.24,222.91,223.32,221.11,220.41,218.63,212.40,203.50,192.94,183.10,170.53,154.05
83.01,94.83,103.59,115.60,126.61,137.54,149.78,169.62,182.28,192.67,205.72,217.22,226.74,235.02,243.24,249.04,252.80,253.45,253.03,248.50,241.00,241.29,242.53,245.12,247.20,254.44,262.80,264.46,265.96,266.02,263.11,260.41,254.40,250.03,242.57,237.41,230.64,226.42,224.01,224.52,223.60,222.44,221.20,219.54,218.71,216.94,211.05,202.28,192.63,181.28,170.70,152.88
53.60,60.08,66.22,72.17,77.70,84.69,92.57,102.39,109.20,115.21,125.10,132.23,135.96,141.90,146.35,150.22,155.00,156.40,158.48,154.39,150.07,149.12,146.12,146.25,143.22,145.52,142.43,145.56,146.56,149.21,151.12,150.42,147.26,145.28,142.17,139.78,136.69,134.71,132.85,134.35,133.96,134.10,132.19,133.66,132.00,133.54,129.99,125.24,118.85,112.22,105.89,95.34
73.24,82.37,90.93,100.28,110.21,120.42,128.46,146.25,156.40,165.64,177.10,187.26,196.40,202.77,208.39,212.40,215.08,216.78,216.81,213.78,206.53,205.88,207.29,208.59,211.55,217.59,225.14,225.00,228.30,228.33,227.56,223.38,217.89,216.00,209.48,205.46,199.88,196.02,194.18,194.16,193.22,193.54,192.00,189.42,188.60,186.97,184.10,176.26,167.48,157.06,147.11,132.56
82.00,92.13,103.39,112.64,124.20,135.09,145.00,165.30,176.24,186.02,198.65,209.12,219.06,226.74,234.10,238.03,242.91,242.01,242.44,238.40,232.41,232.73,231.94,234.97,237.26,243.58,252.53,254.47,255.88,256.97,254.92,251.03,244.81,242.62,235.70,229.44,225.22,220.43,218.02,217.62,216.36,216.82,215.71,213.12,213.02,210.84,206.65,198.01,188.28,176.98,166.09,149.16
80.81,93.06,102.40,112.65,123.56,135.52,144.78,165.89,176.38,185.71,197.84,209.75,218.00,227.88,233.62,239.91,242.99,242.74,244.27,241.48,232.82,233.00,234.40,236.91,238.35,245.39,252.07,252.46,255.20,256.63,254.89,249.88,244.25,242.86,232.78,227.02,222.57,219.11,216.17,216.45,215.75,214.31,214.08,209.66,211.63,207.62,204.30,194.54,185.46,175.33,164.11,148.03
81.01,91.09,101.79,112.07,123.36,133.82,145.62,165.15,175.18,187.21,198.40,209.95,220.24,227.07,232.42,238.76,244.04,242.79,244.20,240.71,233.42,232.56,233.31,233.62,238.56,245.90,253.18,253.03,256.46,256.28,254.57,250.16,245.46,243.28,233.21,226.81,220.33,218.20,216.06,216.15,215.78,211.61,209.80,209.46,209.99,207.87,203.59,194.49,185.40,174.57,162.08,146.82
77.62,89.05,97.53,107.67,118.60,130.30,140.12,160.03,171.59,182.02,194.74,206.04,214.62,222.43,228.85,235.93,239.42,240.58,239.27,237.00,229.79,230.89,230.90,236.02,236.02,244.19,252.83,253.82,256.85,255.89,255.33,250.96,244.20,240.65,234.02,229.31,223.08,219.02,216.01,215.08,213.74,213.93,211.59,209.62,208.60,206.60,201.82,192.59,183.81,173.00,163.05,147.80
83.38,94.02,103.23,113.22,125.72,137.97,148.56,169.05,179.64,190.72,203.55,213.36,224.89,232.42,239.15,245.46,249.29,248.71,250.06,246.95,237.95,240.00,240.84,241.54,246.79,254.83,261.43,264.07,265.19,266.58,263.78,260.51,254.38,250.93,243.40,235.14,229.02,227.71,225.73,224.51,224.44,220.51,219.72,218.84,219.06,213.38,210.60,200.85,190.38,181.96,168.44,153.47
82.37,94.89,103.16,114.28,127.44,139.46,149.12,169.45,180.31,191.38,201.90,215.23,224.85,232.44,238.73,242.74,249.56,248.78,251.14,244.26,238.16,237.80,240.80,242.86,245.52,251.72,259.79,261.38,264.66,265.19,265.05,258.54,253.58,250.46,242.40,236.01,230.02,227.04,222.43,224.64,223.57,219.57,221.02,217.85,217.57,213.48,210.10,201.97,190.54,178.34,168.29,152.43
82.23,94.37,105.12,114.84,125.60,137.91,148.22,167.20,178.62,191.25,203.08,215.02,223.62,232.73,237.47,245.08,247.74,248.85,249.00,245.05,236.02,236.54,237.47,239.15,242.33,248.65,257.77,259.05,261.54,259.89,261.12,256.56,250.14,247.12,239.18,232.49,227.79,223.99,222.64,220.98,221.00,219.33,217.04,217.20,214.67,212.46,207.74,200.14,190.60,179.18,169.94,151.33
81.84,93.91,103.04,114.23,124.20,135.96,145.99,166.36,176.82,186.89,200.12,210.49,219.97,228.53,236.78,241.23,246.47,246.22,245.46,242.39,236.91,237.10,237.17,241.92,243.53,249.10,259.89,260.01,263.14,262.93,261.20,258.15,251.43,247.76,241.30,234.27,228.04,224.01,222.04,222.18,220.84,219.83,217.04,216.09,215.30,211.87,207.01,198.60,189.28,178.53,167.36,149.91
82.87,94.92,104.96,115.73,127.42,139.09,149.24,170.32,181.66,193.00,206.60,217.42,227.61,236.35,243.50,247.69,254.06,254.44,254.24,249.26,241.28,241.25,242.67,245.58,248.03,254.58,263.23,264.46,266.91,266.74,263.43,259.56,254.26,248.81,241.30,235.93,228.95,225.00,223.22,221.58,221.52,220.48,217.83,216.09,216.17,213.30,208.24,200.04,191.04,179.91,168.08,150.92
83.87,95.88,107.04,115.87,129.56,142.70,152.84,172.51,183.81,196.39,208.09,219.34,230.08,237.02,245.15,250.06,252.93,254.01,254.80,249.87,242.62,242.03,243.10,245.80,248.13,255.20,263.43,265.56,268.36,267.23,264.61,262.84,255.50,252.21,244.20,239.27,230.55,227.61,224.02,224.45,224.12,223.04,220.42,219.51,219.02,215.93,210.38,201.00,192.34,180.56,170.65,152.32
84.69,95.00,105.95,116.04,128.41,141.60,151.58,171.71,182.15,193.84,207.53,217.81,228.67,236.12,242.33,247.97,252.38,252.52,253.03,249.02,241.11,240.48,241.15,244.18,246.59,254.00,262.21,263.87,267.32,266.43,265.20,261.93,255.50,251.10,245.73,238.35,229.96,227.98,224.88,224.51,223.75,222.77,221.42,219.24,217.38,215.56,210.87,201.88,191.64,181.07,170.88,153.52
83.67,94.54,104.92,114.63,125.67,136.47,147.73,167.80,179.27,188.60,202.87,213.55,221.47,228.37,233.65,239.47,244.01,242.64,243.61,239.41,229.54,230.50,231.62,233.32,235.57,242.84,252.17,253.79,255.18,257.28,257.12,253.33,248.21,246.07,239.30,232.60,226.89,223.89,221.96,220.91,220.84,218.49,218.82,216.54,217.11,214.83,210.30,200.96,189.76,180.23,168.01,152.12
81.84,93.41,101.92,113.36,123.00,135.35,146.54,165.53,178.36,186.94,201.00,211.51,220.24,227.65,235.44,238.66,242.67,242.33,243.31,238.50,229.31,229.65,231.62,234.39,235.85,245.07,253.87,255.16,256.09,258.01,256.85,253.57,248.94,246.56,238.50,232.00,226.75,223.08,220.60,220.77,220.00,218.22,217.55,216.13,214.98,212.88,209.32,199.97,190.44,178.99,167.92,150.79
81.40,92.28,101.83,112.27,122.04,133.26,144.53,164.20,174.07,184.62,195.49,206.35,216.45,223.62,229.84,234.34,236.91,236.14,239.49,234.01,225.20,225.42,226.63,228.95,231.10,238.77,247.32,247.49,250.69,252.41,252.72,249.10,244.25,240.71,235.09,229.01,223.45,219.15,219.20,218.87,217.82,215.63,214.79,214.02,212.08,210.49,206.34,197.13,187.63,176.82,166.40,149.64
82.87,93.68,102.94,113.16,124.46,135.72,146.86,166.24,176.79,186.45,198.16,209.69,218.00,225.51,232.07,236.24,238.38,239.30,239.21,234.71,227.20,227.17,229.48,231.81,234.14,239.89,249.24,250.84,253.66,255.05,253.67,251.05,246.45,244.38,237.36,233.21,225.66,222.55,222.28,221.05,221.90,220.53,218.83,216.76,216.00,212.93,209.62,200.26,190.68,179.61,168.08,150.85
83.17,93.81,103.02,113.65,125.10,135.09,145.99,167.71,178.51,189.45,202.20,213.66,223.33,229.14,234.14,240.42,244.81,244.11,245.62,239.74,232.54,232.36,235.17,236.81,240.07,247.92,256.84,257.28,260.38,260.39,261.08,256.73,251.03,250.06,241.12,236.77,229.26,226.11,223.57,224.47,223.86,221.42,219.65,219.10,219.57,214.67,211.02,202.14,190.44,180.61,169.76,152.28
79.48,90.91,99.32,109.84,121.04,132.20,143.76,163.77,173.59,184.50,197.45,208.02,216.67,225.40,230.85,238.52,240.41,242.24,241.65,237.35,229.47,230.41,230.85,235.03,236.32,242.92,252.16,252.35,256.16,254.00,253.34,249.48,244.84,240.07,233.00,226.31,221.78,216.58,215.39,214.54,214.11,212.76,210.04,209.77,208.92,205.12,200.24,190.70,182.99,171.83,160.70,146.28
83.55,94.89,105.55,116.18,127.88,139.81,151.45,171.96,183.04,194.29,208.37,219.42,228.85,237.00,243.38,249.93,253.43,253.43,253.64,248.65,242.14,241.81,241.90,246.11,247.70,254.16,264.28,265.44,267.93,267.57,266.49,262.07,255.64,251.81,246.08,239.00,231.29,228.32,226.15,226.01,225.79,225.41,221.89,220.95,219.45,217.15,210.62,202.24,192.34,181.69,170.00,154.03
81.54,93.81,103.16,113.86,125.90,137.64,147.71,167.94,180.07,191.32,203.30,214.77,224.88,232.02,239.47,244.92,247.49,250.50,248.68,245.06,237.02,237.32,238.17,241.87,244.08,250.57,260.77,263.35,263.78,263.53,263.66,259.56,251.47,248.52,241.90,235.10,228.65,225.20,222.85,222.99,222.14,221.17,218.91,218.84,217.01,213.59,209.88,200.61,192.04,179.11,168.30,152.16
80.75,93.17,102.42,114.24,125.20,136.12,147.83,169.11,179.11,191.73,203.69,212.76,222.77,231.77,238.21,243.91,246.06,247.63,247.64,243.19,236.01,234.63,235.97,238.56,240.71,248.70,256.89,257.73,260.86,261.01,258.70,255.16,249.15,244.72,238.52,233.09,225.51,223.27,220.02,220.63,218.75,218.25,216.59,215.71,214.90,211.59,205.55,198.09,189.00,178.49,166.98,150.66
81.40,94.03,104.09,114.18,124.45,137.06,148.17,168.22,180.24,191.06,204.71,214.76,224.59,232.42,238.48,244.97,246.64,249.73,248.65,244.29,235.82,236.43,237.74,239.64,242.92,248.93,257.96,257.33,261.37,262.61,259.94,257.24,250.35,247.31,237.66,232.60,225.76,222.04,219.09,220.00,220.07,218.45,215.98,215.59,216.45,212.23,208.12,198.12,187.97,178.84,166.72,149.81
72.25,83.24,91.68,101.71,111.83,122.67,132.97,153.06,163.40,174.19,187.97,199.49,208.15,219.24,225.00,231.97,239.15,239.77,242.14,239.21,235.72,236.60,237.04,238.20,241.75,249.69,260.41,258.00,259.62,258.31,253.58,249.10,238.08,234.89,226.01,219.26,211.36,207.18,204.17,203.81,202.71,199.46,197.19,195.89,195.73,193.26,188.04,180.83,171.03,162.69,151.17,136.03
81.22,92.42,101.79,113.81,125.13,137.30,148.72,168.88,179.34,192.20,205.37,216.12,225.01,234.61,240.79,246.00,250.80,251.03,252.05,247.21,239.41,241.12,242.20,244.49,248.21,255.35,264.71,263.40,267.03,267.33,264.32,260.49,253.16,251.38,243.31,236.91,229.67,227.27,223.83,223.76,222.11,222.14,219.59,216.45,215.37,213.55,208.47,199.46,190.87,179.45,167.82,150.34
81.49,92.44,102.62,113.81,124.42,136.94,148.22,168.91,179.85,192.15,204.82,215.13,224.51,232.36,240.35,245.20,249.47,250.01,248.93,244.40,237.89,239.40,240.62,243.66,246.34,251.18,261.43,262.09,265.38,264.30,263.37,257.53,252.46,249.06,241.81,235.42,228.12,225.80,223.81,222.00,222.00,220.11,217.87,215.29,216.58,213.00,208.94,199.21,189.93,178.54,169.50,150.42
83.77,96.33,107.19,116.97,128.44,141.50,151.72,173.77,184.76,196.21,209.35,220.27,231.10,236.93,245.07,249.33,254.28,255.16,255.25,250.99,241.60,242.54,242.87,246.08,249.47,256.98,265.86,266.58,270.02,268.00,267.64,262.53,256.86,253.19,244.71,239.01,230.49,227.90,225.08,225.08,223.23,220.91,221.82,219.92,219.15,216.91,211.29,202.98,192.42,181.21,170.06,154.57
80.78,92.01,100.96,110.77,122.38,135.10,144.47,165.20,176.18,187.39,200.04,211.70,220.10,227.43,235.17,239.64,243.74,244.66,243.85,239.57,232.96,232.48,233.94,235.65,241.05,248.08,257.60,259.62,261.96,261.55,259.89,257.03,249.61,246.52,240.69,233.77,225.63,223.43,220.95,220.29,218.69,218.52,215.28,214.85,214.25,210.34,206.83,198.07,189.19,177.34,166.21,150.70
80.45,89.89,100.66,110.11,121.38,134.18,142.00,164.05,173.82,186.07,199.32,208.69,218.29,226.37,232.17,237.66,242.01,241.01,242.74,238.05,230.76,231.95,232.71,234.98,239.08,245.49,254.80,257.18,260.49,258.54,258.26,255.81,247.95,244.75,236.62,230.93,226.02,220.73,219.74,218.16,216.19,216.32,214.39,212.85,212.71,210.24,205.65,196.06,187.45,176.30,165.00,149.64
80.06,90.55,101.14,110.63,122.38,134.18,143.18,164.71,176.08,186.78,199.61,210.10,218.08,227.18,233.55,238.87,242.12,242.16,243.65,239.71,231.56,233.19,234.14,235.29,239.64,248.60,257.00,259.48,260.97,260.98,260.93,257.93,250.23,245.39,238.03,232.91,225.50,223.89,221.12,219.06,218.29,217.85,215.87,214.25,214.58,211.30,205.70,197.25,186.81,176.11,164.58,150.80
79.63,91.35,101.87,112.33,120.83,131.97,144.25,163.81,175.01,186.34,197.08,206.31,217.10,221.12,226.90,234.14,234.88,235.05,237.12,232.02,223.14,224.93,226.88,229.81,231.19,238.88,247.88,245.25,248.94,252.68,249.90,246.95,241.99,239.35,229.61,223.32,218.28,216.81,215.08,213.78,214.11,210.11,212.06,209.38,210.72,207.15,204.00,193.20,184.49,176.10,163.81,149.48
79.65,91.07,101.00,111.40,122.80,133.76,144.89,164.01,174.77,185.95,196.90,208.08,216.89,223.62,230.47,233.93,237.69,237.70,236.55,231.48,224.64,224.76,226.64,229.62,233.40,239.23,250.12,249.93,253.34,253.67,252.56,248.50,243.66,241.25,234.45,227.54,223.19,219.92,217.80,217.22,216.12,215.59,213.82,213.17,212.00,208.83,204.79,195.14,185.78,177.02,165.89,150.27
80.53,92.27,101.65,112.49,122.16,134.00,144.85,164.28,175.03,185.66,196.33,208.00,216.52,222.70,229.62,234.09,236.54,236.03,235.99,231.77,224.62,224.86,226.64,228.63,233.26,239.38,248.56,248.78,252.67,253.78,251.43,249.48,243.59,240.11,233.62,228.13,223.49,220.31,217.15,217.83,217.71,214.73,214.06,213.55,211.77,208.95,206.71,195.17,187.20,177.54,165.39,148.95
79.31,90.62,99.04,109.59,120.04,131.70,142.14,160.08,169.94,180.71,192.31,203.31,211.74,218.58,225.79,230.23,232.22,232.48,232.22,227.78,222.71,222.46,224.59,227.04,231.04,238.30,248.17,249.97,252.29,251.94,251.75,249.62,245.20,241.15,234.07,229.39,223.99,219.66,216.95,217.69,216.34,217.08,214.09,213.65,212.85,210.49,204.84,196.33,187.52,177.41,166.82,149.48
81.84,94.40,104.04,115.26,125.94,137.41,148.08,169.09,178.90,190.07,201.56,213.03,222.50,229.31,234.78,239.01,242.99,242.50,240.96,235.60,229.96,231.22,231.81,235.54,239.25,246.38,255.55,256.70,259.30,259.31,258.69,255.34,249.51,245.29,239.49,233.94,227.07,222.09,221.21,221.08,220.11,220.60,217.19,216.76,216.01,213.90,208.81,199.86,192.07,179.94,169.80,153.03
79.65,92.70,102.88,113.00,123.91,136.24,147.49,169.31,179.49,192.34,203.59,216.62,226.34,234.79,239.65,245.51,248.82,249.95,247.95,243.91,237.12,239.40,240.84,244.10,247.59,255.56,264.78,266.05,268.03,267.09,265.31,260.02,254.57,250.93,242.89,235.85,230.05,225.80,223.83,222.81,222.80,222.01,219.67,218.66,218.52,215.72,210.24,202.11,193.04,181.97,171.14,153.73
79.63,92.57,102.73,114.23,123.41,135.69,147.49,168.87,179.84,191.67,204.30,216.21,226.92,235.36,239.53,244.01,248.31,249.57,248.05,243.97,236.75,238.65,240.53,243.94,246.42,254.33,263.65,264.05,267.06,266.05,263.89,260.60,253.13,250.15,242.86,235.23,229.21,224.40,222.71,222.19,220.99,221.00,219.54,217.08,218.10,214.45,209.69,201.30,191.17,181.62,170.59,152.88
56.92,66.61,72.72,81.02,83.29,91.84,99.37,119.40,125.54,135.72,142.00,150.48,158.81,164.50,169.07,173.01,177.55,180.28,178.68,174.07,168.00,164.26,160.08,158.40,155.40,160.03,163.88,163.53,166.57,169.43,168.44,168.63,164.77,164.79,160.46,156.39,152.82,147.56,146.66,146.75,147.79,147.71,146.89,147.12,147.08,146.18,140.06,135.00,131.37,120.83,114.16,104.04
78.09,89.27,98.90,109.71,120.93,133.00,144.31,163.29,174.77,184.55,196.88,208.34,217.88,225.18,233.05,237.77,242.50,243.46,242.60,237.08,233.80,234.64,237.03,240.58,244.02,252.37,264.01,263.89,265.91,265.36,262.99,258.31,251.98,247.68,241.31,235.03,227.52,223.81,220.10,219.24,218.44,217.70,215.23,213.36,213.38,210.54,205.64,196.94,187.84,177.18,166.02,149.40
78.39,90.25,99.32,110.17,121.02,132.82,144.17,163.36,174.43,186.08,196.70,208.33,218.28,225.09,231.25,238.03,241.35,242.61,242.01,238.47,234.21,234.94,237.70,242.00,244.92,253.25,264.07,263.80,267.10,265.66,263.58,259.43,252.29,247.15,241.11,234.48,226.00,222.46,219.75,219.69,218.12,216.34,215.14,212.85,212.88,209.94,205.35,196.82,186.82,177.00,165.46,148.52
78.24,89.96,99.25,110.60,120.88,133.27,144.59,163.60,174.75,185.59,197.72,209.42,218.56,226.11,233.01,238.80,241.92,243.66,243.12,239.41,234.34,235.21,237.89,242.44,246.34,253.55,264.00,264.01,265.16,266.45,263.71,258.50,252.81,247.98,239.84,233.93,226.87,222.75,219.37,218.44,218.33,214.55,215.24,213.04,212.72,209.07,204.17,195.41,187.26,175.56,165.48,147.90
80.16,91.29,101.39,111.16,123.86,134.36,145.23,166.36,178.22,189.53,203.04,211.81,222.81,230.20,235.72,242.17,244.53,246.62,246.22,243.60,236.48,236.99,240.10,243.39,245.69,255.05,266.96,263.12,264.70,265.71,263.31,257.39,249.33,248.85,239.21,232.17,224.59,219.92,218.33,216.54,215.18,212.73,214.22,208.15,210.35,205.62,203.30,189.99,193.09,179.85,159.97,148.95
59.51,69.03,75.54,82.35,90.55,98.41,106.04,118.60,127.29,135.15,144.85,152.05,160.11,165.85,169.96,174.48,181.16,182.32,183.21,177.88,176.96,173.22,170.16,168.44,167.76,170.01,169.19,169.85,173.08,172.73,176.57,174.57,172.03,167.72,163.38,159.10,153.76,148.84,146.70,147.36,148.05,144.10,144.01,144.81,143.89,141.53,140.80,132.00,126.15,116.97,111.36,99.74
81.54,93.51,104.39,114.02,125.24,136.24,148.08,166.81,176.98,188.56,200.12,208.92,219.22,226.52,232.62,235.76,239.99,240.01,238.21,234.09,229.18,229.39,231.81,234.64,239.60,246.06,255.64,256.30,259.52,258.96,257.99,253.97,249.00,245.54,238.58,232.80,225.42,222.83,220.19,219.15,217.83,217.96,215.34,214.85,213.23,210.42,206.90,197.67,188.66,178.37,167.41,151.01
82.38,94.43,104.00,115.10,126.19,138.08,149.47,170.14,179.69,191.37,205.88,216.98,225.40,234.18,238.25,245.42,249.84,249.16,250.46,245.49,237.86,239.61,243.31,245.28,250.19,257.62,268.83,268.31,270.93,271.28,269.90,264.25,257.00,253.55,247.00,240.33,232.01,228.66,224.20,225.49,223.89,220.91,220.59,218.34,218.29,214.89,211.10,202.15,191.59,182.15,170.53,154.31
79.83,91.41,101.26,111.80,123.63,136.12,146.66,167.07,177.79,189.55,201.96,213.23,222.73,229.38,238.47,243.53,245.62,246.79,247.19,242.03,238.40,240.33,242.00,246.11,250.05,258.44,268.29,269.55,271.46,270.11,267.03,262.83,255.70,250.14,243.48,237.32,229.09,225.25,221.65,220.86,219.51,218.29,216.81,214.68,213.69,211.98,206.55,198.32,189.01,178.08,168.32,150.84
78.82,90.55,100.60,111.09,122.67,135.15,145.09,166.40,177.08,187.81,200.96,211.52,220.49,229.16,235.73,242.56,243.77,244.97,244.25,240.42,235.70,237.42,241.29,243.07,248.07,255.81,266.01,266.43,268.75,267.78,263.76,260.20,252.20,248.62,242.42,234.92,227.88,223.14,220.06,220.10,217.82,217.01,214.77,212.85,213.65,210.12,205.77,196.58,187.54,177.03,167.94,150.23
78.41,89.99,100.81,110.75,123.49,134.84,144.90,166.34,176.41,186.53,200.39,211.03,222.32,228.53,235.55,241.08,242.60,244.66,245.46,240.79,235.48,237.59,239.63,243.01,247.94,254.95,265.05,264.32,268.16,266.51,263.61,259.26,252.30,247.89,239.93,231.86,226.77,221.43,219.27,218.89,216.02,214.48,214.35,212.43,212.14,210.87,206.07,195.35,185.78,175.29,167.06,149.86
80.06,89.50,101.00,111.89,122.58,132.23,145.06,165.30,175.56,185.95,197.31,209.70,219.24,223.39,229.79,234.72,236.81,236.76,239.03,234.39,228.54,230.02,234.97,238.32,241.29,251.81,260.02,256.20,259.36,262.41,260.73,255.00,250.05,246.66,238.83,233.14,225.02,221.72,220.27,218.83,219.02,214.60,215.87,213.18,211.78,210.40,204.71,194.73,187.28,177.54,164.07,150.94
71.84,81.27,91.07,100.60,110.64,122.00,131.73,150.05,159.52,170.48,181.11,189.83,200.24,205.18,211.21,215.86,219.80,218.89,217.67,214.70,211.62,212.19,217.50,222.00,226.38,237.06,248.26,247.82,250.32,248.21,246.92,242.90,234.75,230.82,223.56,218.08,211.88,208.27,206.81,205.73,205.87,204.95,202.79,199.90,199.08,197.47,195.33,188.10,177.45,169.53,159.24,143.68
70.58,80.60,90.82,99.61,108.47,120.80,130.18,148.07,157.50,167.03,178.89,187.10,196.09,201.42,207.68,211.83,215.15,215.24,215.56,213.10,208.85,209.15,214.67,219.11,223.22,233.77,244.07,244.03,246.53,245.02,243.82,239.01,230.41,227.88,220.19,215.46,209.86,205.20,203.40,202.83,203.20,202.07,198.59,197.31,196.85,195.14,190.90,184.86,174.64,166.24,156.87,140.93
53.15,72.80,77.90,85.99,94.03,101.24,110.64,122.43,130.23,138.85,148.48,153.77,163.40,168.96,172.63,177.23,183.10,183.17,184.56,180.24,176.71,173.42,173.10,173.61,175.41,181.16,181.87,182.28,185.17,184.17,186.94,184.20,182.04,177.20,172.46,168.88,162.63,160.72,158.07,158.38,158.83,158.98,153.53,155.67,154.21,151.92,149.11,140.93,137.36,131.24,119.63,107.17
77.88,87.30,98.81,108.91,117.43,128.39,140.87,159.35,169.96,180.25,190.37,201.85,208.87,215.37,220.27,227.17,228.35,229.61,231.14,228.27,221.94,222.12,227.66,231.14,234.61,244.62,252.30,248.86,255.34,254.47,251.11,247.34,243.42,241.21,230.02,226.11,219.23,217.15,214.29,212.93,213.10,206.42,209.54,208.93,204.75,203.33,199.09,190.37,183.60,172.51,160.10,145.34
82.29,93.96,103.41,114.28,126.78,138.52,149.89,171.33,185.39,194.49,208.06,218.44,230.59,237.51,241.22,249.13,252.05,251.64,254.02,250.58,244.39,246.40,249.38,253.40,257.86,265.86,274.65,272.86,276.59,276.74,272.37,268.31,259.12,255.49,246.35,237.00,231.62,227.27,223.66,221.06,222.91,219.23,219.00,216.33,215.37,210.86,210.30,199.60,190.54,178.84,169.19,153.70
79.71,92.40,101.83,114.02,123.31,136.82,146.12,168.67,178.89,191.09,203.59,214.36,223.58,230.48,236.60,243.04,244.46,246.66,247.48,243.94,239.63,240.48,242.86,246.64,252.34,260.46,269.68,267.64,269.53,269.90,268.89,262.15,253.65,251.10,240.71,234.03,228.65,223.60,222.44,218.30,218.22,214.66,216.54,213.00,213.12,210.52,207.02,198.13,189.19,179.91,167.72,152.05
80.99,93.38,99.93,112.01,124.54,136.85,148.03,167.48,179.69,189.93,202.71,212.85,224.36,230.27,235.78,242.96,242.07,244.10,245.94,243.07,234.08,238.83,240.35,245.07,250.57,259.61,267.33,266.37,268.37,268.20,265.73,262.01,254.15,248.70,239.46,234.92,227.64,222.83,221.00,218.33,217.28,217.04,215.59,212.04,213.32,208.20,206.65,196.94,190.07,178.90,168.07,153.40
77.41,88.77,99.01,110.14,121.02,133.54,144.35,165.00,175.89,186.12,199.12,210.09,220.23,226.95,233.83,239.13,242.86,243.29,241.86,239.27,235.10,236.86,239.52,244.05,249.00,257.82,266.18,267.23,268.82,267.02,265.14,259.65,250.80,246.72,239.03,231.68,224.06,220.41,216.06,217.89,215.19,215.37,212.14,210.89,211.09,207.96,204.46,196.43,185.93,178.08,166.21,149.89
81.06,92.07,101.71,112.41,123.17,134.85,146.22,166.87,176.82,189.62,199.60,213.35,220.60,229.73,235.98,241.05,243.91,244.19,247.26,241.90,234.08,236.58,241.30,242.99,248.65,258.12,268.78,264.49,267.88,270.13,266.18,262.10,253.48,251.10,240.84,232.57,226.37,224.38,220.32,218.41,217.59,213.88,215.00,214.11,212.95,209.30,206.55,196.31,188.01,176.62,165.61,150.87
79.12,91.09,101.32,113.16,122.02,134.71,147.23,167.76,177.16,189.04,198.60,212.08,221.06,227.55,234.48,240.19,243.29,243.07,244.62,240.35,233.36,236.30,240.67,241.18,248.91,258.37,268.05,262.08,264.94,266.28,263.93,259.28,252.92,247.49,237.78,230.89,224.32,222.31,217.75,216.64,215.24,210.29,213.48,211.62,212.25,208.24,206.04,193.91,188.10,177.05,164.76,150.42
79.91,91.14,101.19,113.45,123.48,137.06,147.46,168.34,178.23,189.43,201.66,212.72,223.30,231.64,238.61,241.63,246.63,246.94,246.52,243.53,240.17,243.28,245.45,249.93,256.64,263.62,274.87,272.24,274.49,274.03,271.67,266.81,259.05,253.28,245.47,238.16,230.63,227.18,223.61,221.77,220.93,218.50,216.94,215.70,215.54,212.60,209.09,199.09,190.38,180.71,168.62,153.08
79.40,90.93,101.12,111.09,123.04,136.31,145.73,165.74,176.14,188.05,200.26,211.07,220.87,228.02,233.80,239.15,241.05,241.42,241.40,237.07,232.81,235.77,237.19,243.40,246.85,254.80,264.08,262.84,264.41,262.76,261.43,257.08,249.65,245.10,238.14,231.81,224.96,219.92,216.19,216.16,213.78,213.78,212.04,211.55,209.61,208.69,204.52,196.54,187.28,176.12,165.17,148.92
82.05,94.41,104.58,114.81,127.12,139.70,149.57,172.00,183.64,192.26,205.15,217.59,227.38,233.62,238.37,244.39,249.27,247.65,249.26,245.15,239.23,241.75,243.82,250.00,254.56,262.53,271.18,271.25,273.21,271.29,268.08,263.87,255.85,251.56,242.64,238.40,227.91,222.28,221.14,219.48,217.55,216.09,215.54,214.00,213.56,209.80,207.51,197.09,187.80,177.34,166.93,151.49
82.29,94.58,104.18,115.12,127.78,140.46,151.08,173.36,183.18,194.10,206.63,217.35,229.18,235.28,239.11,245.54,248.94,249.88,250.24,247.64,240.80,242.92,246.17,250.46,257.42,264.91,273.01,273.18,275.47,274.16,271.15,267.44,259.94,254.70,245.74,240.34,231.35,226.31,223.89,222.46,221.36,217.72,217.15,216.84,215.75,212.78,210.15,200.19,190.00,178.87,170.02,153.81
78.92,91.92,102.18,112.61,123.45,136.21,147.80,169.24,179.01,191.05,204.00,216.36,224.59,231.66,238.30,243.02,247.68,249.72,249.06,244.97,240.61,243.31,246.83,249.95,255.84,263.92,274.64,274.22,276.88,274.04,272.00,267.33,259.52,253.53,245.49,238.01,230.65,225.89,223.56,222.43,221.21,220.11,217.25,215.54,214.44,212.85,208.48,198.96,190.14,179.78,170.00,153.77
77.16,89.64,98.18,110.42,120.93,134.41,145.28,165.19,174.98,186.13,198.54,210.07,218.71,226.72,233.08,237.55,240.01,241.66,241.92,237.74,232.57,235.64,239.77,242.59,247.58,254.24,264.25,265.05,266.84,263.21,262.49,257.56,249.63,243.87,237.03,230.93,223.47,216.54,214.24,213.97,212.25,212.13,208.80,208.25,206.78,205.12,201.79,192.92,184.07,173.33,162.66,147.12
71.57,82.76,92.09,101.41,112.09,124.26,134.16,154.50,165.39,178.34,190.54,201.80,211.42,219.24,227.15,235.05,239.30,240.68,242.00,238.65,233.21,235.44,237.17,241.31,245.86,253.43,260.09,262.37,263.05,262.09,256.88,249.60,239.62,233.42,225.02,217.27,209.61,203.33,199.72,197.43,195.56,194.46,191.60,191.21,191.97,189.00,183.98,176.15,167.86,157.78,147.49,134.83
78.00,90.34,100.17,111.36,121.49,134.38,145.03,166.39,176.14,187.88,199.64,210.44,219.20,226.88,233.08,238.10,241.63,242.00,242.71,238.48,233.05,236.08,240.53,242.98,250.00,256.20,267.37,267.78,269.06,268.00,264.86,260.28,253.02,249.58,239.52,233.93,224.74,221.42,217.95,216.70,214.76,212.98,211.09,210.76,209.39,207.93,204.27,192.00,185.65,175.41,163.29,148.22
77.88,88.81,98.11,109.40,121.20,133.56,145.06,165.68,175.82,186.55,200.82,210.49,219.39,227.52,232.78,238.42,242.42,243.02,242.30,239.89,235.67,238.65,241.77,248.21,251.64,261.05,269.61,269.46,271.67,270.00,267.86,263.55,256.26,251.88,243.39,236.14,227.23,223.13,219.36,218.11,217.61,215.41,213.28,212.36,210.24,208.04,203.87,195.26,186.30,176.71,165.56,148.49
78.00,90.02,100.96,111.87,122.58,136.18,146.56,166.83,178.49,189.26,202.11,212.41,222.62,229.31,234.31,240.63,245.02,244.91,245.73,242.89,236.21,239.38,244.40,246.43,253.16,262.20,269.24,269.95,271.55,271.18,269.20,263.82,255.69,251.45,242.30,234.36,228.13,222.77,219.10,217.15,215.67,214.15,212.56,210.09,210.49,209.33,203.96,195.36,185.92,175.79,165.60,149.04
77.62,90.24,99.08,110.06,121.82,135.44,146.17,166.82,176.17,188.22,201.99,212.53,221.46,227.92,235.26,240.01,243.30,244.23,244.23,241.35,235.21,238.72,241.66,246.03,252.00,260.35,269.58,269.16,271.09,270.44,266.43,261.63,255.41,250.00,242.05,234.88,227.17,221.06,217.88,216.28,214.67,212.35,210.79,209.75,209.06,207.06,204.28,193.31,186.03,175.73,164.58,147.87
77.01,89.90,99.90,110.31,121.07,134.74,145.00,165.92,176.74,187.95,201.97,211.51,221.27,227.74,234.27,239.79,242.51,243.33,243.20,242.10,234.54,238.37,241.02,244.72,250.19,259.92,268.49,267.84,270.66,269.08,265.28,261.44,252.87,249.90,239.70,234.62,225.53,219.61,218.16,215.52,213.05,210.04,210.61,208.59,208.66,205.79,200.88,192.42,184.63,173.95,162.11,146.82
77.13,88.01,98.35,108.71,121.31,131.64,142.72,163.37,173.67,183.61,195.56,205.78,214.24,221.10,225.61,230.59,232.09,233.32,233.73,230.42,225.72,228.04,230.78,235.72,241.02,249.84,258.09,258.12,260.22,259.89,258.31,254.15,247.63,243.52,234.98,229.22,220.95,217.30,215.63,212.06,212.00,208.50,208.48,206.71,209.62,205.97,201.96,191.73,183.37,175.03,163.60,149.04
68.15,78.71,87.73,97.50,107.00,117.69,126.67,144.17,153.69,162.61,173.42,183.00,190.22,195.73,199.72,202.77,208.31,206.24,207.62,203.68,200.12,201.12,204.64,207.48,212.13,219.02,227.75,227.71,228.00,229.92,227.26,224.02,219.18,217.31,206.83,203.00,195.45,191.91,189.26,188.96,187.11,185.22,183.97,182.10,183.48,181.34,179.07,170.48,163.98,155.08,144.64,130.39
78.52,89.94,99.30,109.59,122.00,134.62,146.24,165.47,175.14,186.82,198.88,208.47,217.82,224.20,230.08,234.42,237.01,236.81,236.48,233.90,231.11,232.96,234.96,240.68,244.31,253.16,263.25,263.64,266.39,266.03,264.28,260.97,254.49,248.24,242.54,235.65,227.27,222.19,219.54,218.05,217.00,215.24,213.14,211.09,211.52,208.15,204.63,196.16,187.54,177.00,166.86,150.71
77.08,89.27,97.42,108.67,120.80,133.18,143.89,163.25,173.49,183.52,196.70,206.42,215.11,221.72,227.80,231.66,234.10,234.48,235.65,230.64,228.55,229.87,233.86,239.00,242.53,251.44,260.36,261.71,263.42,264.51,262.00,258.54,251.48,246.94,239.89,234.30,225.97,221.17,218.19,216.97,214.74,213.22,210.87,210.77,210.30,207.17,203.69,195.89,186.94,175.93,166.38,149.93
73.66,86.77,96.19,106.78,119.52,132.52,141.57,163.64,174.64,184.98,198.04,208.02,216.38,223.78,230.20,235.20,239.41,240.07,239.65,234.88,233.21,234.56,239.21,241.66,246.62,255.22,268.03,266.60,269.13,268.29,266.33,259.89,252.42,249.24,239.10,232.91,224.96,219.35,216.72,215.86,214.22,211.30,208.81,207.62,207.53,204.27,200.01,193.02,183.93,174.57,164.35,147.56
76.66,88.81,99.30,110.02,121.26,133.87,144.45,164.22,175.03,186.02,197.01,207.09,216.41,221.92,228.83,230.85,234.36,235.59,234.72,230.87,227.80,229.89,232.36,237.02,241.37,250.06,259.42,261.44,262.61,263.01,262.38,258.85,252.13,246.66,240.19,232.66,225.46,221.62,218.07,217.42,215.13,213.59,210.83,211.26,209.88,208.75,204.25,197.02,187.39,175.29,166.48,149.09
81.02,94.54,103.77,116.78,128.69,141.06,153.10,173.05,184.17,196.16,208.06,218.83,227.04,233.94,240.26,244.71,249.00,248.78,248.09,245.15,240.19,242.74,245.46,250.51,254.59,264.14,274.81,276.44,278.40,276.57,277.35,272.37,266.33,261.23,253.03,245.28,237.14,233.21,229.83,228.95,226.02,225.86,222.27,221.21,221.38,217.72,215.23,206.63,197.41,185.08,174.64,158.00
76.54,89.38,98.49,109.33,120.30,133.70,143.67,164.35,174.89,186.08,197.89,208.41,217.60,225.76,230.51,236.02,239.43,240.75,239.70,237.70,232.20,235.05,237.50,244.20,247.61,257.67,268.15,270.02,273.08,273.35,271.54,266.99,260.50,255.57,246.66,238.30,231.32,226.04,223.08,219.40,217.61,215.73,213.01,209.99,209.61,208.14,205.06,196.87,187.21,177.18,166.51,150.55
77.03,89.05,99.70,110.69,121.15,134.85,146.99,167.16,177.72,189.71,202.20,212.25,222.72,229.34,236.12,241.96,245.18,245.37,243.56,241.25,236.91,239.84,242.62,247.20,252.60,260.43,271.74,273.72,276.09,275.41,273.48,270.09,262.61,257.60,249.48,241.60,232.91,228.16,223.60,221.96,219.21,217.75,213.88,214.00,211.97,210.54,205.51,198.01,188.51,179.25,167.80,150.15
54.08,62.20,67.23,72.18,80.06,87.66,96.18,108.17,117.71,125.10,132.03,138.05,145.00,151.21,154.21,158.90,162.54,162.19,162.59,161.47,154.35,150.81,148.45,149.38,150.85,154.65,161.92,160.13,160.61,163.11,166.36,161.19,165.42,159.66,156.49,153.45,145.01,142.21,139.01,137.30,136.97,135.07,134.48,134.94,133.42,134.84,134.03,127.53,121.70,115.42,108.78,97.27
81.91,94.76,105.48,116.21,129.25,142.27,154.02,174.77,186.02,197.12,208.69,217.80,227.38,234.56,240.05,245.41,248.07,250.50,247.78,244.50,239.24,241.29,244.47,249.84,253.07,262.84,275.86,277.40,281.18,281.70,281.04,277.28,269.76,266.70,256.91,250.17,242.02,236.54,230.84,228.64,226.72,224.74,222.43,220.06,218.83,216.67,213.55,203.16,194.04,183.84,172.73,155.98
76.11,87.92,96.88,107.84,118.27,130.30,141.77,161.99,172.63,183.17,193.85,204.02,213.04,220.10,224.80,229.83,233.38,234.31,234.97,229.67,226.00,227.18,230.27,235.08,241.01,248.81,261.36,263.21,266.54,267.53,265.91,261.63,255.18,251.00,243.98,234.37,228.53,222.41,217.19,215.26,212.72,210.28,206.65,206.24,205.18,202.80,199.37,191.13,182.22,172.19,161.83,145.42
76.69,89.83,98.08,107.23,120.35,131.65,143.41,163.29,173.76,182.46,195.06,206.31,215.86,222.71,226.00,233.38,235.54,236.21,238.38,235.37,229.26,231.35,236.19,238.27,244.81,256.33,268.60,271.09,272.80,275.03,275.77,270.95,265.15,259.37,251.78,242.55,234.80,228.69,223.61,219.05,217.69,213.60,211.02,209.15,209.12,205.06,202.83,194.16,183.08,173.28,165.25,149.34
78.41,90.82,100.13,110.86,121.31,134.18,145.78,165.39,174.40,184.44,198.95,208.09,217.88,224.02,231.21,235.65,238.53,239.02,240.76,238.40,231.22,232.23,235.05,240.07,246.00,255.81,268.79,270.42,273.89,273.98,273.72,269.45,262.67,258.28,248.24,240.74,233.54,228.25,224.44,220.05,216.58,212.51,210.26,208.83,208.61,208.19,201.41,193.79,184.98,174.41,163.69,148.63
77.79,89.32,100.04,109.79,122.00,133.60,144.84,165.60,175.57,185.54,199.01,208.34,216.78,224.64,229.27,235.79,238.44,239.38,240.64,236.44,230.54,231.70,235.03,239.40,245.61,253.18,266.79,269.15,273.65,272.92,272.59,268.00,262.43,257.19,248.22,240.13,232.83,226.14,221.36,219.48,216.21,213.85,210.09,208.81,207.76,206.24,202.06,193.85,184.29,175.64,164.61,148.49
76.90,89.20,99.40,110.34,121.64,133.54,143.59,163.64,173.92,184.61,197.77,206.78,214.72,222.03,228.06,233.79,236.81,237.24,239.52,235.16,228.67,229.27,233.00,236.03,242.39,251.44,264.68,266.27,270.42,269.58,270.67,266.73,259.52,257.30,243.97,237.84,229.33,223.22,220.87,218.20,214.04,211.01,208.09,208.00,206.18,204.28,200.80,191.93,182.44,174.26,162.93,145.91
73.93,85.56,94.54,104.04,114.23,126.37,136.08,154.04,164.60,172.56,184.25,193.04,200.57,208.40,213.59,216.95,219.27,219.01,220.97,217.35,211.57,212.66,214.45,217.81,223.81,232.77,245.37,249.06,252.51,254.01,253.73,251.64,248.36,243.98,234.80,226.38,222.08,214.20,210.22,207.17,205.92,202.24,200.14,198.12,196.16,194.55,191.00,184.30,173.67,164.98,153.69,138.76
75.17,86.77,95.67,105.62,116.21,127.24,137.19,155.82,164.98,174.93,184.39,192.77,201.64,207.86,214.03,217.95,219.58,221.27,221.14,217.86,209.80,211.95,214.85,218.00,224.50,231.97,243.82,247.00,251.25,253.34,254.38,251.33,248.07,243.30,234.26,227.06,221.93,214.34,210.89,207.48,205.51,203.04,200.11,197.25,197.45,196.35,191.66,184.25,175.15,166.14,155.00,139.67
76.32,87.42,96.77,107.35,118.19,129.20,139.01,157.92,166.90,177.10,188.80,197.69,206.02,211.77,216.27,221.65,225.06,225.11,226.00,222.20,215.37,216.08,219.26,221.55,227.61,237.39,250.55,252.67,255.54,258.94,258.80,254.57,251.45,246.29,239.43,230.31,223.40,216.02,213.78,209.61,209.12,205.34,203.54,200.39,200.12,196.96,194.18,186.20,176.58,168.24,156.46,141.82
76.03,86.61,96.88,106.74,116.82,128.28,138.76,157.31,166.64,176.79,187.00,196.09,205.06,211.08,216.83,220.23,223.93,226.11,224.96,219.15,214.15,214.57,217.19,221.60,225.86,235.70,247.73,251.87,255.80,256.60,256.83,254.28,249.90,245.07,238.08,230.15,222.80,216.91,212.17,209.62,207.30,204.53,203.04,200.82,199.46,196.51,193.00,184.39,177.12,167.19,157.88,141.35
80.28,92.13,102.83,113.27,125.21,136.75,148.07,167.30,176.83,187.88,200.56,209.48,218.76,225.57,230.33,235.77,239.21,240.52,238.89,234.36,228.66,226.86,229.56,234.20,239.14,247.63,261.84,266.18,269.30,271.21,272.08,268.49,262.07,260.75,251.77,244.72,234.57,228.47,224.18,221.38,218.90,216.46,212.66,210.54,210.28,207.45,202.36,195.83,186.29,177.05,165.59,149.11
75.64,86.01,95.08,105.36,116.47,127.10,137.30,154.92,165.06,174.43,184.76,194.56,202.27,208.17,213.24,217.31,219.37,220.05,220.24,216.23,209.35,208.70,211.30,215.11,220.23,229.05,242.39,244.99,249.35,251.75,252.13,248.39,244.40,240.75,232.81,226.27,219.73,214.22,208.29,207.48,204.00,202.71,199.02,196.82,195.49,193.88,190.38,183.92,173.44,164.91,154.55,139.52
76.03,87.09,96.26,106.44,117.72,127.35,138.97,156.26,165.19,174.38,185.22,193.93,202.16,208.49,215.03,217.46,220.84,221.00,220.51,216.34,209.88,209.76,212.44,215.30,219.24,228.64,242.68,245.52,251.15,251.29,253.18,251.08,246.10,242.79,235.83,229.46,220.54,215.04,211.73,208.39,205.94,203.66,199.61,198.31,197.43,194.12,190.24,182.60,174.60,163.42,154.18,139.01
76.30,86.76,95.90,107.52,116.66,129.56,138.19,156.54,165.24,173.56,184.98,193.20,201.06,207.42,212.91,217.00,218.84,219.20,219.61,214.11,205.66,204.60,206.17,209.99,214.25,223.29,238.87,243.89,247.54,247.54,246.73,246.78,240.98,237.60,228.56,222.40,215.75,211.62,208.56,204.79,200.35,200.02,194.45,194.81,192.13,191.31,186.43,179.12,171.81,163.44,150.94,138.45
76.97,89.63,100.02,111.29,124.43,133.54,144.51,163.22,172.33,180.68,192.34,200.59,210.05,214.87,219.49,223.09,226.93,225.64,221.96,215.60,207.56,205.24,205.73,210.29,217.26,222.05,234.54,236.97,245.33,248.87,252.30,250.32,251.10,249.23,240.69,235.05,227.85,223.64,222.04,218.28,218.11,215.00,211.15,208.95,208.87,207.40,202.28,197.61,186.63,181.66,168.24,153.40
76.40,88.60,97.10,106.10,116.73,129.14,137.44,154.00,165.08,172.43,185.00,193.68,201.00,208.81,211.60,217.62,218.52,220.15,219.87,218.76,211.01,210.62,210.67,214.90,218.04,227.86,239.91,244.81,247.89,250.84,250.05,251.10,244.92,241.48,233.81,226.14,221.82,215.14,209.75,205.85,205.20,199.64,196.90,195.90,194.46,189.93,186.45,180.50,171.49,161.14,151.46,138.05
75.80,86.59,96.61,106.78,116.93,128.41,139.12,156.26,165.77,174.96,185.57,194.74,202.77,209.27,214.76,219.18,222.03,222.83,221.21,217.28,209.40,207.76,209.75,213.66,218.01,227.44,242.03,245.20,250.45,253.16,251.60,251.64,246.78,242.87,237.89,230.20,221.78,216.91,212.29,210.34,207.23,203.48,200.45,197.72,197.72,195.13,191.65,184.20,176.23,164.40,153.48,138.71
83.26,96.00,106.40,118.44,130.25,141.99,152.84,172.68,182.60,190.82,203.09,212.21,220.51,225.57,231.46,236.17,239.70,237.50,236.13,229.90,220.74,219.33,219.80,223.65,228.60,236.54,252.24,256.43,261.12,263.69,265.04,265.00,261.84,258.50,251.32,245.00,237.98,232.65,227.42,225.51,223.89,221.18,217.81,214.56,214.44,211.73,207.70,199.38,190.38,179.45,168.55,151.27
82.73,95.77,107.06,119.22,129.39,142.70,154.16,173.42,184.10,193.21,203.30,212.71,221.90,228.25,232.77,238.42,240.71,239.65,239.52,236.17,226.43,224.44,226.27,229.68,234.36,243.74,257.64,263.33,269.53,270.27,274.37,271.33,268.24,266.33,259.30,248.89,242.23,236.50,234.18,230.34,228.04,224.02,220.43,221.06,218.56,214.76,209.80,201.72,191.64,182.19,169.58,152.59
81.22,92.48,102.53,110.14,121.26,130.18,138.68,153.94,160.65,168.12,178.06,184.01,190.34,195.58,200.69,204.56,209.75,209.47,210.06,209.01,212.26,217.22,225.50,233.81,240.63,253.54,266.27,268.78,270.30,268.93,267.25,261.00,250.84,244.91,234.62,226.27,216.07,210.23,202.77,200.17,197.02,193.13,190.14,186.43,184.55,179.78,176.07,168.25,159.38,150.84,142.43,128.04
48.27,57.27,63.63,68.36,72.18,80.41,83.26,91.05,95.00,98.68,101.65,103.97,109.66,113.46,116.83,117.52,123.44,124.28,125.77,128.84,138.42,145.67,152.61,159.55,166.01,173.05,178.94,179.81,182.41,183.31,183.99,178.23,178.10,169.92,166.68,161.07,155.67,150.28,148.68,148.07,146.10,141.65,141.42,140.69,139.79,140.29,136.97,128.16,123.02,114.04,108.50,97.42
72.11,80.65,88.53,96.61,105.12,113.89,121.92,135.94,142.62,150.66,159.26,167.44,174.35,179.77,186.68,190.59,194.37,197.16,198.76,197.70,198.60,202.31,208.60,217.49,224.59,232.95,246.76,248.52,251.64,249.03,246.66,242.62,231.81,228.11,219.49,212.85,205.87,201.36,196.54,191.67,188.56,186.36,181.47,178.08,176.26,173.25,169.05,160.65,154.56,145.34,135.91,121.49
84.15,93.54,104.48,112.06,123.63,133.99,143.39,157.17,167.91,175.80,188.32,197.50,205.10,210.07,215.72,221.82,226.37,226.37,232.12,226.61,224.59,226.31,233.85,243.35,251.11,264.43,277.20,276.01,280.93,282.91,277.61,273.85,259.33,260.05,248.21,239.46,231.03,225.16,222.00,216.33,215.37,208.27,207.95,203.04,200.93,194.16,192.96,185.24,177.02,167.29,154.25,140.22
84.17,92.42,103.60,110.48,122.15,131.67,142.14,157.03,166.63,174.69,186.63,195.02,203.42,209.78,216.09,220.84,224.44,226.24,227.66,224.40,221.05,226.55,231.46,238.29,248.24,261.77,274.24,275.75,278.47,279.63,273.54,266.37,258.55,257.03,245.20,238.30,229.33,224.85,219.54,212.08,213.18,209.25,205.60,202.07,200.44,196.24,192.27,182.54,175.35,166.03,155.13,139.01
80.02,90.82,100.12,109.64,119.05,130.92,139.61,154.02,164.62,175.35,185.83,196.73,204.40,209.06,217.50,223.52,224.29,227.80,231.14,226.90,222.32,225.80,229.92,235.29,246.81,255.84,271.56,271.27,273.31,276.22,271.05,265.65,256.74,256.96,247.21,238.37,232.00,226.93,223.44,216.01,215.06,212.35,207.33,203.74,199.83,195.97,196.00,184.25,176.78,165.30,156.39,140.36
79.25,89.89,99.05,106.57,118.70,128.63,137.48,155.65,165.61,175.56,186.08,196.98,206.16,211.77,217.38,223.18,227.18,229.26,230.26,226.42,223.44,225.50,230.71,234.98,241.83,251.70,267.80,268.63,271.07,271.43,269.60,263.76,255.20,251.20,244.52,236.78,229.92,223.33,219.72,217.25,212.06,209.76,206.37,203.04,200.86,197.12,192.85,183.92,175.11,165.60,154.55,137.61
81.27,92.20,101.21,111.16,122.58,132.08,141.82,158.05,169.01,179.40,189.53,201.85,208.78,217.31,221.63,227.62,231.39,231.91,233.21,229.71,226.45,228.97,234.20,239.30,246.87,256.74,272.68,271.77,277.32,275.19,275.19,269.12,261.88,256.76,249.18,241.66,234.36,228.71,224.83,221.40,218.89,216.08,210.72,207.76,205.60,202.01,197.97,189.28,180.97,168.58,157.65,140.80
80.65,92.14,101.24,111.02,120.42,131.19,141.38,157.62,168.67,178.76,190.52,200.86,209.33,215.57,221.46,226.36,230.85,231.90,231.57,229.16,226.27,229.08,231.68,237.47,244.29,253.55,269.56,270.68,274.31,271.81,271.60,265.80,259.56,253.41,247.49,240.71,232.23,226.97,221.72,221.14,216.07,213.93,208.54,206.55,203.96,200.44,196.62,187.66,178.83,168.40,157.15,140.29
80.16,90.14,99.69,108.19,118.70,129.47,139.78,155.35,166.90,176.23,188.29,198.41,207.55,213.49,219.70,224.08,228.69,228.65,229.12,226.14,221.60,224.50,228.48,233.03,241.12,250.60,265.85,266.37,271.12,270.21,268.29,262.38,255.64,250.92,243.99,237.65,229.94,224.88,219.11,217.28,214.62,210.24,206.89,203.89,201.36,197.22,193.15,185.54,176.60,165.34,154.30,138.60
81.84,94.89,107.20,117.39,129.32,140.43,153.33,171.86,183.70,196.02,208.78,218.59,227.53,233.55,239.71,243.58,246.26,246.03,247.41,245.20,238.56,242.33,243.99,245.22,251.03,262.02,272.47,275.77,278.71,281.62,279.33,275.62,270.09,267.07,259.42,249.30,243.77,238.16,235.05,229.10,227.85,223.39,219.43,215.24,215.10,213.60,207.54,199.90,186.51,179.29,165.70,148.56
69.12,79.88,89.02,99.02,109.00,120.81,131.65,151.11,160.61,172.41,184.62,194.59,202.67,209.34,215.54,218.90,223.14,224.88,227.18,225.66,224.01,226.50,229.17,231.90,234.78,240.01,248.81,250.34,252.77,252.51,250.78,246.27,238.72,235.55,227.72,221.38,213.62,208.89,203.25,201.25,198.31,196.01,192.20,190.44,189.21,188.90,185.07,177.42,170.29,160.58,148.66,133.45
42.58,49.65,55.57,61.40,68.95,76.37,82.54,95.19,101.55,109.90,118.27,125.90,129.97,133.36,140.00,143.56,149.05,149.48,152.30,153.58,158.04,162.79,174.04,181.55,179.91,183.18,188.22,187.63,184.44,182.79,177.72,173.14,163.62,159.81,151.35,146.05,139.71,135.76,131.47,130.00,129.47,127.31,125.94,125.20,122.98,121.84,122.81,116.40,112.26,106.17,97.10,87.71
73.17,83.77,93.09,104.45,115.32,127.66,139.53,159.71,172.03,183.21,193.20,203.30,211.51,218.19,224.98,228.04,233.57,235.34,234.20,232.17,229.26,233.42,236.18,241.20,246.91,254.63,268.78,269.61,274.91,275.57,271.46,266.51,257.12,251.01,238.47,230.41,222.50,214.84,210.01,205.87,203.00,199.98,198.22,198.43,196.85,198.65,191.27,183.66,174.92,161.06,151.33,134.08
70.52,82.07,91.71,102.24,112.89,126.21,137.01,158.46,168.62,180.62,190.54,198.58,206.16,212.85,219.18,222.65,225.66,224.40,223.65,221.62,217.08,221.23,225.52,231.40,240.67,251.29,269.76,274.33,279.72,280.63,281.82,278.12,267.64,264.14,251.05,243.31,233.69,225.66,220.06,216.18,213.93,209.31,205.62,204.28,203.59,202.20,198.95,189.62,178.89,167.11,154.03,137.64
69.46,80.45,90.03,99.98,110.79,124.20,135.42,155.59,166.60,175.84,188.51,196.01,204.55,209.90,216.34,219.10,222.87,221.96,222.27,217.68,214.93,218.94,223.04,231.25,238.05,249.39,268.27,273.72,278.82,279.89,280.64,277.72,267.98,262.01,251.64,242.61,231.04,224.89,218.72,215.26,213.02,210.01,206.94,205.14,204.27,201.56,195.97,187.62,177.41,166.48,154.26,137.61
69.86,80.81,89.05,99.57,111.00,123.47,134.72,154.87,166.24,175.86,186.95,196.22,204.22,210.52,215.37,218.91,221.18,221.78,220.27,217.75,214.60,218.28,223.59,231.23,239.01,250.55,268.48,273.31,279.69,280.24,280.86,276.86,269.01,262.08,251.25,242.39,232.28,225.55,219.28,216.27,213.55,209.70,206.01,205.00,203.73,201.16,196.79,188.09,177.88,165.39,154.03,138.20
72.42,83.63,93.04,103.39,114.18,126.04,137.38,155.36,165.50,175.41,185.59,194.93,202.05,207.42,212.40,215.64,218.34,218.01,217.59,213.85,212.29,216.92,221.73,229.20,237.54,249.62,269.07,274.17,280.98,283.37,283.56,280.79,274.20,268.31,258.45,250.67,240.71,233.04,229.01,225.73,223.08,220.91,218.49,215.06,214.22,211.38,205.55,196.15,186.29,173.76,161.64,144.42
51.87,60.01,65.86,73.06,79.10,88.14,93.86,106.25,114.63,120.30,127.49,131.59,138.97,139.78,144.17,146.11,145.80,146.12,144.59,140.09,139.78,143.22,147.22,151.60,157.50,165.89,179.54,183.24,187.11,191.86,190.71,193.00,189.36,187.00,177.37,172.54,165.41,161.79,157.47,157.00,155.82,155.68,153.65,153.12,154.92,156.08,152.82,147.33,136.31,130.18,121.60,106.10
74.33,86.12,95.35,105.59,115.97,127.48,137.87,155.35,166.24,174.47,184.98,192.59,200.32,205.38,211.01,213.94,215.13,216.15,214.18,210.60,209.68,213.41,218.52,228.04,236.41,247.08,266.81,273.20,279.49,282.03,283.19,281.44,273.47,267.59,257.29,249.06,241.23,233.64,229.47,225.14,225.25,221.06,217.28,216.51,215.45,213.41,208.40,198.21,187.48,176.08,163.13,145.65
74.81,85.62,94.05,104.40,115.43,127.04,136.82,154.93,164.47,174.03,184.72,192.88,200.34,205.54,210.24,213.28,213.28,215.56,213.43,210.68,207.62,213.17,217.14,226.38,235.01,245.54,265.93,271.01,277.80,280.92,280.02,276.88,270.28,266.22,254.12,246.29,237.32,232.36,228.74,224.59,220.84,218.89,215.60,213.32,212.68,210.01,205.63,196.04,185.52,173.24,160.63,144.22
73.79,86.15,94.58,104.64,114.83,126.38,136.03,155.80,164.51,174.20,184.32,192.77,199.72,205.41,210.15,213.38,214.22,212.92,212.28,209.46,207.64,210.58,217.15,225.42,235.21,246.05,264.85,271.03,276.87,281.46,281.06,278.46,271.74,265.14,255.77,248.34,238.38,231.95,226.38,224.04,221.71,217.59,216.06,213.24,212.25,209.91,204.19,196.54,185.88,172.54,160.90,143.38
70.18,81.91,90.14,100.65,110.48,121.59,132.00,148.66,157.69,166.90,178.10,185.07,190.94,195.48,201.19,203.86,205.18,203.00,201.31,198.60,195.54,200.26,204.92,213.47,220.72,232.85,251.44,257.67,264.07,266.01,267.51,265.71,258.31,253.05,243.77,235.47,226.52,220.33,215.36,212.56,211.85,206.90,204.46,203.21,201.19,199.84,196.09,185.55,176.40,164.45,152.62,137.38
73.82,85.76,94.18,103.08,113.64,123.17,133.72,148.53,157.54,165.75,175.32,183.93,189.19,194.33,196.79,199.82,199.61,198.31,195.06,191.46,185.15,187.42,191.13,195.82,202.04,210.06,227.19,231.25,236.37,239.84,241.32,236.38,229.92,228.37,217.35,209.30,201.59,195.62,191.80,188.41,184.32,184.62,179.82,180.35,178.37,178.97,174.05,167.76,158.40,148.45,138.44,122.98
74.04,85.80,95.19,102.96,112.75,124.39,133.12,149.46,157.69,168.24,177.23,184.89,191.44,194.92,199.02,199.49,201.61,198.67,196.96,192.28,185.69,186.68,189.91,195.21,198.57,207.97,223.79,228.01,232.49,236.44,236.65,233.64,228.25,223.52,214.67,207.04,198.76,193.30,186.81,185.81,183.53,181.46,178.10,177.05,176.65,176.78,172.56,165.05,155.39,147.05,136.78,121.67
43.60,52.50,58.46,63.64,69.38,75.69,83.44,86.13,89.87,96.32,102.14,102.65,101.98,100.90,97.95,93.90,92.20,86.82,82.02,77.52,71.25,72.01,74.04,74.95,77.20,81.02,90.80,90.67,93.09,97.08,95.34,91.97,90.24,84.29,78.55,74.43,71.56,70.24,68.00,66.73,66.65,67.12,67.20,67.78,68.66,70.41,67.42,64.64,58.00,53.01,50.60,42.72
82.20,95.13,102.59,112.29,123.84,135.65,145.00,160.86,170.89,179.12,190.76,198.41,205.78,210.79,212.40,215.68,216.93,214.22,210.54,207.46,199.90,202.42,205.55,208.87,214.67,224.50,240.17,244.64,250.58,254.61,255.67,250.06,246.95,241.97,232.67,225.42,218.21,208.87,206.83,203.97,200.49,198.12,195.00,195.29,193.64,194.79,189.25,180.85,170.66,160.85,149.40,133.84
82.46,93.47,102.96,111.83,123.71,135.21,144.52,161.93,171.14,180.23,189.68,197.67,204.48,209.40,213.03,214.57,217.45,214.67,210.83,207.17,198.96,200.73,203.74,208.40,213.86,222.04,238.65,243.99,250.68,252.51,253.21,250.19,245.72,241.54,229.84,223.16,215.82,208.69,203.63,203.40,200.28,197.65,194.59,194.52,190.92,194.20,187.86,180.71,170.58,159.06,147.92,133.15
81.88,91.84,100.40,109.33,119.10,129.53,137.88,152.84,161.00,169.76,177.69,185.53,193.06,197.47,201.46,205.68,208.50,208.15,208.19,205.93,203.93,206.78,211.62,219.15,225.20,235.47,256.13,262.69,270.76,275.75,276.80,275.14,269.45,267.43,259.37,254.47,244.38,240.21,235.28,234.34,231.08,227.55,222.34,220.66,217.42,216.18,211.19,200.80,190.54,179.01,165.33,150.42
82.02,93.92,101.60,111.02,120.88,131.90,139.29,154.16,162.05,170.29,180.08,186.46,194.43,199.12,202.31,205.77,209.12,209.35,209.40,208.00,206.34,210.09,214.85,221.38,227.69,239.03,257.61,265.69,272.62,276.38,277.32,276.28,273.05,269.67,261.52,255.07,247.21,241.08,238.66,235.19,233.38,229.46,226.64,222.62,220.23,218.49,212.45,201.88,192.42,180.65,169.94,151.40
93.54,109.13,119.60,129.87,141.69,153.17,162.41,176.30,183.41,191.44,201.20,207.04,212.56,216.39,219.11,221.82,221.55,219.37,218.00,214.03,206.49,208.06,208.93,212.08,216.76,226.05,241.08,247.98,260.05,267.12,273.65,274.65,278.95,277.16,273.21,267.41,260.89,257.10,253.73,252.41,250.84,247.08,242.21,242.54,237.36,233.47,225.64,215.62,203.94,191.23,177.79,160.82
82.93,94.63,103.16,113.28,122.93,132.91,140.62,153.00,159.62,166.01,173.95,181.28,186.90,190.32,195.35,196.33,199.53,198.60,198.41,197.21,198.44,202.71,206.74,213.23,217.19,226.11,239.89,244.35,253.00,258.50,261.96,263.45,263.94,263.19,255.65,250.01,243.74,237.36,234.36,231.09,228.97,224.16,219.15,215.10,212.40,208.47,201.90,193.02,181.24,170.43,159.89,144.09
78.06,87.85,96.26,105.30,113.36,122.98,131.80,144.00,150.22,157.11,165.59,172.96,178.34,184.40,188.62,192.02,194.18,195.56,194.73,196.92,197.34,203.49,207.18,213.77,218.93,226.86,240.48,244.77,253.97,257.13,262.91,263.01,265.68,262.88,257.45,253.66,246.00,240.69,235.85,231.73,228.84,225.54,220.20,216.02,213.96,206.52,200.90,190.39,180.55,169.55,158.40,142.13
76.94,87.28,94.85,105.31,114.00,123.69,130.83,143.35,150.69,157.29,166.23,174.26,180.04,184.72,189.91,193.13,196.31,198.41,199.48,198.88,200.41,206.31,211.77,218.23,223.19,230.84,244.03,248.21,257.13,262.01,266.70,265.66,268.54,267.08,260.40,253.75,247.65,240.88,235.00,233.00,229.51,225.23,219.32,215.46,213.17,207.24,200.28,189.01,180.14,168.44,157.70,142.27
74.20,83.01,90.80,99.98,108.69,118.26,127.26,142.06,150.69,158.81,169.04,177.34,182.83,186.78,190.87,194.09,198.01,199.60,202.41,201.00,203.20,207.20,211.29,215.84,219.06,224.72,235.19,236.60,242.89,244.52,249.19,248.70,249.38,248.56,241.01,239.08,235.84,229.82,227.72,228.88,225.29,224.72,219.92,217.12,214.25,210.77,205.57,195.06,185.17,173.40,161.20,142.34
72.34,83.52,90.43,98.48,107.20,117.15,126.29,140.80,148.19,156.82,166.46,173.46,181.71,186.04,189.77,194.61,197.31,200.08,200.21,198.59,202.39,207.53,209.03,215.23,217.01,223.40,233.12,237.07,241.90,244.97,246.84,249.02,247.68,246.34,241.46,238.05,232.43,228.81,226.99,226.50,224.90,223.22,217.75,216.54,213.79,209.35,203.80,195.06,184.79,172.98,160.70,143.13
72.45,81.57,89.20,98.01,106.89,116.40,125.67,139.03,149.16,156.42,164.79,173.05,182.15,186.17,188.45,194.65,195.39,198.32,200.49,199.12,201.42,205.63,207.76,213.41,216.16,222.62,233.75,234.33,240.17,242.64,244.86,246.78,246.33,245.49,239.27,236.89,231.32,228.32,225.49,225.82,222.97,221.23,218.58,215.75,214.22,207.23,202.56,193.04,184.78,170.76,159.15,142.21
136.44,151.48,161.70,173.61,186.32,199.49,208.94,227.71,235.67,244.75,254.89,261.82,271.88,276.37,280.14,282.73,280.81,278.71,275.22,270.30,256.85,253.75,253.01,251.78,248.16,244.75,246.09,237.49,230.79,220.63,209.04,197.39,176.62,166.01,153.63,145.69,137.08,132.19,129.34,127.78,127.94,127.14,128.32,132.08,134.63,140.03,139.28,133.69,129.87,125.06,117.00,106.83
120.34,134.62,146.41,157.01,167.59,179.05,188.96,205.24,211.90,219.23,227.56,233.60,239.02,239.42,243.56,244.05,245.08,245.05,240.60,236.25,229.12,227.44,229.62,228.71,230.18,230.67,229.94,225.40,221.42,214.76,210.79,202.80,191.19,183.85,173.93,166.09,157.81,151.64,147.60,144.81,144.03,144.10,145.50,149.20,153.47,160.95,159.39,156.20,149.91,142.43,133.72,122.80
127.14,141.68,151.65,163.92,176.08,187.41,199.15,215.94,222.00,230.08,238.61,245.15,250.48,253.03,256.32,257.77,256.97,258.01,253.22,247.52,239.30,239.77,240.15,240.92,240.16,242.53,239.56,236.00,233.24,227.18,220.51,214.35,201.21,194.43,185.65,176.95,166.86,159.66,154.47,153.69,152.55,153.57,154.35,158.47,162.60,171.27,169.06,165.59,158.75,151.09,143.56,129.02
132.20,147.30,158.09,171.40,184.38,197.16,208.83,225.08,233.45,240.87,251.35,256.85,263.15,265.51,268.81,270.19,270.75,269.03,264.88,258.10,250.86,249.83,251.10,250.57,251.13,254.61,251.40,247.43,244.46,238.20,232.94,225.66,212.81,204.30,195.44,186.14,176.87,169.53,164.22,162.05,162.09,161.90,164.79,168.65,172.99,181.18,180.81,175.51,170.29,160.11,152.62,138.00
113.84,127.57,136.85,147.11,158.32,170.48,179.81,195.00,202.61,209.40,216.33,221.94,228.47,231.35,234.34,236.18,237.92,236.91,234.62,230.08,223.76,223.66,221.93,221.98,220.51,222.31,218.83,213.69,210.86,206.86,202.71,197.77,189.02,185.31,177.23,170.94,164.20,159.14,155.72,154.98,153.70,154.18,154.92,158.15,161.79,166.60,166.21,160.51,153.50,145.77,137.32,125.54
97.27,106.40,114.13,120.54,126.82,135.15,143.00,153.38,158.82,165.41,172.01,176.73,181.95,184.76,188.02,190.54,192.02,191.13,194.70,189.69,185.54,183.10,183.60,183.93,183.18,185.16,181.87,179.57,174.92,171.30,172.17,167.36,162.86,159.23,150.86,144.81,140.46,135.93,134.37,133.60,133.14,133.51,135.03,137.24,142.20,147.56,148.12,144.31,139.22,131.95,125.40,112.45
123.04,137.59,148.69,160.85,174.48,186.63,198.20,213.93,222.41,228.53,237.01,245.16,251.34,251.81,256.81,258.12,258.60,258.59,255.86,250.91,242.29,240.20,238.91,237.90,236.81,237.42,233.80,229.26,227.59,224.80,221.98,217.83,213.71,210.23,204.24,198.22,192.77,187.80,185.99,186.13,186.29,187.17,188.35,191.71,194.13,199.15,198.64,192.09,184.04,173.62,164.94,148.73
89.01,101.24,111.13,121.79,132.98,144.78,153.08,167.72,174.93,183.70,192.26,200.96,210.26,216.48,219.33,223.22,220.30,221.82,217.83,215.11,209.03,210.06,212.25,220.64,227.98,238.53,256.44,260.86,267.33,273.44,275.04,274.13,271.07,265.63,255.27,251.85,244.03,236.95,234.83,228.18,227.37,224.22,222.03,220.68,220.19,225.26,219.72,210.86,202.20,191.70,178.72,164.91
63.89,74.03,84.22,93.43,103.46,116.69,125.57,144.84,156.52,166.03,176.28,189.50,198.71,207.85,213.04,217.30,208.46,201.23,187.38,175.78,156.20,152.63,148.56,154.64,164.75,176.47,208.15,216.61,224.24,226.75,229.37,226.93,222.97,215.23,207.45,203.07,196.01,188.66,191.88,187.22,185.83,185.59,182.86,183.09,179.13,181.47,174.61,172.43,164.25,159.71,148.01,135.10
84.53,97.49,106.94,118.26,130.00,142.28,152.35,169.78,179.57,187.60,198.86,208.47,217.79,220.49,225.89,229.39,228.60,227.30,224.32,217.92,205.83,203.54,202.81,203.60,204.36,213.90,222.99,226.18,232.00,235.72,236.48,238.32,237.33,239.05,229.71,225.94,220.73,217.75,217.28,217.52,216.39,217.12,215.93,215.68,217.37,220.77,218.29,211.69,203.04,192.78,184.78,166.93
31.11,35.11,36.12,42.06,46.40,51.66,54.59,67.12,74.15,81.79,89.31,93.19,100.81,104.35,109.81,110.06,114.28,116.06,113.36,110.48,105.12,100.72,93.43,91.84,89.16,92.23,98.62,99.25,104.10,105.51,109.07,111.95,114.04,115.52,115.16,113.46,111.20,109.66,112.29,113.56,115.68,116.28,116.11,118.68,120.88,129.07,130.86,128.28,127.44,120.60,115.62,107.70
86.61,98.31,108.19,120.35,130.97,142.24,152.27,169.75,176.01,185.00,195.00,206.53,212.62,219.48,223.49,228.43,229.71,228.04,226.89,223.22,215.41,214.83,217.80,219.65,225.21,231.82,244.18,245.55,250.05,251.73,251.91,253.62,251.79,250.46,243.19,235.79,232.69,226.11,223.96,221.00,222.09,217.08,216.13,214.22,216.92,215.70,212.62,204.62,196.60,188.51,176.03,159.42
86.83,98.01,108.47,118.85,130.55,141.33,152.03,168.08,176.59,183.70,196.16,205.01,211.34,217.17,222.27,224.96,227.34,226.72,225.46,221.65,215.13,214.06,215.41,219.18,222.41,230.38,242.55,243.91,249.58,249.83,250.84,250.79,250.06,247.23,242.42,236.78,229.71,226.86,222.06,220.51,219.74,217.15,214.35,213.53,213.10,214.76,211.06,203.74,195.51,185.54,175.33,158.15
87.66,100.69,110.44,121.56,132.38,144.09,154.86,169.96,178.77,187.83,198.35,206.70,214.06,219.78,225.06,228.44,228.67,229.53,229.01,224.18,217.99,218.22,218.98,221.61,226.38,233.57,245.45,247.02,251.23,253.00,253.55,253.18,252.60,250.73,244.92,239.10,231.91,229.01,225.02,223.14,221.05,220.19,217.83,217.09,216.45,217.37,213.64,206.16,198.04,189.01,178.40,160.63
87.46,100.65,111.76,124.42,136.95,149.78,160.56,178.44,189.08,198.13,208.48,219.57,227.07,235.02,241.53,244.56,247.63,246.98,243.30,239.05,229.30,227.69,229.71,232.69,237.46,246.48,259.79,261.96,266.51,269.09,266.79,265.58,261.17,259.08,251.29,244.38,236.21,231.21,225.36,223.71,220.91,218.66,215.13,214.28,214.85,214.06,210.28,203.07,195.18,184.71,175.60,157.26
88.09,101.02,109.71,121.33,133.18,146.44,156.21,173.98,182.58,193.64,203.69,212.53,221.65,225.84,233.66,236.68,236.02,236.93,234.46,232.82,224.83,223.14,225.00,229.84,235.65,244.66,261.03,264.61,268.88,271.49,271.02,271.12,266.18,263.32,255.23,247.97,243.51,237.99,234.20,232.14,230.44,226.82,223.06,221.65,222.58,222.72,219.02,212.87,202.51,193.58,180.00,162.87
94.76,109.66,119.07,132.00,143.22,154.56,162.26,174.79,181.02,186.75,196.64,202.81,209.06,213.88,216.93,218.24,218.28,217.11,212.15,206.67,197.19,195.53,196.66,202.08,206.64,215.38,233.21,239.24,247.17,253.21,257.24,259.80,263.22,261.46,258.16,254.57,250.46,247.88,245.69,244.90,245.23,245.20,240.22,240.25,240.25,238.38,234.10,226.15,215.03,203.30,190.88,171.74
79.76,91.55,99.30,108.23,117.88,128.41,137.44,151.00,159.10,166.01,176.01,185.00,194.06,200.28,205.30,207.80,213.17,215.11,216.48,214.03,212.61,215.36,217.81,224.18,228.76,236.43,249.72,253.86,258.90,260.77,262.27,261.66,257.56,254.70,248.97,241.28,235.77,230.79,225.06,224.64,221.65,218.98,214.01,212.20,210.22,206.78,202.08,194.99,185.07,176.05,165.19,148.76
34.21,40.31,42.54,47.01,52.00,54.56,60.17,67.68,69.64,73.33,75.89,80.66,85.62,89.05,90.79,91.83,96.77,98.66,99.86,99.57,103.25,106.89,111.87,119.89,122.53,131.06,146.37,153.06,161.07,166.48,170.14,167.50,161.55,157.05,153.45,147.53,141.69,136.40,133.69,129.62,128.06,124.89,123.11,122.43,124.04,123.33,119.47,115.73,107.86,102.83,95.75,85.01
79.51,90.55,98.84,109.90,118.97,128.00,137.38,151.65,160.33,167.63,179.32,187.00,196.09,202.43,209.40,212.96,215.39,216.71,218.65,217.85,214.39,215.08,216.75,221.42,228.00,235.76,247.59,251.00,254.95,255.89,256.74,254.20,249.88,247.42,238.21,232.31,226.28,220.34,219.24,214.67,210.62,206.90,201.42,199.92,200.00,196.31,193.15,182.02,173.54,164.88,155.24,140.00
86.98,98.08,105.44,117.05,127.12,137.32,145.83,159.33,170.11,176.46,187.61,192.82,203.74,208.63,216.01,221.33,223.65,226.86,226.72,226.85,222.50,226.93,229.58,234.39,237.47,246.95,259.36,264.09,266.18,267.62,268.92,266.60,262.55,259.42,250.99,242.96,239.40,233.11,231.64,225.04,221.77,216.71,214.28,209.09,210.00,206.25,199.42,191.37,183.70,173.37,163.32,147.80
66.10,74.24,82.76,93.35,101.64,111.16,120.21,132.85,141.40,147.67,157.18,164.27,170.67,176.40,182.16,187.07,190.14,189.97,193.21,193.00,188.83,192.09,194.47,197.20,203.42,211.21,225.38,230.64,233.31,237.74,238.37,238.67,236.48,236.93,229.33,224.32,219.43,216.37,214.08,212.23,206.31,202.79,199.38,196.13,196.47,191.97,189.01,180.02,174.26,163.84,151.99,139.71
67.91,78.85,87.01,95.52,105.93,116.21,124.20,138.92,148.68,156.98,169.03,172.53,182.46,190.08,197.99,202.08,202.09,204.36,208.04,208.93,205.01,207.93,209.66,214.79,220.13,230.59,242.33,251.21,254.65,257.51,261.02,261.64,259.65,256.33,249.93,243.30,239.74,235.68,234.45,226.81,223.83,219.40,218.40,214.60,213.94,210.12,206.53,196.16,186.20,178.10,166.98,153.64
66.27,77.10,86.27,95.90,103.59,113.23,122.64,136.69,144.84,153.94,162.27,168.96,178.89,183.31,190.54,195.02,196.87,198.91,200.57,200.73,197.09,200.20,202.47,207.24,213.10,223.23,236.09,241.03,245.05,250.84,251.25,252.79,251.64,249.61,241.30,236.81,234.76,228.08,227.11,223.99,220.53,214.97,212.27,211.07,211.23,207.00,201.80,194.13,183.85,175.41,163.02,150.00
71.85,84.05,90.74,98.62,111.68,123.07,131.53,143.89,155.05,162.39,171.84,182.17,190.00,195.86,203.04,207.93,211.12,209.95,215.13,213.04,211.01,213.36,216.69,220.06,226.61,233.50,250.05,255.98,259.47,263.76,266.65,267.81,266.92,266.07,255.62,249.01,247.34,243.53,241.66,235.61,231.91,229.92,225.22,221.71,221.90,219.24,215.26,206.62,195.44,186.17,176.20,159.08
74.95,83.95,91.40,100.18,112.36,122.70,130.97,144.01,153.77,162.63,172.24,180.47,189.11,196.99,202.24,208.87,211.97,211.15,215.08,214.36,210.34,212.76,217.25,220.17,226.29,236.45,249.32,254.20,259.79,264.46,266.79,268.26,265.24,265.86,258.21,251.54,247.70,243.29,240.83,235.85,235.03,230.83,227.80,223.71,223.50,220.87,216.93,206.40,195.60,186.30,176.01,159.25
69.18,79.71,86.45,95.21,106.92,115.76,123.98,136.57,146.82,154.18,161.79,169.32,177.63,184.88,189.08,194.28,195.65,200.03,201.22,201.56,198.07,200.23,202.89,208.06,213.44,220.78,235.51,239.26,243.66,249.21,251.24,252.29,250.05,250.44,242.19,235.58,233.60,229.09,226.59,223.16,221.16,218.33,214.01,210.95,210.24,206.69,204.09,197.04,186.56,177.12,163.25,151.22
74.01,83.26,93.35,103.46,113.07,123.57,132.25,149.16,157.17,166.48,175.11,184.18,192.50,199.02,205.77,213.34,215.24,218.51,221.65,221.92,214.85,217.35,222.01,224.06,232.42,242.74,258.49,260.99,266.19,271.02,270.97,269.41,265.91,264.12,254.52,247.63,243.26,237.61,232.69,227.44,226.60,219.54,216.45,210.62,209.42,204.02,202.54,193.71,182.12,175.23,162.15,145.84
77.49,90.55,99.01,110.02,121.74,132.97,140.58,158.09,166.88,176.08,184.27,192.27,201.02,210.98,216.53,224.20,228.83,229.39,229.26,227.56,215.84,215.84,213.81,215.37,217.15,224.56,233.56,235.98,242.29,246.34,247.43,246.63,247.25,247.52,239.24,235.55,227.66,225.28,221.82,218.36,217.42,213.32,211.05,208.47,206.93,204.41,198.81,192.38,186.08,177.63,166.78,148.95
79.65,90.09,99.16,108.93,121.26,134.09,141.85,158.83,168.01,174.38,185.31,194.16,202.56,210.05,218.49,225.02,229.68,230.06,230.02,228.95,218.66,217.18,214.31,216.06,217.83,224.01,233.02,236.24,244.95,245.67,247.78,247.52,248.23,247.80,238.80,234.21,229.92,225.89,222.83,220.19,217.15,213.02,211.07,208.08,206.53,206.46,199.18,192.75,186.68,178.21,166.68,150.55
72.45,84.02,91.21,103.25,117.14,127.41,136.12,150.88,160.03,170.43,178.06,185.93,195.26,200.50,207.35,214.44,216.39,216.67,217.59,218.13,210.24,210.24,208.48,211.06,213.93,221.84,233.26,236.54,244.99,247.82,249.30,250.74,253.15,249.61,242.32,239.83,236.33,231.81,228.88,224.36,221.23,216.91,214.98,210.28,209.77,207.14,204.02,193.26,186.17,177.00,164.61,150.69
33.54,39.29,42.64,49.65,57.01,63.32,65.76,76.06,74.69,82.07,84.15,90.02,92.85,96.88,98.49,103.08,106.89,109.34,110.02,107.20,106.47,108.93,107.90,109.79,112.29,119.60,128.46,135.72,144.09,142.86,150.03,150.42,151.43,149.47,144.89,138.97,136.18,130.87,132.52,129.00,126.65,123.91,123.88,124.40,122.41,126.78,126.70,122.33,118.21,114.63,100.88,94.76
79.31,92.36,99.76,112.40,122.02,136.31,145.67,162.05,173.25,181.07,193.65,201.49,211.01,219.74,226.24,231.95,233.83,234.40,234.39,237.12,226.77,230.52,231.19,235.30,238.48,246.81,255.99,258.72,265.41,266.24,273.21,270.95,266.72,262.55,253.57,253.14,246.42,241.01,238.72,232.44,230.49,226.24,224.02,219.34,218.25,217.31,209.61,202.63,193.10,185.32,173.07,157.43
79.38,91.44,103.35,113.14,124.54,137.71,147.63,167.15,175.28,185.07,196.40,204.92,215.02,222.64,227.62,232.17,237.36,237.13,236.58,234.20,227.18,228.37,229.43,233.63,237.19,244.27,256.25,258.85,264.70,266.60,269.00,267.23,265.11,264.03,258.57,251.29,245.38,239.93,234.89,233.02,230.64,227.44,223.33,220.62,219.21,217.46,212.20,203.33,193.58,184.13,173.46,154.99
72.84,84.05,94.89,105.23,115.88,127.29,137.64,154.77,163.52,172.80,183.21,192.13,201.02,206.90,213.06,216.36,221.06,221.64,221.82,219.39,215.24,217.19,220.41,226.05,231.23,239.64,251.72,254.56,259.33,260.28,261.02,259.28,256.76,253.78,248.34,242.25,235.72,230.01,225.21,223.33,220.49,218.11,213.51,212.29,208.94,207.37,203.09,193.87,184.55,174.45,162.61,147.14
79.62,93.51,103.12,114.02,125.54,137.30,149.41,165.13,174.93,184.29,196.85,204.48,213.19,221.61,226.81,231.49,235.01,235.91,236.45,235.67,229.97,230.96,232.48,237.54,242.70,249.16,258.37,260.40,264.19,264.66,265.95,265.29,260.86,258.54,251.06,248.11,239.27,235.48,232.70,228.95,225.04,220.88,218.66,216.01,214.09,213.19,208.20,198.17,190.28,179.63,167.11,151.73
72.84,85.09,92.14,103.37,114.59,124.79,133.02,150.01,158.32,168.08,178.54,184.72,192.00,197.41,206.41,208.25,211.48,213.78,214.70,212.98,207.91,209.02,211.25,214.00,215.64,226.77,235.78,235.65,238.38,243.35,239.63,240.61,237.41,234.92,229.79,222.80,217.96,214.98,211.36,205.76,203.89,201.04,194.47,194.10,194.61,190.66,184.66,179.82,169.50,161.81,150.08,136.86
73.59,85.62,95.02,106.51,118.19,128.08,136.13,153.64,162.93,171.03,181.24,188.18,198.12,201.99,208.39,213.00,216.98,217.30,218.98,215.65,213.32,216.32,218.00,223.30,228.01,237.07,249.00,251.44,255.22,257.53,258.21,255.28,252.80,250.15,244.07,237.86,231.46,225.26,222.65,218.83,216.09,212.87,207.47,205.12,202.71,199.61,194.20,187.27,177.49,167.80,155.66,140.94
80.62,91.42,99.86,112.29,124.04,135.20,147.43,162.89,174.41,181.84,195.07,202.36,209.48,217.25,220.59,226.59,227.61,228.53,232.67,233.90,226.97,228.12,233.24,237.77,241.98,251.59,263.37,267.85,270.38,273.13,272.15,270.80,269.90,264.76,256.35,250.32,245.08,241.17,236.60,229.87,227.71,223.22,218.66,216.21,212.51,211.90,207.00,196.29,185.00,175.07,166.03,149.05
28.84,32.56,35.90,38.83,41.05,43.17,45.28,45.28,45.18,43.93,43.10,44.01,43.60,44.20,43.46,41.59,40.05,39.29,38.47,36.88,42.06,42.95,44.05,43.97,41.18,39.70,36.89,39.82,45.31,50.99,57.04,63.57,68.01,72.80,75.17,78.64,80.95,82.07,85.23,87.56,90.20,92.11,93.09,93.81,93.17,94.43,89.81,88.24,85.05,81.60,75.07,68.88
77.06,90.14,98.60,107.42,120.21,132.98,139.28,157.19,168.24,177.92,190.51,196.60,207.10,216.02,221.07,226.91,231.20,231.00,236.32,232.86,226.83,230.24,230.00,234.65,239.47,245.96,257.97,264.59,267.59,270.19,272.15,271.04,268.91,265.75,256.90,250.80,245.25,243.67,238.08,235.93,232.57,229.51,223.89,217.41,219.21,217.04,205.16,198.64,191.18,183.17,173.81,156.71
34.53,38.08,41.05,44.41,48.51,52.35,52.77,52.77,52.77,53.24,52.55,52.01,52.20,50.33,48.37,47.38,43.66,43.27,42.43,39.41,42.45,44.01,42.76,42.72,41.05,38.18,35.23,38.08,44.28,51.92,58.01,64.54,72.14,74.43,78.59,82.01,84.20,86.09,89.87,93.48,95.71,98.51,98.09,98.60,99.64,101.40,97.58,94.07,89.00,85.38,80.36,74.65
71.06,82.54,92.31,102.22,111.80,121.49,132.00,148.65,158.62,165.89,177.55,186.17,194.29,200.16,206.89,213.81,216.11,219.54,223.00,220.60,216.42,218.81,221.58,225.89,230.93,240.47,253.29,257.85,263.43,263.50,264.61,263.10,260.05,257.56,251.33,244.92,239.26,232.40,227.79,224.88,219.74,215.23,210.58,208.29,205.06,201.40,196.65,187.52,178.77,169.81,159.15,143.57
76.16,87.01,97.14,107.06,118.60,129.55,139.26,156.63,167.87,175.14,187.64,195.56,205.42,212.26,219.18,225.25,228.97,232.07,234.83,233.48,228.86,230.79,233.77,238.03,245.46,253.66,267.07,272.81,279.03,280.13,280.19,278.36,276.88,272.21,264.78,257.58,253.31,246.45,242.07,238.12,233.00,226.93,223.65,218.11,217.01,213.60,208.93,200.36,189.19,179.45,168.60,151.92
74.67,85.73,94.81,104.10,116.10,126.59,136.57,152.16,162.03,171.41,181.40,191.65,198.40,206.78,212.05,217.79,221.37,224.88,226.56,223.65,219.94,222.17,225.08,228.53,234.04,242.05,258.05,261.81,266.25,269.83,271.02,268.57,267.35,264.66,257.66,253.95,246.05,239.63,237.70,233.69,231.10,225.72,221.21,217.17,215.06,211.77,205.34,196.60,187.68,178.08,165.15,149.89
70.11,80.65,87.78,98.49,107.52,116.71,125.10,141.48,149.57,157.44,168.30,174.47,183.61,188.74,195.30,199.83,205.19,206.62,208.66,207.82,203.35,206.29,210.01,212.85,220.08,227.09,240.47,244.57,246.88,251.54,251.02,250.06,249.05,247.33,239.38,235.36,229.99,224.80,221.11,217.72,215.19,210.95,206.30,202.56,200.82,198.81,194.26,185.22,173.37,165.75,154.55,141.21
67.42,78.41,88.54,100.57,111.23,121.10,128.41,145.52,153.58,160.52,170.41,178.31,188.66,195.00,201.01,205.98,207.88,211.63,212.73,213.03,206.74,210.85,212.70,218.84,222.28,230.50,245.20,246.53,252.66,256.94,255.49,254.03,250.23,250.27,242.22,236.75,230.59,223.81,221.21,219.00,214.85,210.72,206.16,203.01,202.62,197.23,192.75,183.93,175.41,166.88,156.63,139.86
67.27,77.37,89.14,100.18,111.45,120.54,130.10,146.41,154.03,161.40,170.34,178.75,190.00,194.93,201.64,207.17,210.64,212.46,215.03,214.22,210.42,212.13,214.46,219.11,223.90,233.08,246.91,250.16,254.89,256.22,256.77,255.83,252.42,250.38,244.09,237.36,231.68,226.26,221.47,217.83,215.70,210.72,206.71,204.29,202.76,197.70,193.35,185.70,177.19,166.97,156.73,140.66
28.32,32.31,36.06,40.71,45.22,50.49,53.45,60.75,66.27,69.97,74.89,79.91,83.93,87.21,92.31,96.08,101.60,102.80,107.49,109.84,114.98,120.54,126.59,134.24,139.56,142.69,152.20,154.74,158.27,160.22,162.19,160.52,156.85,154.18,150.42,145.33,140.51,136.40,136.03,132.52,130.38,127.53,126.02,124.74,125.51,125.10,122.18,117.48,111.61,104.71,98.18,87.32
75.29,86.93,96.02,106.02,117.80,128.58,137.61,154.49,165.22,173.92,184.84,194.36,201.68,207.48,214.87,221.89,221.08,226.37,228.53,228.09,223.18,227.04,228.66,232.64,238.89,247.54,257.97,265.33,271.49,272.96,276.24,274.07,273.31,270.30,261.82,256.83,252.83,247.23,242.64,235.03,233.23,230.56,224.02,220.18,221.65,216.79,212.19,202.39,191.44,181.60,170.05,155.26
72.72,83.95,96.75,105.10,116.69,127.24,137.30,153.94,164.30,173.69,185.07,192.63,202.41,210.30,215.24,222.44,226.93,226.15,230.34,229.00,225.74,227.67,231.21,236.58,241.18,252.62,264.70,268.97,275.06,276.52,278.60,275.28,273.63,270.50,262.62,256.27,250.40,244.57,241.35,235.94,233.00,228.01,223.81,220.42,217.88,215.87,210.49,200.90,190.52,179.12,168.34,150.66
69.12,80.71,89.63,100.69,110.29,120.30,129.42,146.87,155.98,164.51,175.07,183.11,191.01,198.31,205.38,210.26,214.76,216.23,217.79,218.55,214.09,217.37,220.23,224.06,229.02,238.05,252.92,256.09,260.97,262.98,262.77,261.16,258.37,256.70,249.65,244.17,237.61,231.98,226.81,223.83,220.20,216.11,211.15,208.97,206.39,204.02,199.25,190.88,181.40,170.21,160.45,144.90
69.38,79.23,90.38,99.70,110.98,120.15,129.69,147.30,156.73,164.44,176.08,183.31,191.47,198.98,205.14,211.47,215.06,216.00,218.04,218.00,214.25,216.93,222.04,225.89,231.26,237.92,252.45,256.63,261.19,263.82,263.14,261.18,259.85,255.52,249.62,243.66,237.26,230.37,228.47,223.34,219.46,214.67,211.12,208.52,206.94,203.71,198.73,188.96,179.90,169.45,159.40,144.59
81.06,91.44,101.00,112.68,123.22,134.77,144.42,159.83,172.15,181.04,191.64,201.02,208.90,215.62,220.54,226.42,229.08,229.17,233.26,230.42,225.57,225.18,228.04,232.00,237.39,246.10,257.77,262.93,268.88,271.22,271.94,273.79,273.06,270.60,265.05,258.44,254.50,251.44,248.57,241.25,239.52,236.12,230.42,226.60,226.46,223.81,216.39,208.89,197.74,187.62,177.34,158.76
77.88,91.22,99.30,111.52,122.38,133.96,143.69,159.05,170.04,180.85,189.62,196.84,204.48,215.59,219.66,226.43,226.43,228.12,229.14,230.41,222.32,222.85,223.16,228.78,232.50,239.42,253.62,255.93,262.43,264.46,268.40,267.26,266.37,265.86,255.19,250.83,248.49,242.40,242.72,235.64,234.64,230.49,227.20,221.78,224.20,220.23,215.80,204.40,195.58,185.33,172.39,157.29
30.48,35.17,38.33,42.72,45.49,47.68,48.05,49.41,49.34,49.04,47.76,49.04,48.55,47.54,46.04,43.08,40.61,40.00,37.70,35.36,37.64,36.62,36.07,34.89,32.76,31.02,28.44,32.28,37.58,45.00,52.63,59.81,65.79,71.06,73.25,77.13,79.40,80.62,83.55,87.71,90.61,91.41,91.92,92.31,93.61,95.27,89.94,87.92,85.29,81.41,74.81,68.88
71.11,83.24,93.72,105.00,115.16,129.71,136.24,154.55,164.60,171.96,181.52,188.52,197.67,205.24,210.30,215.59,218.26,216.93,222.39,221.01,216.91,218.52,219.61,221.61,227.65,235.34,247.10,252.01,256.91,259.82,262.64,262.19,262.03,260.45,251.37,246.59,243.58,239.94,238.37,231.46,230.93,226.81,223.99,218.16,218.34,215.41,209.10,199.49,189.64,178.33,166.98,152.07
74.17,86.98,96.26,107.30,119.62,130.06,137.88,154.62,166.38,174.10,184.38,192.43,200.81,206.16,211.46,217.83,222.27,221.96,223.65,222.02,216.45,217.75,222.08,224.62,229.08,238.30,250.00,252.61,255.23,262.19,264.09,264.47,262.65,261.96,253.07,248.28,243.24,242.17,237.93,234.44,232.50,227.27,226.38,221.65,219.26,217.11,211.21,201.82,192.59,182.02,169.85,155.32
73.16,86.98,96.18,107.79,119.11,130.60,138.06,155.33,165.02,173.10,182.88,190.39,199.06,204.90,211.87,217.23,218.41,219.21,222.75,222.52,215.26,216.62,218.01,222.05,226.77,235.85,245.65,251.25,254.28,258.24,260.53,262.13,260.65,257.50,250.42,246.06,241.40,240.05,238.21,232.77,228.37,227.00,222.28,219.57,218.69,213.78,210.12,201.32,190.71,180.04,168.75,155.05
73.41,86.35,95.63,107.00,116.82,128.63,138.18,155.00,162.83,171.82,181.84,189.17,196.81,204.53,210.05,216.06,216.93,217.35,222.00,219.49,213.04,215.57,217.60,219.06,226.01,233.19,243.56,249.10,255.64,257.85,258.44,259.47,258.86,257.66,251.18,246.34,244.48,239.89,237.29,233.77,230.77,226.23,223.57,220.44,218.98,215.68,210.30,200.81,191.21,181.21,169.31,154.83
70.71,83.22,89.36,100.98,111.68,122.29,133.30,148.31,158.70,166.44,178.28,183.77,192.00,202.27,208.09,214.89,217.14,217.08,221.38,224.54,218.60,220.74,222.91,226.37,231.78,240.24,256.04,258.12,262.36,265.23,266.09,265.99,264.25,258.50,250.84,244.83,241.92,238.74,235.44,228.09,223.61,223.22,218.02,214.85,212.15,208.41,204.62,195.69,186.14,173.98,164.45,149.91
75.80,86.40,97.13,108.85,119.81,130.92,139.98,156.02,167.74,175.57,186.90,194.00,202.48,208.90,214.20,221.71,223.11,226.81,227.07,226.29,219.70,221.71,223.40,227.14,231.02,236.60,250.12,255.41,261.82,264.91,267.08,265.75,265.14,263.09,256.69,251.94,247.25,243.17,241.32,234.67,234.08,231.29,226.38,221.65,219.82,216.40,211.51,202.99,193.19,181.97,170.94,156.92
75.59,88.81,97.86,108.30,118.93,129.77,140.43,156.25,168.24,176.78,185.78,194.81,201.93,209.69,213.64,222.09,222.25,225.74,227.71,225.14,220.91,219.45,224.41,227.77,230.85,241.05,251.19,255.72,259.22,263.69,264.32,265.51,265.63,264.09,256.18,250.06,244.97,243.10,240.60,235.60,234.20,230.43,223.65,222.28,219.00,216.91,212.94,203.90,192.57,181.47,169.86,154.94
75.58,87.21,96.25,106.04,117.39,128.76,139.62,155.08,166.42,173.99,185.87,192.72,200.85,209.51,215.10,223.39,221.40,224.72,227.13,227.85,220.10,219.62,224.08,227.88,232.36,240.21,253.41,256.16,261.55,264.68,266.48,266.61,267.35,265.33,256.32,252.24,248.57,246.61,244.52,236.00,235.85,230.95,228.08,223.90,222.69,216.60,214.84,204.48,194.10,184.39,172.80,156.35
